,0,1,2
1267,Ohio,Licking,-163027.5323086272
12,Alabama,Clarke,-63266.086090140685
1608,Texas,Frio,-25164.864688499634
532,Illinois,Madison,-358268.4769343436
918,Missouri,Caldwell,-1318688.6388673414
111,Arkansas,Independence,-38874.11298209923
1615,Texas,Gray,-53903.59578003086
379,Georgia,Miller,-463185.38745370787
602,Iowa,Davis,-3536638.863855047
1346,Oklahoma,Kay,-4013.4252649596892
1598,Texas,Erath,-157882.4244351053
21,Alabama,Cullman,-6017.940690492426
1179,North Carolina,Madison,-578281.1990568314
391,Georgia,Pickens,-11389.892873990048
626,Iowa,Jasper,-22852.705915827555
1661,Texas,Kinney,-129910.68000359272
1783,Utah,Daggett,-60256.84530023088
187,Colorado,Lake,-97873.15199880242
496,Illinois,Coles,-129730.14822801031
1641,Texas,Hunt,-52092.3979785798
1407,South Carolina,Florence,-99132.8078813916
786,Michigan,Keweenaw,-3199.9751506018497
604,Iowa,Delaware,-70966.06863263104
94,Arkansas,Conway,-34946.82626381711
1583,Texas,Dallas,-39747.27586691716
363,Georgia,Jones,-5351595.158372864
1651,Texas,Johnson,-23963.64132208237
1814,Vermont,Orange,-61228.06542519529
1571,Texas,Colorado,-48360.817930713136
1389,South Carolina,Allendale,-344117.9858324745
1294,Ohio,Sandusky,-543392.4137401262
1013,Missouri,Wright,-384555.25348826207
1430,South Carolina,Union,-341160.52643458894
1579,Texas,Crockett,-19577.857164590467
807,Michigan,Oakland,-44416.15673095536
518,Illinois,Jefferson,-2406522.8863969026
1139,North Carolina,Carteret,-969158.731170463
1927,New Hampshire,Sullivan,-262487.0908671636
972,Missouri,Moniteau,-33377.59748243817
1556,Texas,Callahan,-87547.45834716695
136,Arkansas,Polk,-9932659.050615117
578,Iowa,Adams,-611430.3271050092
940,Missouri,Franklin,-87397.20646525519
1682,Texas,Matagorda,-110881.59986754286
242,Florida,Hernando,-1185284.2693281593
325,Georgia,Dooly,-95356.72874823456
563,Illinois,Stephenson,-186847.941838533
1673,Texas,Live Oak,-259659.4300818325
1260,Ohio,Holmes,-152561.76422205014
1415,South Carolina,Lancaster,-58727.842167291725
1115,Nevada,Lander,-241953.51376076438
1337,Oklahoma,Grant,-777842.3197873316
879,Mississippi,Perry,-130985.98078675609
1752,Texas,Trinity,-528188.4941193974
1341,Oklahoma,Haskell,-80382.71142235931
1376,Oklahoma,Seminole,-452863.5643599981
956,Missouri,Knox,-136160.16888600192
1566,Texas,Cochran,-240745.6815247763
245,Florida,Holmes,-66734.79071892989
1581,Texas,Culberson,-17301.265852705
560,Illinois,Scott,-389710.10387591925
1775,Texas,Yoakum,-201745.16238833865
1791,Utah,Kane,-28414.465863733883
965,Missouri,Madison,-1273843.4286431044
815,Michigan,Presque Isle,-74376.29836933139
68,Arizona,Gila,-25250764.72052547
104,Arkansas,Fulton,-16178.274572763949
1671,Texas,Limestone,-309053.1259357224
1109,Nevada,Clark,-87335.719828454
312,Georgia,Clinch,-72958.60243016029
1324,Oklahoma,Cleveland,-681714.5157334642
1552,Texas,Burleson,-33142.21646366705
1211,North Carolina,Tyrrell,-100752.96985220593
277,Florida,Volusia,-2882.8233044491144
774,Michigan,Hillsdale,-164947.56159483295
352,Georgia,Hart,-74784.63347419942
1521,Tennessee,Washington,-49270.33441399263
1041,Nebraska,Douglas,-1616727.1123821987
1911,Virginia,Virginia Beach,-3316351.5626949654
1510,Tennessee,Shelby,-16821.631096721678
1293,Ohio,Ross,-11392904.529115526
1808,Vermont,Addison,-81940.20949798479
377,Georgia,McIntosh,-1458583.4773164005
559,Illinois,Schuyler,-82119.65996648821
575,Illinois,Winnebago,-284333.8690104298
472,Idaho,Nez Perce,-48762.56472287027
867,Mississippi,Lowndes,-122013.0631357673
428,Georgia,Warren,-612546.4140883281
1923,New Hampshire,Hillsborough,-120311.18216802328
970,Missouri,Miller,-283328.37201151263
54,Alabama,Randolph,-80122.97828455328
1901,Virginia,Scott,-196532.60023371712
553,Illinois,Putnam,-78690.60627253544
743,Massachusetts,Plymouth,-108484.15849552261
276,Florida,Union,-425751.0804736039
1645,Texas,Jackson,-2116443.374316469
1009,Missouri,Washington,-817570.6843563922
1914,Virginia,Westmoreland,-4861.043799686023
793,Michigan,Mackinac,-84849.57318698463
1563,Texas,Cherokee,-243859.4817539187
1373,Oklahoma,Pushmataha,-236110.19561765698
1685,Texas,McLennan,-25198.399020022345
1836,Virginia,Charles City,-212763.2231829033
899,Mississippi,Washington,-3005208.5992925344
673,Iowa,Worth,-2941224.731678359
876,Mississippi,Oktibbeha,-16452.76857267235
1667,Texas,La Salle,-21969.836042265557
930,Missouri,Clinton,-129107.64979664118
955,Missouri,Johnson,-383143.3153393647
1222,North Carolina,Yancey,-392799.24159773195
1461,Tennessee,Greene,-57022.98810340236
1649,Texas,Jim Hogg,-4254.6397854688075
183,Colorado,Jackson,-562067.5879465835
987,Missouri,Platte,-603836.8993301155
1779,Utah,Beaver,-480712.07701154385
247,Florida,Jackson,-16369.536213197272
1406,South Carolina,Fairfield,-237637.80534771812
838,Mississippi,Clay,-60915.08640198712
1254,Ohio,Hancock,-9880.4555282492
706,Louisiana,Natchitoches,-17307.007687017154
1700,Texas,Newton,-19871.924993530054
349,Georgia,Hancock,-2887185.339266018
1490,Tennessee,McMinn,-36632.19358813351
1525,Tennessee,Williamson,-77828.60513202322
1744,Texas,Tarrant,-118407.90150967265
1604,Texas,Foard,-5955053.1364526525
300,Georgia,Camden,-269626.1910512245
366,Georgia,Laurens,-376476.741787705
1827,Virginia,Bedford,-26305.3125532021
1735,Texas,Sherman,-594705.3106329129
144,Arkansas,Sebastian,-195803.8817755921
1728,Texas,San Jacinto,-7528.904993135925
500,Illinois,Edgar,-1523340.234127377
1448,Tennessee,Coffee,-2343798.09760035
1424,South Carolina,Orangeburg,-6462.935224442567
1499,Tennessee,Perry,-307916.06193323
313,Georgia,Cobb,-18515.498328690264
56,Alabama,Shelby,-24579.181749150936
762,Michigan,Clare,-82664.08394607573
1261,Ohio,Huron,-43215.06390037293
671,Iowa,Winneshiek,-294748.80065634416
1285,Ohio,Paulding,-34374.336459061014
135,Arkansas,Poinsett,-8933.003081963492
634,Iowa,Louisa,-24280.292486114082
1620,Texas,Hale,-219592.79327930842
170,Colorado,Denver,-101985.80269090297
1640,Texas,Hudspeth,-131776.51541926758
1906,Virginia,Stafford,-133418.46124959883
1266,Ohio,Lawrence,-85723.06683731881
1771,Texas,Wilson,-165951.28498995004
1162,North Carolina,Greene,-42615.118498672906
685,Louisiana,Caldwell,-67994.4609986094
291,Georgia,Bibb,-2150320.047262011
722,Louisiana,Webster,-76556.72338059277
55,Alabama,Russell,-126339.65867163177
43,Alabama,Madison,-190004.55230021838
922,Missouri,Carroll,-17599.93630861136
860,Mississippi,Lamar,-60289.13514269308
351,Georgia,Harris,-92097.75333473012
91,Arkansas,Cleburne,-95598.69055141228
483,Illinois,Alexander,-27237.88496404198
1281,Ohio,Morrow,-71010.57970667962
1491,Tennessee,McNairy,-16946.20004464523
929,Missouri,Clay,-796946.0383942651
484,Illinois,Bond,-68628.31315580753
1104,Nebraska,Webster,-84094.31837879735
538,Illinois,McHenry,-60816.975958381736
1751,Texas,Travis,-596179.72434207
980,Missouri,Osage,-23714.670999878486
508,Illinois,Greene,-9874.573665033306
424,Georgia,Upson,-98621.70001341192
328,Georgia,Early,-159535.40918009094
564,Illinois,Tazewell,-165401.50370668218
945,Missouri,Harrison,-367231.67519816407
1265,Ohio,Lake,-14300.733381192345
1344,Oklahoma,Jefferson,-61674.11610790735
1652,Texas,Jones,-799589.454666158
627,Iowa,Jefferson,-17335.764949721437
1707,Texas,Panola,-5285.221058576262
61,Alabama,Walker,-42082.16422081308
771,Michigan,Gogebic,-75031.32093686203
904,Mississippi,Yalobusha,-24132.362947853766
1713,Texas,Presidio,-342077.34374768543
416,Georgia,Tift,-174468.34870756883
334,Georgia,Fannin,-26813.75340525031
572,Illinois,Whiteside,-258454.23423956562
98,Arkansas,Cross,-99179.16660791243
1469,Tennessee,Haywood,-62495.32672721147
901,Mississippi,Webster,-1230117.1430322167
1391,South Carolina,Bamberg,-52011.57513318997
495,Illinois,Clinton,-615491.4961773532
846,Mississippi,Grenada,-204196.92771893353
39,Alabama,Lee,-81983.51068999637
255,Florida,Madison,-235622.8438295488
1200,North Carolina,Robeson,-210083.83972702065
323,Georgia,Decatur,-369126.4586334154
1034,Nebraska,Custer,-37703.670490569435
257,Florida,Marion,-1508073.511744886
152,Arkansas,Woodruff,-1793898.380727876
160,Colorado,Boulder,-11241.713348767138
1514,Tennessee,Sumner,-155481.83094659424
1803,Utah,Utah,-122742.491340797
381,Georgia,Monroe,-32123.770453726625
1600,Texas,Fannin,-1603569.0090882562
736,Maine,York,-622246.5934288059
1496,Tennessee,Morgan,-37673.98772325962
470,Idaho,Madison,-127288.1508470209
402,Georgia,Schley,-26079.73315079778
1052,Nebraska,Greeley,-235297.18244750224
380,Georgia,Mitchell,-202786.62210971484
41,Alabama,Lowndes,-29521.153658849675
780,Michigan,Iron,-118096.18430123784
1829,Virginia,Botetourt,-5878.800952969621
1060,Nebraska,Howard,-113725.55386325675
900,Mississippi,Wayne,-167499.58384009067
1781,Utah,Cache,-115560.72842444711
1688,Texas,Menard,-377944.3287599717
598,Iowa,Clayton,-1089627.5363451806
404,Georgia,Seminole,-11935122.335647464
1231,Ohio,Butler,-337705.4746807271
1596,Texas,Ellis,-30851.07554519215
1309,Ohio,Wood,-451507.35134246695
1629,Texas,Haskell,-60406.41684874821
1731,Texas,Schleicher,-96173.3082657857
192,Colorado,Logan,-956854.4739438653
1852,Virginia,Giles,-68172.7534817322
1882,Virginia,Norfolk,-62638.33412334451
865,Mississippi,Leflore,-2585.151235656296
373,Georgia,Macon,-67907.86436382376
968,Missouri,McDonald,-70628.45310234872
816,Michigan,Roscommon,-193871.37271177792
36,Alabama,Lamar,-636687.238342402
848,Mississippi,Harrison,-1208086.4938264727
988,Missouri,Polk,-21114.120894012358
18,Alabama,Coosa,-471400.42461314145
1151,North Carolina,Davidson,-3722470.917415572
442,Idaho,Bear Lake,-127053.4290934458
1273,Ohio,Marion,-163923.51362810892
1503,Tennessee,Rhea,-560196.1728421566
122,Arkansas,Lonoke,-241815.06777345587
215,Colorado,Washington,-784362.4464068868
819,Michigan,Schoolcraft,-12016.971336350907
1572,Texas,Comal,-5629271.346789729
1422,South Carolina,Newberry,-1028926.3980275835
869,Mississippi,Marion,-137540.259302554
294,Georgia,Brooks,-532448.4035769601
1380,Oklahoma,Tillman,-139213.84273674004
1621,Texas,Hall,-94571.28586643095
1068,Nebraska,Lancaster,-1530074.8267287444
431,Georgia,Webster,-94136.9076656646
339,Georgia,Fulton,-224720.72773734495
390,Georgia,Peach,-221883.03784205977
78,Arizona,Yavapai,-4134932.2430966515
1440,Tennessee,Cannon,-143021.9508718827
943,Missouri,Greene,-237768.4178609983
1481,Tennessee,Lawrence,-26563.250227803364
1234,Ohio,Clark,-326081.95874548494
657,Iowa,Scott,-392879.8324468723
1639,Texas,Howard,-109573.69635944047
1394,South Carolina,Berkeley,-283776.2879621525
579,Iowa,Allamakee,-368481.0966141491
1369,Oklahoma,Payne,-210769.8683817134
505,Illinois,Franklin,-507779.52030990925
356,Georgia,Irwin,-207709.5014038689
148,Arkansas,Union,-306228.7614248174
266,Florida,Pasco,-507890.17413982144
40,Alabama,Limestone,-103346.80997360645
1378,Oklahoma,Stephens,-199550.13608224218
973,Missouri,Monroe,-881801.0344841484
1410,South Carolina,Greenwood,-806368.7141959802
1315,Oklahoma,Beckham,-15409.291316599138
778,Michigan,Ionia,-137291.06043037132
1559,Texas,Carson,-179863.62998964722
1487,Tennessee,Marion,-39021.4871500922
1789,Utah,Iron,-73243.88550232678
193,Colorado,Mesa,-75506.46966401077
1913,Virginia,Washington,-67427.87278709063
1018,Nebraska,Blaine,-194276.05511414583
1229,Ohio,Belmont,-50323.849803675235
1282,Ohio,Muskingum,-108896.45942222771
345,Georgia,Greene,-24005.390320677478
296,Georgia,Bulloch,-160953.20246648864
928,Missouri,Clark,-42692.80713031442
1788,Utah,Grand,-129429.41130619677
1149,North Carolina,Cumberland,-869226.785853972
84,Arkansas,Boone,-2540256.741309479
898,Mississippi,Warren,-102004.02160899827
199,Colorado,Otero,-3054324.3431770895
729,Maine,Hancock,-10950.131386399691
195,Colorado,Moffat,-190897.17418518433
30,Alabama,Greene,-215478.31458928843
684,Louisiana,Calcasieu,-206559.20135437598
1091,Nebraska,Saunders,-112744.4765601849
1569,Texas,Collin,-3955129.248989448
1429,South Carolina,Sumter,-102836.53283017054
822,Michigan,Van Buren,-389114.28225234756
350,Georgia,Haralson,-76086.21857725219
1534,Texas,Austin,-521648.4328111056
375,Georgia,Marion,-927696.6041085931
1833,Virginia,Campbell,-1329306.17549904
847,Mississippi,Hancock,-171970.46729175214
1643,Texas,Irion,-68383.03346546787
1010,Missouri,Wayne,-1301452.1997167242
149,Arkansas,Van Buren,-157105.6549374385
543,Illinois,Montgomery,-737003.9645296652
734,Maine,Waldo,-136970.74178994822
1175,North Carolina,Lee,-179355.41465368407
1617,Texas,Gregg,-1974984.1133373398
114,Arkansas,Jefferson,-60242.3286914443
806,Michigan,Newaygo,-464997.7460503753
340,Georgia,Gilmer,-213902.4162270425
378,Georgia,Meriwether,-45676.5415627657
1722,Texas,Robertson,-461233.1955384944
1387,South Carolina,Abbeville,-80745.53263532254
1650,Texas,Jim Wells,-145070.1550720214
921,Missouri,Cape Girardeau,-88914.1623745997
1821,Virginia,Amelia,-3621.0328340417464
45,Alabama,Marion,-90581.60937270186
637,Iowa,Madison,-360009.95041017694
1509,Tennessee,Sevier,-563923.6660919441
411,Georgia,Tattnall,-57723.25470017057
316,Georgia,Columbia,-64706.016504315194
1697,Texas,Motley,-106556.94109536098
878,Mississippi,Pearl River,-86726.47888324063
176,Colorado,Fremont,-192587.71240312568
186,Colorado,Kit Carson,-150325.6722852441
1225,Ohio,Ashland,-405324.3634076089
1889,Virginia,Pittsylvania,-213719.1729948248
1367,Oklahoma,Ottawa,-70073.1564948844
1385,Oklahoma,Woods,-45298.116740842364
844,Mississippi,George,-3215.933000906238
1251,Ohio,Greene,-190105.2791034695
753,Michigan,Bay,-79647.62747873412
1140,North Carolina,Caswell,-170825.34858319288
998,Missouri,Scotland,-1545167.7639524976
1837,Virginia,Charlotte,-31674.990495013793
1011,Missouri,Webster,-4903822.714231716
1918,New Hampshire,Belknap,-77377.64110713042
1588,Texas,De Witt,-339611.66463476
1611,Texas,Gillespie,-313493.4416380015
748,Michigan,Alpena,-72951.67942431991
1592,Texas,Duval,-173941.09917798973
1320,Oklahoma,Carter,-1011488.1543484294
303,Georgia,Catoosa,-99943.54989076842
1039,Nebraska,Dixon,-174730.5895945506
1473,Tennessee,Houston,-3988.644133941214
1191,North Carolina,Pamlico,-63981.1098897403
1619,Texas,Guadalupe,-152643.16707473987
1183,North Carolina,Mitchell,-49696.44362626197
700,Louisiana,Lafayette,-108021.37057001659
1724,Texas,Runnels,-23903.338541847374
1313,Oklahoma,Atoka,-182233.55220912423
1457,Tennessee,Franklin,-49490.66730368926
156,Colorado,Arapahoe,-55279.00757643717
605,Iowa,Des Moines,-16109.084991835434
725,Louisiana,West Feliciana,-51150.0265653105
295,Georgia,Bryan,-281670.04813630105
1208,North Carolina,Surry,-30017.115690906838
1676,Texas,Lubbock,-93312.0858285075
1591,Texas,Donley,-1473128.9532793378
1631,Texas,Hemphill,-438219.6781318316
1428,South Carolina,Spartanburg,-119794.39149623232
668,Iowa,Wayne,-22538.56911507624
1861,Virginia,Henrico,-119432.09132779497
1770,Texas,Williamson,-18872.66791454696
731,Maine,Lincoln,-1315833.1509144802
659,Iowa,Sioux,-104541.72831023065
1754,Texas,Upshur,-1479550.6519660903
592,Iowa,Cedar,-401551.9273682562
271,Florida,Sarasota,-263157.0375529517
1542,Texas,Blanco,-186635.10960802
1399,South Carolina,Chesterfield,-22009.396024764916
1049,Nebraska,Garfield,-90671.07039177089
937,Missouri,Dent,-248211.51495560096
699,Louisiana,Jefferson,-74734116.94931404
864,Mississippi,Lee,-87808.86658925918
253,Florida,Levy,-40527.11245301792
791,Michigan,Livingston,-15204.506547226814
1873,Virginia,Lunenburg,-7465919.830627371
1177,North Carolina,Lincoln,-175778.5349824384
906,Missouri,Adair,-1009017.5603713887
158,Colorado,Baca,-69945.99049662596
1902,Virginia,Shenandoah,-289630.9543267103
746,Michigan,Alger,-530612.5363838391
1602,Texas,Fisher,-115749.67350313629
190,Colorado,Las Animas,-302640.1378354829
463,Idaho,Jefferson,-86208.9231651923
1520,Tennessee,Warren,-36408.963285284
57,Alabama,Sumter,-21219.56013014813
649,Iowa,Palo Alto,-32139.90522233637
999,Missouri,Scott,-66911.44513997596
1863,Virginia,Highland,-219590.1726497598
1147,North Carolina,Columbus,-693846.3809638158
1437,Tennessee,Blount,-188560.24860661532
1594,Texas,Ector,-409967.95475906436
1794,Utah,Piute,-358844.31394530786
979,Missouri,Oregon,-178414.49132143368
151,Arkansas,White,-67196.55213447573
1811,Vermont,Essex,-1395492.6686522248
975,Missouri,Morgan,-47326.30033218793
134,Arkansas,Pike,-586425.7983617465
480,Idaho,Valley,-3406552.3147541815
126,Arkansas,Mississippi,-408606.8696615998
1912,Virginia,Warren,-479065.0870512492
1240,Ohio,Cuyahoga,-3223777.91902385
944,Missouri,Grundy,-100793.98549324638
1335,Oklahoma,Garvin,-892430.1477381384
1274,Ohio,Medina,-541305.6903319833
410,Georgia,Taliaferro,-351604.6218479974
341,Georgia,Glascock,-37349.743028672325
1841,Virginia,Culpeper,-63662.9346576323
1848,Virginia,Floyd,-154472.24728330298
828,Mississippi,Amite,-369488.79882926296
798,Michigan,Mecosta,-92492.42608703849
23,Alabama,Dallas,-172344.19438255776
371,Georgia,Lowndes,-156678.74533861008
499,Illinois,Douglas,-85155.52861276483
1654,Texas,Kaufman,-16189.776226840222
948,Missouri,Holt,-1533686.4524115298
919,Missouri,Callaway,-103715.89861982843
494,Illinois,Clay,-56783.39841694014
1482,Tennessee,Lewis,-43903.139300469054
1326,Oklahoma,Comanche,-225796.58939166449
845,Mississippi,Greene,-427478.1579699232
1061,Nebraska,Jefferson,-120793.32678263326
1094,Nebraska,Sheridan,-81945.40249837474
1095,Nebraska,Sherman,-24665.43932846932
290,Georgia,Berrien,-19131.413548579578
1301,Ohio,Tuscarawas,-2140120.976044844
1753,Texas,Tyler,-195151.9834698654
1384,Oklahoma,Washita,-164712.76251221864
360,Georgia,Jefferson,-47537.34421487051
536,Illinois,Massac,-353249.1385198716
205,Colorado,Pueblo,-40916.703676062934
890,Mississippi,Sunflower,-13510.086784431802
947,Missouri,Hickory,-209282.93307093892
320,Georgia,Crisp,-104101.47905895124
1669,Texas,Leon,-406575.85459954455
1276,Ohio,Mercer,-219910.65013809092
460,Idaho,Fremont,-104172.58420708915
1025,Nebraska,Butler,-110496.68792064747
1551,Texas,Brown,-130706.73509506886
1125,North Carolina,Alexander,-1939076.5882913438
1785,Utah,Duchesne,-111777.15667761202
905,Mississippi,Yazoo,-233501.28370880644
1847,Virginia,Fauquier,-41312.633201851226
466,Idaho,Latah,-36729.45215327645
633,Iowa,Linn,-79600.15758659845
1306,Ohio,Washington,-54034.43303720646
1118,Nevada,Mineral,-163425.18454621825
1708,Texas,Parker,-34786.41765815459
565,Illinois,Union,119085.47631738675
219,Florida,Baker,-4215581.310552923
1300,Ohio,Trumbull,-127057.1363659886
1303,Ohio,Van Wert,-6059182.00279139
1636,Texas,Hood,-649178.3239202218
1362,Oklahoma,Nowata,-278534.6343700995
862,Mississippi,Lawrence,-83944.91817860666
601,Iowa,Dallas,-88672.98115609764
355,Georgia,Houston,-52269.37498670831
610,Iowa,Floyd,-1984557.4040868522
651,Iowa,Pocahontas,-526144.0470506385
396,Georgia,Putnam,-60387.55748711794
146,Arkansas,Sharp,-10598.836932817365
773,Michigan,Gratiot,-469513.03547209955
643,Iowa,Monona,-717338.7703217423
1743,Texas,Swisher,-14055238.538920585
244,Florida,Hillsborough,-180553.5019087411
1379,Oklahoma,Texas,-263141.3727052212
185,Colorado,Kiowa,-512859.8180710429
1255,Ohio,Hardin,-320358.5714364118
507,Illinois,Gallatin,-229728.91629613828
1909,Virginia,Sussex,-88862.09347927148
799,Michigan,Menominee,-16401.707852407366
8,Alabama,Chambers,-56140.19744042636
1816,Vermont,Washington,-79775.14372255202
1647,Texas,Jeff Davis,-16995.478524026687
1712,Texas,Potter,-49797.65522036358
1773,Texas,Wise,-1193532.7435466624
1838,Virginia,Chesterfield,-33141.48434435301
1702,Texas,Nueces,-138066.43038341578
445,Idaho,Blaine,-545320.6167389161
599,Iowa,Clinton,-76712.02627222374
981,Missouri,Ozark,-281419.4183491442
88,Arkansas,Chicot,-5119829.15812787
13,Alabama,Clay,-225376.39282316185
920,Missouri,Camden,-296886.7982103157
1616,Texas,Grayson,-19216.772585041414
1195,North Carolina,Person,-134071.76828484307
259,Florida,Miami-Dade,-1244464.1183664033
1505,Tennessee,Robertson,-83790.34764594166
120,Arkansas,Little River,-37312.07635007568
1483,Tennessee,Lincoln,-1013543.5897805981
1587,Texas,Denton,-8523.845049605748
1103,Nebraska,Wayne,-244205.0458311527
1023,Nebraska,Buffalo,-139713.3864194965
1223,Ohio,Adams,-22487.82203031328
326,Georgia,Dougherty,-264890.3691505069
140,Arkansas,Randolph,-206265.0555516702
1466,Tennessee,Hardeman,-2360962.0746327643
465,Idaho,Kootenai,-82770.12868930398
781,Michigan,Isabella,-7727254.7080249395
413,Georgia,Telfair,-258221.65626627702
67,Arizona,Coconino,-161209.47555824625
286,Georgia,Banks,-372947.4324268985
1433,Tennessee,Anderson,-627719.0827262452
95,Arkansas,Craighead,-103559.80814383866
408,Georgia,Sumter,-4045.8812943675475
1549,Texas,Briscoe,-103834.45851440736
1628,Texas,Hartley,-10675.857115316609
1627,Texas,Harrison,-74953.71957919253
420,Georgia,Troup,-73503.94276140403
79,Arizona,Yuma,-13424281.258867059
1891,Virginia,Prince Edward,-208058.95102420636
492,Illinois,Christian,-255722.76136988535
709,Louisiana,Plaquemines,-121718.95395628343
733,Maine,Penobscot,-1527281.0509170545
875,Mississippi,Noxubee,-324031.8660575158
1134,North Carolina,Buncombe,-4350074.673485151
374,Georgia,Madison,-6135853.86681485
388,Georgia,Oglethorpe,-52947.95416231322
788,Michigan,Lapeer,-52293.01715261888
1146,North Carolina,Cleveland,-139221.57444957749
1375,Oklahoma,Rogers,-10037.876272613225
1170,North Carolina,Hyde,-1098471.1888616364
1886,Virginia,Orange,-2208439.1150271078
548,Illinois,Perry,-318787.7901220555
526,Illinois,Lawrence,-96325.70893011149
938,Missouri,Douglas,-7162.626175148742
1921,New Hampshire,Coos,-911336.1149948137
830,Mississippi,Benton,-365026.44903771754
1449,Tennessee,Crockett,-35376.57295160176
314,Georgia,Coffee,-326830.6830090021
1819,Virginia,Albemarle,-59966.861886839724
260,Florida,Monroe,-117818.40634802583
1053,Nebraska,Hall,-154426.2092518744
1227,Ohio,Athens,-269588.63234797004
1756,Texas,Uvalde,-119808.2545511665
501,Illinois,Edwards,-418083.5348238429
1668,Texas,Lee,-24909.357832238344
1925,New Hampshire,Rockingham,-1529614.0368492303
145,Arkansas,Sevier,-7986380.877246331
1926,New Hampshire,Strafford,-75740.90481968946
26,Alabama,Etowah,-883900.9176634655
785,Michigan,Kent,-103011.71444337573
1340,Oklahoma,Harper,-6155083.932267794
1150,North Carolina,Dare,-757524.5185114405
1750,Texas,Tom Green,-11621506.338594355
285,Georgia,Baldwin,-280638.6837276468
240,Florida,Hardee,-28622.97698351116
1345,Oklahoma,Johnston,-430453.85916971264
1075,Nebraska,Morrill,-19573.07498751426
1533,Texas,Atascosa,-55139.031664217204
129,Arkansas,Nevada,-12663.273187446193
1243,Ohio,Delaware,-3467859.3278471725
880,Mississippi,Pike,-115635.71061607393
836,Mississippi,Claiborne,-2264922.575798723
542,Illinois,Monroe,-1047084.3320421771
467,Idaho,Lemhi,-15628882.09214326
1709,Texas,Parmer,-2280798.3287488106
1408,South Carolina,Georgetown,-275466.2709918415
1601,Texas,Fayette,-2087565.1042238188
583,Iowa,Black Hawk,-266518.5284602511
756,Michigan,Branch,-17916.25548449312
992,Missouri,Randolph,-4070.410397443261
697,Louisiana,Iberville,-115463.23429005576
1796,Utah,Salt Lake,-7826.637068746684
993,Missouri,Ray,-64310.76628664798
16,Alabama,Colbert,-8494.060723147657
766,Michigan,Dickinson,-564915.4596392231
1322,Oklahoma,Choctaw,-17602.210816935476
1564,Texas,Childress,-85031.86011385819
586,Iowa,Buchanan,-80649.67889292657
1084,Nebraska,Platte,-4310299.862949515
503,Illinois,Fayette,-1227168.2147542494
1242,Ohio,Defiance,-198755.70615061527
1027,Nebraska,Cedar,-1427981.54220254
582,Iowa,Benton,-8539.75146592023
1111,Nevada,Elko,-752401.8798924284
1698,Texas,Nacogdoches,-78421.75342627159
600,Iowa,Crawford,-127489.8056903113
556,Illinois,Rock Island,-24987.475872373485
1021,Nebraska,Boyd,-33958.3326506922
1356,Oklahoma,McClain,-86691.19247236969
1622,Texas,Hamilton,-134633.47525316884
358,Georgia,Jasper,-3159740.222492984
1074,Nebraska,Merrick,-344416.000633146
110,Arkansas,Howard,-327004.6837465466
1071,Nebraska,Loup,-31408.766922550294
1550,Texas,Brooks,-210359.61710714805
1398,South Carolina,Chester,-546489.5779175707
1548,Texas,Brewster,-146514.77004562528
1204,North Carolina,Sampson,-34771.9741755968
1662,Texas,Kleberg,-3349164.944101538
939,Missouri,Dunklin,-27322.39473754124
1355,Oklahoma,Mayes,-175561.35143295478
964,Missouri,Macon,-296805.59852618
1536,Texas,Bandera,-58527.224971416625
916,Missouri,Buchanan,-155465.31429171786
1020,Nebraska,Box Butte,-198390.388421167
1262,Ohio,Jackson,-185354.8155130336
459,Idaho,Franklin,-915563.9647138435
683,Louisiana,Caddo,-10471.29215718746
1540,Texas,Bell,-163710.52730329015
1877,Virginia,Middlesex,-681863.0014293126
319,Georgia,Crawford,-1093765.1319950065
1127,North Carolina,Anson,-92375.06795066525
715,Louisiana,Tangipahoa,-133063.54205724876
58,Alabama,Talladega,-48464.82904928015
1605,Texas,Fort Bend,-76212.2468587731
385,Georgia,Muscogee,-109397.51870787749
1425,South Carolina,Pickens,-43708.76038574324
489,Illinois,Carroll,-36098956.988357306
229,Florida,Columbia,-131254.3752949977
1388,South Carolina,Aiken,-58323.92841905083
311,Georgia,Clayton,-54925.19711683994
1116,Nevada,Lincoln,-154873.3740181771
1207,North Carolina,Stokes,-3115353.195316401
1224,Ohio,Allen,-342036.1497617876
1033,Nebraska,Cuming,-141964.49220839495
1065,Nebraska,Keya Paha,-97615.08730609863
1553,Texas,Burnet,-75168.89394742135
17,Alabama,Conecuh,-39825.00336472485
1365,Oklahoma,Okmulgee,-70492.03952486729
1357,Oklahoma,McCurtain,-5575383.849196561
235,Florida,Gadsden,-651958.0007492758
132,Arkansas,Perry,-120669.01338737138
716,Louisiana,Tensas,-169705.92911683634
962,Missouri,Linn,-4585688.523882801
1212,North Carolina,Union,-25548.936181007542
324,Georgia,Dodge,-218619.4911211618
517,Illinois,Jasper,-46556.52343681295
1545,Texas,Bowie,-5715492.242286092
3,Alabama,Bibb,-1445974.755055456
1475,Tennessee,Jackson,-88241.06138024472
974,Missouri,Montgomery,-166458.18594210717
1864,Virginia,Isle of Wight,-99239.07502785622
197,Colorado,Montrose,-2829820.3662165403
275,Florida,Taylor,-1701561.4313750232
274,Florida,Suwannee,-368272.7179958643
711,Louisiana,Rapides,-305338.6066495513
658,Iowa,Shelby,-23370.291399539332
1122,Nevada,Washoe,-146892.03721788054
1438,Tennessee,Bradley,-467462.95156049036
362,Georgia,Johnson,-41013.51034073245
656,Iowa,Sac,-527920.0545011162
870,Mississippi,Marshall,-145625.23412336042
1135,North Carolina,Burke,-1502226.0498696072
1106,Nebraska,York,-432025.3556353417
1696,Texas,Morris,-1782329.75911425
327,Georgia,Douglas,-185603.89531341987
1919,New Hampshire,Carroll,-549015.0017383514
688,Louisiana,Claiborne,-42178.71867364465
1517,Tennessee,Unicoi,-97451.4060662929
332,Georgia,Emanuel,-720378.057693103
1297,Ohio,Shelby,-74820.24701507707
188,Colorado,La Plata,-43566.304419609354
1102,Nebraska,Washington,-337157.1522692791
1446,Tennessee,Clay,-103440.61591550324
1093,Nebraska,Seward,-52245.48583270205
539,Illinois,McLean,-112329.64616911169
1097,Nebraska,Stanton,-93981.77865471283
827,Mississippi,Alcorn,-38862.656089535856
749,Michigan,Antrim,-5358.254465897442
329,Georgia,Echols,-80732.77868771955
1467,Tennessee,Hardin,-23432.023427575317
419,Georgia,Treutlen,-223608.46639286034
770,Michigan,Gladwin,-981734.5491227802
51,Alabama,Perry,-40091.19969088657
1758,Texas,Van Zandt,-32944.912958906556
1258,Ohio,Highland,-307582.2518235686
1454,Tennessee,Dyer,-37153.52326276334
640,Iowa,Marshall,-1072472.7686732796
823,Michigan,Washtenaw,-12807074.941334348
220,Florida,Bay,-763322.1736373752
1460,Tennessee,Grainger,-1616176.9560228167
619,Iowa,Harrison,-131008.23701523487
1451,Tennessee,Davidson,-228506.75584920566
106,Arkansas,Grant,-53986.850185886484
1089,Nebraska,Saline,-11728.402024811701
1575,Texas,Cooke,-46948.85206622106
1689,Texas,Midland,-51299.50692554578
344,Georgia,Grady,-22565.71722747958
92,Arkansas,Cleveland,-17814.006800956577
1117,Nevada,Lyon,-206166.66186588307
894,Mississippi,Tishomingo,-428004.3061883906
1221,North Carolina,Yadkin,-141402.33241054136
1080,Nebraska,Pawnee,-130760.8924371461
1024,Nebraska,Burt,-81498.63169558303
803,Michigan,Montcalm,-1477976.1983355046
153,Arkansas,Yell,-246266.30064219038
482,Illinois,Adams,-246874.42568686476
1423,South Carolina,Oconee,-982714.8416910726
1586,Texas,Delta,-7117.221627990424
1817,Vermont,Windham,-42555.89604108397
1339,Oklahoma,Harmon,-314618.86121612956
1844,Virginia,Dinwiddie,-60697.016688366784
764,Michigan,Crawford,-275588.5723702684
1284,Ohio,Ottawa,-8358248.430219967
1626,Texas,Harris,-302260.1703028398
1286,Ohio,Perry,-135807.84519894278
514,Illinois,Henry,-201416.09651110275
1113,Nevada,Eureka,-276099.6142042464
461,Idaho,Gem,-71689.44584604006
884,Mississippi,Rankin,-338168.34734791436
96,Arkansas,Crawford,-77658.15189202358
422,Georgia,Twiggs,-691057.5405615553
521,Illinois,Kane,-481850.6194674304
1311,Oklahoma,Adair,-10868.225208944252
1776,Texas,Young,-125827.32642428274
907,Missouri,Andrew,-174270.92922759327
1484,Tennessee,Loudon,-16591.142495982596
1390,South Carolina,Anderson,-12527990.820566278
1194,North Carolina,Perquimans,-90779.28696322287
150,Arkansas,Washington,-68162.82196146065
1690,Texas,Milam,-4685.158202399641
527,Illinois,Lee,-68900.89865769786
1610,Texas,Garza,-137464.89814557045
1316,Oklahoma,Blaine,-118931.18246963336
1518,Tennessee,Union,-1896644.1157846851
1681,Texas,Mason,-48532.6790510888
1307,Ohio,Wayne,-350662.50754109176
364,Georgia,Lamar,-6408627.853689881
97,Arkansas,Crittenden,-68308.29917155928
1202,North Carolina,Rowan,-113933.13192428039
851,Mississippi,Humphreys,-81834.95217857524
293,Georgia,Brantley,-9783079.611739518
1850,Virginia,Franklin,-220954.9825111053
1056,Nebraska,Hayes,-66037.19623510058
159,Colorado,Bent,-170084.27392509353
449,Idaho,Boundary,-8651.097148580759
868,Mississippi,Madison,-1316759.5228276635
1238,Ohio,Coshocton,-87118.05542015469
83,Arkansas,Benton,-32886.31249692708
1443,Tennessee,Cheatham,-50110.843986947446
804,Michigan,Montmorency,-921509.5233564283
1360,Oklahoma,Muskogee,-41367.02177437964
606,Iowa,Dickinson,-136620.01350403854
1895,Virginia,Rappahannock,-14970.708309200956
841,Mississippi,Covington,-55334.263413768786
1869,Virginia,Lancaster,-105677.46984301842
1720,Texas,Refugio,-115646.0245684881
35,Alabama,Jefferson,-335370.99326224806
1524,Tennessee,White,-150504.38428071624
923,Missouri,Carter,-73483.89721283127
585,Iowa,Bremer,-18469.64444288896
1916,Virginia,Wythe,-6825496.719908067
1444,Tennessee,Chester,-47534.59220625022
611,Iowa,Franklin,-709605.7529217199
1050,Nebraska,Gosper,-2309969.54362972
853,Mississippi,Itawamba,-176376.2609173291
456,Idaho,Clearwater,-24790.977175766544
719,Louisiana,Vermilion,-39254.750110074536
301,Georgia,Candler,-5410.62636739976
105,Arkansas,Garland,-274564.95956168184
1723,Texas,Rockwall,-218020.08825045513
446,Idaho,Boise,-239400.264321313
1715,Texas,Randall,-126952.4894115146
1004,Missouri,Sullivan,-14636147.767895374
909,Missouri,Audrain,-170480.30563768995
1403,South Carolina,Dillon,-107886.01794902034
1677,Texas,Lynn,-96593.90621916296
1894,Virginia,Pulaski,-240137.77856409329
1001,Missouri,Shelby,-171330.63135795857
1763,Texas,Washington,-441040.2347644733
1663,Texas,Knox,-113771.09072735278
574,Illinois,Williamson,-208974.88862870028
1347,Oklahoma,Kingfisher,-331610.94985958806
608,Iowa,Emmet,-49198.25134410552
628,Iowa,Johnson,-70517.17356244703
523,Illinois,Kendall,-521287.2043564169
630,Iowa,Keokuk,-91993.90387225796
512,Illinois,Hardin,-1221528.8719805644
1809,Vermont,Bennington,-44340.16600275687
1530,Texas,Aransas,-157655.55871433447
218,Florida,Alachua,-58725.38849183846
589,Iowa,Calhoun,-54623.61776536569
1264,Ohio,Knox,-8455.286713497237
568,Illinois,Warren,-474775.72387198947
438,Georgia,Worth,-354295.6632353705
1678,Texas,Madison,-392734.7980365236
75,Arizona,Pima,-108803.24372703963
1558,Texas,Camp,-101495.71026677187
1252,Ohio,Guernsey,-24669.67618276261
1704,Texas,Oldham,-29811.218986079533
1417,South Carolina,Lee,-1725879.468344638
1059,Nebraska,Hooker,-313120.53177018196
510,Illinois,Hamilton,-385391.2123642227
238,Florida,Gulf,-126359.82291408235
555,Illinois,Richland,-365874.85512712185
1331,Oklahoma,Delaware,-33208.92003433734
210,Colorado,San Juan,-9976.449660319544
650,Iowa,Plymouth,-1449403.3286020253
493,Illinois,Clark,-7864720.358699784
854,Mississippi,Jackson,-10493.196567209186
1302,Ohio,Union,-210759.08882523046
534,Illinois,Marshall,-996611.7020158708
1128,North Carolina,Ashe,-51419.47554860081
1868,Virginia,King William,-265158.35059056967
116,Arkansas,Lafayette,-110117.63884512972
1420,South Carolina,Marlboro,-15197.198203453969
1072,Nebraska,Madison,-85184.98490559454
1782,Utah,Carbon,-122865.03745642681
1158,North Carolina,Gaston,-236168.82298892955
342,Georgia,Glynn,-550799.4839765027
835,Mississippi,Choctaw,-1388087.4575732695
502,Illinois,Effingham,-59299.51176968071
1512,Tennessee,Stewart,-1099746.1013481622
976,Missouri,New Madrid,-146178.9351710476
338,Georgia,Franklin,-105615.49914889949
1646,Texas,Jasper,-1717217.7464604808
872,Mississippi,Montgomery,-699.7155934783768
370,Georgia,Long,-43262.64622774803
42,Alabama,Macon,-777370.7379189815
1188,North Carolina,Northampton,-120908.37051800682
418,Georgia,Towns,-42600.92019453211
1858,Virginia,Halifax,-1889480.2243838278
1153,North Carolina,Duplin,-5222.367189591307
118,Arkansas,Lee,-492193.92466887005
1121,Nevada,Storey,-72202.60831778229
1721,Texas,Roberts,-17095769.006145623
103,Arkansas,Franklin,-309956.91921262955
1372,Oklahoma,Pottawatomie,-139831.73791624216
1364,Oklahoma,Oklahoma,-363537.39779342053
168,Colorado,Custer,-65456.35314455489
952,Missouri,Jackson,-1328488.41909303
1544,Texas,Bosque,-34180.58879093359
201,Colorado,Park,-4307521.701198002
702,Louisiana,Lincoln,-13959.521597824683
707,Louisiana,Orleans,-5388946.771966255
1383,Oklahoma,Washington,-206663.69892309053
310,Georgia,Clay,-218351.5372863483
387,Georgia,Oconee,-190579.67253073317
258,Florida,Martin,-142753.7097206133
113,Arkansas,Jackson,-1900371.4671311488
309,Georgia,Clarke,-204037.5716895362
1807,Utah,Weber,-83244.44455885023
292,Georgia,Bleckley,-130704.88773151013
949,Missouri,Howard,-281911.95648022875
1497,Tennessee,Obion,-1792022.876872836
308,Georgia,Cherokee,-485256.84537686955
1606,Texas,Franklin,-381239.3992954134
721,Louisiana,Washington,-551267.0750209471
299,Georgia,Calhoun,-300687.1753000616
852,Mississippi,Issaquena,-42467.82435736507
487,Illinois,Bureau,-1015977.8047087167
1241,Ohio,Darke,-29273.9452123991
107,Arkansas,Greene,-118209.01077676956
954,Missouri,Jefferson,-115652.11739976032
775,Michigan,Houghton,-1957002.6689846497
758,Michigan,Cass,-26476.04533256479
485,Illinois,Boone,-28921.825282003978
934,Missouri,Dade,-165617.06839264082
1447,Tennessee,Cocke,-205412.94054145645
1519,Tennessee,Van Buren,-40340.36120964897
1741,Texas,Stonewall,-506221.4654437035
1042,Nebraska,Dundy,-50297.910096177715
6,Alabama,Butler,19683.534734164943
131,Arkansas,Ouachita,-45839.23087201797
757,Michigan,Calhoun,-919021.5402553855
1038,Nebraska,Deuel,-445338.77986447344
1660,Texas,King,-48935.12271137067
638,Iowa,Mahaska,-101780.99957631255
305,Georgia,Chatham,-323471.29913208337
567,Illinois,Wabash,-111958.3352984546
397,Georgia,Quitman,-445161.4600935634
1772,Texas,Winkler,-29053.883337121893
207,Colorado,Rio Grande,-6967.635345264242
717,Louisiana,Terrebonne,-29638.307029307034
1003,Missouri,Stone,-250246.2332940472
1161,North Carolina,Granville,-52669.624513665985
1632,Texas,Henderson,-774959.3811492872
62,Alabama,Washington,-50548.954559161604
1236,Ohio,Clinton,-73416.88001122087
1820,Virginia,Alleghany,-148412.55978613495
877,Mississippi,Panola,-8279950.64523793
237,Florida,Glades,-341059.40195372375
738,Massachusetts,Essex,-36695.865455996995
1456,Tennessee,Fentress,-121180.76176094284
1468,Tennessee,Hawkins,-93819.71496425488
1169,North Carolina,Hoke,-6030.942822029949
1485,Tennessee,Macon,-3123192.261443289
696,Louisiana,Iberia,-115885.07123485822
861,Mississippi,Lauderdale,-7128.974390281872
208,Colorado,Routt,-22314.07508957727
1905,Virginia,Spotsylvania,-79263.9121736662
166,Colorado,Costilla,-2510854.3054664754
1674,Texas,Llano,-169153.9320949436
125,Arkansas,Miller,-8213.310564719053
690,Louisiana,East Baton Rouge,-50537.0695071814
843,Mississippi,Franklin,-18797.292859536738
1442,Tennessee,Carter,-65937.86892878886
289,Georgia,Ben Hill,-146800.50328373414
1269,Ohio,Lorain,-354462.557180687
1729,Texas,San Patricio,-152207.49085109413
5,Alabama,Bullock,-232816.95430304593
913,Missouri,Benton,-626237.1356342519
524,Illinois,Knox,-28760.81866153944
912,Missouri,Bates,-105267.60951119079
1648,Texas,Jefferson,-482654.0030520335
1210,North Carolina,Transylvania,-124800.7673419501
60,Alabama,Tuscaloosa,-24362.275921655342
520,Illinois,Johnson,-49718.498257966196
353,Georgia,Heard,-7385722.394348889
1062,Nebraska,Johnson,-465940.1091791006
1637,Texas,Hopkins,-2706153.9367180318
1526,Tennessee,Wilson,-18659.81768468989
1230,Ohio,Brown,-27906.57178051523
652,Iowa,Polk,-72198.28909356597
710,Louisiana,Pointe Coupee,-61104.70023412067
272,Florida,Seminole,-34943.039444745016
1172,North Carolina,Jackson,-794014.1871225596
617,Iowa,Hancock,-144680.24838451942
161,Colorado,Broomfield,-114030.43810267269
1904,Virginia,Southampton,-255983.10684845198
958,Missouri,Lafayette,-101528.84034979518
963,Missouri,Livingston,-242860.66987018532
1190,North Carolina,Orange,-47163.08736510794
1494,Tennessee,Montgomery,-647740.7403446636
784,Michigan,Kalkaska,-17066.689725598084
1414,South Carolina,Kershaw,-4835.4148781749855
808,Michigan,Oceana,-357031.08161383896
382,Georgia,Montgomery,-343798.3709009973
925,Missouri,Cedar,-100689.45599326257
1515,Tennessee,Tipton,-358960.3165536708
1618,Texas,Grimes,-344611.7412894108
264,Florida,Osceola,-134054.01934679318
406,Georgia,Stephens,-217681.1256615461
1578,Texas,Crane,-37236.810255930344
7,Alabama,Calhoun,-38361.0182208058
1328,Oklahoma,Craig,-44978.09432337941
1363,Oklahoma,Okfuskee,-160044.09564877
794,Michigan,Macomb,-791145.9569192252
464,Idaho,Jerome,-180421.46991258266
1168,North Carolina,Hertford,-8030.577181448603
581,Iowa,Audubon,-1194465.2281242248
689,Louisiana,Concordia,-350301.8007742393
1634,Texas,Hill,-273119.67562630837
1675,Texas,Loving,-509178.17668550403
1538,Texas,Baylor,-34855.30147492459
718,Louisiana,Union,-69504.22434552346
441,Idaho,Bannock,-290063.81380978663
1839,Virginia,Clarke,-39970.767305242596
959,Missouri,Lawrence,-343570.8553221713
1883,Virginia,Northampton,-1026699.0750005888
1193,North Carolina,Pender,-347784.65189981484
1465,Tennessee,Hancock,-24070.137513100944
59,Alabama,Tallapoosa,-66162.32631027262
1277,Ohio,Miami,-6469892.875678683
1687,Texas,Medina,-146586.0226400758
1037,Nebraska,Dawson,-65982.5755679676
566,Illinois,Vermilion,-13518095.951079037
1289,Ohio,Portage,-80186.8253053279
1081,Nebraska,Perkins,-45273.942293747255
1291,Ohio,Putnam,-1221677.1660170048
24,Alabama,Elmore,-32915999.716558084
1666,Texas,Lampasas,-234360.83694085781
1405,South Carolina,Edgefield,-82576.6572085974
594,Iowa,Cherokee,-247532.92143035127
368,Georgia,Liberty,-128859.95205631587
1342,Oklahoma,Hughes,-246563.47086204198
1058,Nebraska,Holt,-214096.50699213785
1396,South Carolina,Charleston,-16431767.596718362
330,Georgia,Effingham,-147526.83907122034
1576,Texas,Coryell,-61453.33950668508
1486,Tennessee,Madison,-819863.5309419931
223,Florida,Broward,-13646.84148606136
677,Louisiana,Ascension,-9145517.658665277
1392,South Carolina,Barnwell,-54673.75977763379
1705,Texas,Orange,-106278.48436639144
1413,South Carolina,Jasper,-668097.9680498907
765,Michigan,Delta,-35031.3366683377
1160,North Carolina,Graham,-152598.8973828222
302,Georgia,Carroll,-46941.78931488351
1539,Texas,Bee,-24288.18279379168
1083,Nebraska,Pierce,-80630.69022131828
550,Illinois,Pike,-48677.286408399974
792,Michigan,Luce,-241110.3831831404
1463,Tennessee,Hamblen,-835567.999066262
616,Iowa,Hamilton,-23468.745253394678
163,Colorado,Cheyenne,-2817799.241462336
1664,Texas,Lamar,-160305.574356481
194,Colorado,Mineral,-844607.5363611875
1143,North Carolina,Cherokee,-399588.63978718827
1642,Texas,Hutchinson,-9290103.601999938
425,Georgia,Walker,-46160.201795997666
1749,Texas,Titus,-182459.5714469793
1897,Virginia,Roanoke,-7215.087392405382
1327,Oklahoma,Cotton,-77992.33171020147
1192,North Carolina,Pasquotank,-140213.51017400096
1828,Virginia,Bland,-2976495.1033758903
281,Georgia,Appling,-442390.4571775049
1016,Nebraska,Arthur,-65715.36059874677
641,Iowa,Mills,-123389.1395499677
1078,Nebraska,Nuckolls,-47991.25641320053
1778,Texas,Zavala,-392555.6020146684
486,Illinois,Brown,-412190.3147294293
653,Iowa,Pottawattamie,-60551.691880727056
817,Michigan,Saginaw,-276237.94286119426
1354,Oklahoma,Marshall,-1117556.362830446
1278,Ohio,Monroe,-495701.30335845205
694,Louisiana,Franklin,-582249.2278490532
1625,Texas,Hardin,-640897.1272633096
1181,North Carolina,McDowell,-280450.7265142746
265,Florida,Palm Beach,-3077416.852076715
1699,Texas,Navarro,-30577.540729278964
1439,Tennessee,Campbell,-344347.28138767445
1706,Texas,Palo Pinto,-187514.00318741126
1066,Nebraska,Kimball,-185658.74636628508
931,Missouri,Cole,-41310.06086960812
842,Mississippi,Forrest,-194205.11612131825
1694,Texas,Montgomery,-187267.55804364796
695,Louisiana,Grant,-11573.935413495352
985,Missouri,Phelps,-127969.47022332653
52,Alabama,Pickens,-39852.38914393011
297,Georgia,Burke,-150967.70926293742
882,Mississippi,Prentiss,-472237.915777273
250,Florida,Lake,-17891766.963052336
1343,Oklahoma,Jackson,-519415.23850978946
127,Arkansas,Monroe,-423318.5086941297
169,Colorado,Delta,-93278.91255703024
1022,Nebraska,Brown,-82190.68559166283
1275,Ohio,Meigs,-20083.222551070896
549,Illinois,Piatt,-238014.59099111176
1145,North Carolina,Clay,-58520.00698362372
1609,Texas,Gaines,-147588.75137906196
343,Georgia,Gordon,-506065.7104459626
1805,Utah,Washington,-415606.83786015876
777,Michigan,Ingham,-281968.2346483185
1801,Utah,Tooele,-351055.9558663864
670,Iowa,Winnebago,-216515.64180619633
1137,North Carolina,Caldwell,-64997.98315215524
1213,North Carolina,Vance,-434704.6021681455
529,Illinois,Logan,-339172.8758465975
1256,Ohio,Harrison,-51959.94233321736
615,Iowa,Guthrie,-2755788.976710082
896,Mississippi,Union,-101796.17409283613
392,Georgia,Pierce,-330244.6521733848
1219,North Carolina,Wilkes,-1453415.7620106472
471,Idaho,Minidoka,-20176.487420287496
644,Iowa,Monroe,-17953.503134144194
452,Idaho,Canyon,-119485.87886962204
1565,Texas,Clay,-86282.81815856385
790,Michigan,Lenawee,-174972.4909030555
19,Alabama,Covington,-476773.1454106442
1890,Virginia,Powhatan,-329502.2554573318
1397,South Carolina,Cherokee,-80581.560643513
821,Michigan,Tuscola,-72528.5648312305
1523,Tennessee,Weakley,-53824.39746364691
1132,North Carolina,Bladen,-84295.89222792594
348,Georgia,Hall,-107577.84741438093
1851,Virginia,Frederick,-176151.26480134984
1209,North Carolina,Swain,-416970.2996815665
180,Colorado,Gunnison,-85778.51315947827
967,Missouri,Marion,-995861.3274430044
1603,Texas,Floyd,-50802.138024484346
1561,Texas,Castro,-65796.75144801126
1478,Tennessee,Knox,-154125.34988049918
554,Illinois,Randolph,-1634813.1739057016
447,Idaho,Bonner,-2374780.8796081226
648,Iowa,Page,-191310.65994601935
588,Iowa,Butler,-2952.9662597574493
796,Michigan,Marquette,-49172.59359074102
239,Florida,Hamilton,-367652.0051050304
65,Arizona,Apache,-333296.71042345674
587,Iowa,Buena Vista,-58428.76954796311
760,Michigan,Cheboygan,-274835.07693501504
584,Iowa,Boone,-61258.80976408627
1393,South Carolina,Beaufort,-1515536.3488039703
1048,Nebraska,Garden,-151892.49959450238
72,Arizona,Maricopa,-19919.960579482675
1055,Nebraska,Harlan,-42517.50303957254
1573,Texas,Comanche,-177659.1503674658
687,Louisiana,Catahoula,-10454.000392329675
825,Michigan,Wexford,-7410975.210362219
1755,Texas,Upton,-47621.848364970094
298,Georgia,Butts,-44513.50065356336
1830,Virginia,Brunswick,-119826.74363944243
1348,Oklahoma,Kiowa,-2018256.1642243338
137,Arkansas,Pope,-2540180.00756144
887,Mississippi,Simpson,-108032.71118326957
249,Florida,Lafayette,-5421.525918492161
1655,Texas,Kendall,-6002.419609419987
1032,Nebraska,Colfax,-316015.4450390156
1279,Ohio,Montgomery,-17702.969104764587
1577,Texas,Cottle,-262546.2368829631
31,Alabama,Hale,-149464.60115533878
1804,Utah,Wasatch,-60912.079665216545
744,Massachusetts,Worcester,-24778.02490134828
1045,Nebraska,Frontier,-128690.70032453997
829,Mississippi,Attala,-2583315.437679994
115,Arkansas,Johnson,-329422.66531979805
361,Georgia,Jenkins,-3008144.5010261424
1101,Nebraska,Valley,-206546.15483391704
1528,Texas,Andrews,-32872.11677944012
282,Georgia,Atkinson,-52721.18770159315
933,Missouri,Crawford,-178461.4694977025
211,Colorado,San Miguel,-59472.794316935004
873,Mississippi,Neshoba,-232584.72258064663
224,Florida,Calhoun,-171480.92290353356
414,Georgia,Terrell,-198686.18320593948
1377,Oklahoma,Sequoyah,-703100.8487766423
1014,Nebraska,Adams,-78718.30817208774
1504,Tennessee,Roane,-449114.9612418475
191,Colorado,Lincoln,-192113.82026706892
1865,Virginia,James City,-69038.24188707046
1812,Vermont,Franklin,-65724.6569022164
357,Georgia,Jackson,-568813.5429532139
228,Florida,Collier,-22209.841739657506
1792,Utah,Millard,-87392.61269540561
1907,Virginia,Suffolk,-105712.41689369791
701,Louisiana,Lafourche,-282139.41713255143
1856,Virginia,Greene,-266258.4652657969
1711,Texas,Polk,-131529.9082677424
1164,North Carolina,Halifax,-43663.98598345519
1157,North Carolina,Franklin,-49584.6909397962
1903,Virginia,Smyth,-88928.33351437945
376,Georgia,McDuffie,-214877.7241492913
430,Georgia,Wayne,-57505.57563550042
28,Alabama,Franklin,-156928.38597036246
38,Alabama,Lawrence,-126347.17471474326
1019,Nebraska,Boone,-62850.170430847415
372,Georgia,Lumpkin,-20275.064087071576
1330,Oklahoma,Custer,-4919570.792460062
263,Florida,Orange,-41631.096558985526
491,Illinois,Champaign,-54906.88088259862
926,Missouri,Chariton,-2786074.0319078146
624,Iowa,Iowa,-119964.29778003949
1832,Virginia,Buckingham,-108083.03629073771
1368,Oklahoma,Pawnee,-143845.08746850834
1130,North Carolina,Beaufort,-351665.4067685339
1069,Nebraska,Lincoln,-8052.121764984824
1445,Tennessee,Claiborne,-11550.47699255799
1148,North Carolina,Craven,-95667.91834416037
740,Massachusetts,Hampden,-114969.7515316213
400,Georgia,Richmond,-55849.810784582325
1015,Nebraska,Antelope,-105763.32968441417
897,Mississippi,Walthall,-401296.4038897491
620,Iowa,Henry,-4003.732709341556
1292,Ohio,Richland,-134863.40016502218
1108,Nevada,Churchill,-3617264.1893162862
661,Iowa,Tama,-25377.699467090108
1633,Texas,Hidalgo,-4840310.851308365
800,Michigan,Midland,-51880.479060573896
48,Alabama,Monroe,-231731.9208624374
801,Michigan,Missaukee,-828528.8487020306
1086,Nebraska,Red Willow,-50952.988729670615
389,Georgia,Paulding,-68299.91134661454
941,Missouri,Gasconade,-759750.6604309954
318,Georgia,Coweta,-61104.11241809906
37,Alabama,Lauderdale,-298483.63940777234
1270,Ohio,Lucas,-138968.5257900656
703,Louisiana,Livingston,-81620.7501070192
1656,Texas,Kenedy,-107122.02117665033
1244,Ohio,Erie,-268147.78548275144
1412,South Carolina,Horry,-1078749.7842193237
1762,Texas,Ward,-76235.93042928413
692,Louisiana,East Feliciana,-374779.15742318955
1834,Virginia,Caroline,-343584.0701714403
1747,Texas,Terry,-614061.5614892412
29,Alabama,Geneva,-2790.013754766085
1477,Tennessee,Johnson,-62983.18284797391
1766,Texas,Wheeler,-45160.43852467887
469,Idaho,Lincoln,-14480.920696832218
724,Louisiana,West Carroll,-695020.0884704624
1768,Texas,Wilbarger,-2215721.6951629343
278,Florida,Wakulla,-504610.9721577468
1613,Texas,Goliad,-17324.268151480173
1543,Texas,Borden,-556770.1033618087
1686,Texas,McMullen,-46879.918122230665
607,Iowa,Dubuque,-1296167.982159341
1537,Texas,Bastrop,-180553.5793419805
66,Arizona,Cochise,-30820.00228334929
1501,Tennessee,Polk,-6609849.325842369
1787,Utah,Garfield,-4131248.8224430257
383,Georgia,Morgan,-27221.793589369037
177,Colorado,Garfield,-218996.3757427465
533,Illinois,Marion,-1134309.7308818486
437,Georgia,Wilkinson,-119197.73554167844
1107,Nevada,Carson City,-407697.28487247985
246,Florida,Indian River,-36007.55115016911
961,Missouri,Lincoln,-121178.3406370436
1185,North Carolina,Moore,-17861.837806676467
603,Iowa,Decatur,-3029059.7839734033
1008,Missouri,Warren,-31647.31889726651
513,Illinois,Henderson,-225447.2956347022
1849,Virginia,Fluvanna,-259083.44108888396
1769,Texas,Willacy,-160095.53836545686
1835,Virginia,Carroll,-120768.03722033111
1123,Nevada,White Pine,-297375.554313187
942,Missouri,Gentry,-62930.9552252551
850,Mississippi,Holmes,-87323.87183119598
1155,North Carolina,Edgecombe,-3433601.009733243
1450,Tennessee,Cumberland,-219180.0406542999
1431,South Carolina,Williamsburg,-1557861.0543809452
221,Florida,Bradford,-1109232.9103313568
1915,Virginia,Wise,-13325.301159583585
1152,North Carolina,Davie,-715641.2856842589
44,Alabama,Marengo,-1036707.7240239473
535,Illinois,Mason,-823036.6794630483
22,Alabama,Dale,-164848.2172601586
1180,North Carolina,Martin,-1098662.1899942139
759,Michigan,Charlevoix,-96504.97178790026
795,Michigan,Manistee,-741032.7853048383
476,Idaho,Power,-11432.619617420165
1419,South Carolina,Marion,-15179532.859094001
802,Michigan,Monroe,-176464.40408455572
1298,Ohio,Stark,-951157.8307602595
230,Florida,Dixie,-180704.7485417002
1453,Tennessee,Dickson,-186737.3885585435
561,Illinois,Shelby,-189473.29972690067
157,Colorado,Archuleta,-621484.8171894443
664,Iowa,Van Buren,-4894.237310918932
1176,North Carolina,Lenoir,-842078.2817858898
280,Florida,Washington,-82150.98159574883
1338,Oklahoma,Greer,-1002266.834381077
386,Georgia,Newton,-76261.09736932525
745,Michigan,Alcona,-165888.23940935486
1007,Missouri,Vernon,-157236.21350843608
76,Arizona,Pinal,-1322725.4343364073
1730,Texas,San Saba,-33582.28048990627
1257,Ohio,Henry,-286092.0234177397
1765,Texas,Wharton,-92803.65298147612
468,Idaho,Lewis,-120748.64520247385
509,Illinois,Grundy,-39179.64805210389
1760,Texas,Walker,-106953.67888194555
1855,Virginia,Grayson,-22846.336004069828
531,Illinois,Macoupin,-73607.5994025177
1745,Texas,Taylor,-1830449.0666240833
1879,Virginia,Nelson,-480099.3821662128
1726,Texas,Sabine,-136633.36366312645
1040,Nebraska,Dodge,-54741.2034106786
516,Illinois,Jackson,-1681230.8467650714
1732,Texas,Scurry,-264208.5675007635
1206,North Carolina,Stanly,-736116.1561813847
227,Florida,Clay,-256652.41976929968
1508,Tennessee,Sequatchie,-1325394.6545701118
666,Iowa,Warren,-21635.992938117444
676,Louisiana,Allen,-98356.42468788626
1875,Virginia,Mathews,-212909.05393937055
1426,South Carolina,Richland,-191650.14413294516
812,Michigan,Oscoda,-34127.92950213165
1317,Oklahoma,Bryan,-20930.675692761128
1154,North Carolina,Durham,-546251.4740054453
1287,Ohio,Pickaway,-39680.45384932214
1684,Texas,McCulloch,-291019.139493776
730,Maine,Knox,-61348.45856970659
1144,North Carolina,Chowan,-91946.54599279047
1296,Ohio,Seneca,-35155.37239998966
167,Colorado,Crowley,-11303217.790053112
953,Missouri,Jasper,-59420.784510516794
1555,Texas,Calhoun,-40555.61383136015
1000,Missouri,Shannon,-44430.837414282716
1557,Texas,Cameron,-54561.24184759159
1589,Texas,Dickens,-29057.319291962784
675,Louisiana,Acadia,-49452.019706646504
855,Mississippi,Jasper,-9233.698946997538
866,Mississippi,Lincoln,-41171.50749769998
1336,Oklahoma,Grady,-1248479.6045634719
629,Iowa,Jones,-1388143.8670255924
1358,Oklahoma,McIntosh,-177644.14560166985
206,Colorado,Rio Blanco,-289932.5373170292
444,Idaho,Bingham,-126260.06445482046
1488,Tennessee,Marshall,-50980.72675099356
551,Illinois,Pope,-40787.66144773383
969,Missouri,Mercer,-553716.4007311014
14,Alabama,Cleburne,-168425.93261995388
1248,Ohio,Fulton,-214152.96704358055
189,Colorado,Larimer,-56533.50208222909
618,Iowa,Hardin,-507213.6455538338
1798,Utah,Sanpete,-18561.23421007528
881,Mississippi,Pontotoc,-110332.9760914792
474,Idaho,Owyhee,-128378.64141472036
609,Iowa,Fayette,-5161615.570625171
1226,Ohio,Ashtabula,-23402.56841374701
432,Georgia,Wheeler,-45479.148840283044
1458,Tennessee,Gibson,-1178230.3755124968
573,Illinois,Will,-320218.30759434856
927,Missouri,Christian,-137930.35260311278
1495,Tennessee,Moore,-15155.130370950774
1506,Tennessee,Rutherford,-136309.6871269004
1028,Nebraska,Chase,-2969705.997553888
204,Colorado,Prowers,-1493782.7980628675
1323,Oklahoma,Cimarron,-107084.61120513457
1253,Ohio,Hamilton,-2842351.711582437
1120,Nevada,Pershing,-110873.49399872537
1693,Texas,Montague,-14204.374855519938
32,Alabama,Henry,-91181.4061116935
398,Georgia,Rabun,-8108.839412222085
1874,Virginia,Madison,-480712.38007268694
429,Georgia,Washington,-90126.48622108961
1513,Tennessee,Sullivan,-26936.14929393849
1582,Texas,Dallam,-42868.64651482272
267,Florida,Pinellas,-244243.41450394288
427,Georgia,Ware,-76718.27322242531
1205,North Carolina,Scotland,-169460.74871139065
1692,Texas,Mitchell,-99803.80295627893
1843,Virginia,Dickenson,-68562.2149573674
46,Alabama,Marshall,-240209.79933727265
895,Mississippi,Tunica,-31143.348315496314
1831,Virginia,Buchanan,-79575.27107903096
1924,New Hampshire,Merrimack,-617548.9370133181
776,Michigan,Huron,-113064.55964392763
1409,South Carolina,Greenville,-792361.1484311393
119,Arkansas,Lincoln,-206145.1236530894
1888,Virginia,Patrick,-103818.04025906746
1077,Nebraska,Nemaha,-51826.40356018271
1142,North Carolina,Chatham,-6086366.707119926
1131,North Carolina,Bertie,-415397.3960568759
1670,Texas,Liberty,-10117961.79384858
1332,Oklahoma,Dewey,-98009.99599042308
1717,Texas,Real,-9353.157342824945
570,Illinois,Wayne,-76932.60684743835
34,Alabama,Jackson,-16860968.403882653
625,Iowa,Jackson,-337921.29060208716
1840,Virginia,Craig,-2148035.4360652086
1867,Virginia,King George,-36645.56850216449
1624,Texas,Hardeman,-53404.34945325889
435,Georgia,Wilcox,-28830.01751865168
1371,Oklahoma,Pontotoc,-1687809.556369222
772,Michigan,Grand Traverse,-10893.687101775386
1672,Texas,Lipscomb,-104295.76207099712
787,Michigan,Lake,-28721.732354696505
1870,Virginia,Lee,-225079.391341177
1878,Virginia,Montgomery,-436137.24408287584
525,Illinois,Lake,-230044.50646957007
546,Illinois,Ogle,-541460.6322751481
1719,Texas,Reeves,-11948026.861424975
1777,Texas,Zapata,-56189.77952123303
936,Missouri,Daviess,-116727.0527952619
439,Idaho,Ada,-61321.93768914482
1842,Virginia,Cumberland,-495534.3725609378
674,Iowa,Wright,-1641355.826218455
1314,Oklahoma,Beaver,-146873.29705843938
270,Florida,Santa Rosa,-349784.02034578257
782,Michigan,Jackson,-74595.55351925029
1189,North Carolina,Onslow,-62605.61002100467
102,Arkansas,Faulkner,-12193.640388098229
335,Georgia,Fayette,-36943.83181679167
322,Georgia,Dawson,-8458.519734859012
251,Florida,Lee,-145602.536846793
1790,Utah,Juab,-169235.6196476408
1725,Texas,Rusk,-189028.6965794126
1217,North Carolina,Watauga,-24613.58324869194
623,Iowa,Ida,-189960.88705886737
213,Colorado,Summit,-42831.85250302991
1051,Nebraska,Grant,-735845.1064162946
1683,Texas,Maverick,-85167.83966773897
1810,Vermont,Chittenden,-3521848.8519933294
214,Colorado,Teller,-149611.9628152417
1635,Texas,Hockley,-359742.19299692515
621,Iowa,Howard,-420964.62047823716
858,Mississippi,Kemper,-103445.20015968679
1087,Nebraska,Richardson,-177536.72963804865
1767,Texas,Wichita,-104993.13169346427
162,Colorado,Chaffee,-113036.40998264866
1435,Tennessee,Benton,-88633.1848221992
154,Colorado,Adams,-298394.8199117578
713,Louisiana,Richland,-56073.707421514366
1174,North Carolina,Jones,-31371.433409120353
236,Florida,Gilchrist,-43037.98650825418
1866,Virginia,King and Queen,-21450.369239426713
262,Florida,Okeechobee,-226344.76092607167
423,Georgia,Union,-37405.62700601836
646,Iowa,Muscatine,-112073.92651872887
726,Louisiana,Winn,-40283.10925456007
288,Georgia,Bartow,-526296.5569077246
123,Arkansas,Madison,-2693195.7635640497
1560,Texas,Cass,-136364.605415401
1249,Ohio,Gallia,-11805.027800887827
1351,Oklahoma,Logan,-79515.00332629625
1235,Ohio,Clermont,-1372448.00063597
779,Michigan,Iosco,-107588.31592755503
1876,Virginia,Mecklenburg,-27986.407158131464
448,Idaho,Bonneville,-283704.7855440107
365,Georgia,Lanier,-273028.55105302855
233,Florida,Flagler,-179810.50809269212
1319,Oklahoma,Canadian,-229632.135866655
705,Louisiana,Morehouse,-237790.49443286922
347,Georgia,Habersham,-832859.5680958907
892,Mississippi,Tate,-134831.85610134454
405,Georgia,Spalding,-71682.19181784608
1872,Virginia,Louisa,-77532.961536772
1898,Virginia,Rockbridge,-170953.85377525858
1233,Ohio,Champaign,-126854.17166783006
1159,North Carolina,Gates,-107049.29282398913
1218,North Carolina,Wayne,-136142.1200462359
1665,Texas,Lamb,-3731.601283877315
1452,Tennessee,Decatur,-1218521.800449463
632,Iowa,Lee,-848020.0754645499
1182,North Carolina,Mecklenburg,-665503.9129175562
1739,Texas,Stephens,-44200.1566500308
1644,Texas,Jack,-17821.835080890636
1305,Ohio,Warren,-82083.49944675562
315,Georgia,Colquitt,-1236267.4687152468
1359,Oklahoma,Murray,-34315.60826962038
1247,Ohio,Franklin,-82194.21089521976
1474,Tennessee,Humphreys,-2359975.133371211
426,Georgia,Walton,-25143.535401084016
997,Missouri,Schuyler,-1527043.2680769432
1064,Nebraska,Keith,-187239.96492752119
82,Arkansas,Baxter,-71429.81834398185
1129,North Carolina,Avery,-53739.2309247353
642,Iowa,Mitchell,-6046781.095511897
863,Mississippi,Leake,-3473090.0708983927
1197,North Carolina,Polk,-243116.12857849937
1401,South Carolina,Colleton,-264740.275018599
714,Louisiana,Sabine,-1897699.4334111307
1480,Tennessee,Lauderdale,-111070.69045196041
141,Arkansas,Saline,-72135.70331459778
226,Florida,Citrus,-2410480.619843763
130,Arkansas,Newton,-1151782.4746560813
33,Alabama,Houston,-39579.398973416144
1815,Vermont,Rutland,-315552.10011641745
455,Idaho,Clark,-473098.91991859593
443,Idaho,Benewah,-152311.92471065852
1893,Virginia,Prince William,-66494.57589414834
783,Michigan,Kalamazoo,-222568.4477041702
888,Mississippi,Smith,-217938.7952659059
346,Georgia,Gwinnett,-50980.54629484813
450,Idaho,Butte,-1043090.3573545893
1171,North Carolina,Iredell,-463202.88749148184
1759,Texas,Victoria,-101169.22419160177
1167,North Carolina,Henderson,-32272.47076399179
1073,Nebraska,McPherson,-80002.71040809613
1727,Texas,San Augustine,-131730.55031442232
4,Alabama,Blount,-25351.540115586355
1813,Vermont,Grand Isle,-3275335.620587648
367,Georgia,Lee,-162096.84115013512
1288,Ohio,Pike,-137642.45689891485
544,Illinois,Morgan,-7300394.685335579
1196,North Carolina,Pitt,-375473.0210145584
490,Illinois,Cass,-511431.22571283975
924,Missouri,Cass,-282751.6978860801
117,Arkansas,Lawrence,-61779.85499207211
1511,Tennessee,Smith,-102442.31601648725
1892,Virginia,Prince George,-59500.630832738956
818,Michigan,Sanilac,-41922.942168815534
590,Iowa,Carroll,-68275.08530839504
723,Louisiana,West Baton Rouge,-596563.6931587413
1026,Nebraska,Cass,-296148.35355872475
636,Iowa,Lyon,-183884.14489601122
1884,Virginia,Northumberland,-301007.4483631315
1522,Tennessee,Wayne,-701877.5166293817
1793,Utah,Morgan,-119549.28085231184
1012,Missouri,Worth,-51286.603392873825
1036,Nebraska,Dawes,-189402.7667460522
1554,Texas,Caldwell,-37530.344022903344
49,Alabama,Montgomery,-342053.01954316767
886,Mississippi,Sharkey,-6928.851211000615
25,Alabama,Escambia,-68629.86039845456
1114,Nevada,Humboldt,-375930.7813383301
1124,North Carolina,Alamance,-16650316.54921302
155,Colorado,Alamosa,-3045812.524463217
1742,Texas,Sutton,-629536.9197155045
1370,Oklahoma,Pittsburg,-197761.72225074185
179,Colorado,Grand,-575287.1708075892
655,Iowa,Ringgold,1482.1174813721445
225,Florida,Charlotte,-109243.8668839093
1063,Nebraska,Kearney,-62848.94343043893
814,Michigan,Ottawa,-113035.8890730083
1098,Nebraska,Thayer,-214475.95946977104
462,Idaho,Gooding,-127881.75896183414
1546,Texas,Brazoria,-67895.94489120573
1220,North Carolina,Wilson,-40185.614389764916
1044,Nebraska,Franklin,-306565.65000354394
172,Colorado,Douglas,-1181282.572183506
142,Arkansas,Scott,-109023.74790695289
1638,Texas,Houston,-529942.8131624917
1100,Nebraska,Thurston,-40797.82929058071
479,Idaho,Twin Falls,-3059666.1054887893
1748,Texas,Throckmorton,-487704.2786361554
173,Colorado,Eagle,-99264.40492015365
1096,Nebraska,Sioux,-123645.76571164119
737,Massachusetts,Barnstable,-133377.0609719247
754,Michigan,Benzie,-840602.5476279897
395,Georgia,Pulaski,-6248.573655557202
678,Louisiana,Assumption,-64416.95113709931
971,Missouri,Mississippi,-238031.28142565483
1259,Ohio,Hocking,-186599.80192486627
1308,Ohio,Williams,-65095.77069855787
457,Idaho,Custer,-30735.007736530024
577,Iowa,Adair,-158367.09536743758
767,Michigan,Eaton,-213375.9689238331
407,Georgia,Stewart,-1485152.0010874053
769,Michigan,Genesee,-1196158.9064111921
1245,Ohio,Fairfield,-73557.88617058255
200,Colorado,Ouray,-1183811.3966697925
1737,Texas,Somervell,-153791.84439707763
1187,North Carolina,New Hanover,-83502.48537309762
810,Michigan,Ontonagon,-222537.9373952804
1479,Tennessee,Lake,-127886.67235654203
562,Illinois,Stark,-1196448.1922469637
53,Alabama,Pike,-44701.09848303075
1529,Texas,Angelina,-1130514.8329922594
1733,Texas,Shackelford,-2090777.4650087329
1718,Texas,Red River,-70813.98051756507
1860,Virginia,Hanover,-46166.84328575488
820,Michigan,Shiawassee,-8000.753824271827
1802,Utah,Uintah,-48424.12276239537
1382,Oklahoma,Wagoner,-112311.78982536314
139,Arkansas,Pulaski,-228460.18879056256
1,Alabama,Baldwin,-194876.8640525839
1165,North Carolina,Harnett,-102301.78735329064
1910,Virginia,Tazewell,-282989.7053467886
1498,Tennessee,Overton,-350502.5926636154
693,Louisiana,Evangeline,-21535.973343377445
809,Michigan,Ogemaw,-196995.6652660491
708,Louisiana,Ouachita,-50344.43035374564
522,Illinois,Kankakee,-757392.7474528208
440,Idaho,Adams,-73320.24098255722
935,Missouri,Dallas,-38406.36301887355
1922,New Hampshire,Grafton,-2827396.3644097736
165,Colorado,Conejos,-30378.941993671942
519,Illinois,Jersey,-96675.83624059538
813,Michigan,Otsego,-46419.02345718285
1825,Virginia,Augusta,-178568.08740648822
90,Arkansas,Clay,-84156.29470469904
354,Georgia,Henry,-368339.246008962
1215,North Carolina,Warren,-21056.934760675547
837,Mississippi,Clarke,-53513.243786362946
1085,Nebraska,Polk,-11047.716139425556
1198,North Carolina,Randolph,-106803.78250275338
1590,Texas,Dimmit,-39713.33175767238
983,Missouri,Perry,-237635.99862356126
147,Arkansas,Stone,-957064.331254187
473,Idaho,Oneida,-80434.45955862802
1268,Ohio,Logan,-2676370.5515960283
1030,Nebraska,Cheyenne,-65565.62213666813
1859,Virginia,Hampton,-265798.5765729835
557,Illinois,Saline,-256488.80869702116
691,Louisiana,East Carroll,-515581.5691950384
1203,North Carolina,Rutherford,-115035.38216428437
1857,Virginia,Greensville,-621442.0865031516
1271,Ohio,Madison,-139246.98714015045
1404,South Carolina,Dorchester,-113167.22731010013
112,Arkansas,Izard,-16091.32894582885
728,Maine,Franklin,-3107.1301524152927
143,Arkansas,Searcy,-41866.4508442293
1076,Nebraska,Nance,-278282.0332895701
394,Georgia,Polk,-1722367.920446578
1736,Texas,Smith,-138223.83929240238
1228,Ohio,Auglaize,-1504406.5433513124
1237,Ohio,Columbiana,-371159.9317426761
1568,Texas,Coleman,-53757.052349308055
175,Colorado,El Paso,-21624.183088279693
283,Georgia,Bacon,-123330.12841271251
1459,Tennessee,Giles,-58948.74296719059
986,Missouri,Pike,-204416.32205134095
64,Alabama,Winston,-57687.53596098587
720,Louisiana,Vernon,-37339.54804062353
108,Arkansas,Hempstead,-277466.6444423232
412,Georgia,Taylor,-26644.063237333234
317,Georgia,Cook,-129185.18214813681
960,Missouri,Lewis,-56923.98035593073
1680,Texas,Martin,-175982.51490887254
840,Mississippi,Copiah,-1565540.385761444
635,Iowa,Lucas,-73323.0732292836
1880,Virginia,New Kent,-13145.161645362025
932,Missouri,Cooper,-6395585.681604794
1239,Ohio,Crawford,-41363.735702385835
1283,Ohio,Noble,-27685.844523655353
109,Arkansas,Hot Spring,-83824.70113038787
1386,Oklahoma,Woodward,-1037595.4850548338
834,Mississippi,Chickasaw,-134352.90782266826
645,Iowa,Montgomery,-97311.49298753162
1774,Texas,Wood,-32524.133226688464
1740,Texas,Sterling,-24068.761587258683
1472,Tennessee,Hickman,-659824.3276782099
727,Maine,Cumberland,-380951.2291093824
10,Alabama,Chilton,-251648.76463732106
1896,Virginia,Richmond,-175836.06612382008
1299,Ohio,Summit,-468683.31504778675
1434,Tennessee,Bedford,-109973.41229569109
857,Mississippi,Jones,-133936.9409778016
1580,Texas,Crosby,-11456.07961536017
811,Michigan,Osceola,-80740.15450479218
69,Arizona,Graham,-27158.8562078127
182,Colorado,Huerfano,-23896.601213981063
306,Georgia,Chattahoochee,-474196.17603543564
86,Arkansas,Calhoun,-396050.3239340168
1574,Texas,Concho,-615226.6837949903
1679,Texas,Marion,-2350731.064778194
1531,Texas,Archer,-21595.681628018494
750,Michigan,Arenac,-101799.39974677147
181,Colorado,Hinsdale,-38161.47595050374
1746,Texas,Terrell,-1887642.435660238
1612,Texas,Glasscock,-41578.46323971027
950,Missouri,Howell,-303967.84962523694
1312,Oklahoma,Alfalfa,-115897.47743206564
686,Louisiana,Cameron,-171786.6250912409
1881,Virginia,Newport News,-35834.18665189133
506,Illinois,Fulton,-950220.7300609087
434,Georgia,Whitfield,-123478.72667710163
77,Arizona,Santa Cruz,-5932930.568572618
1854,Virginia,Goochland,-298675.33794663654
662,Iowa,Taylor,-272483.36740070354
1163,North Carolina,Guilford,-17861.509025849962
1318,Oklahoma,Caddo,-19946.308949411665
2,Alabama,Barbour,-85938.27093705352
547,Illinois,Peoria,-45413.4915540395
1272,Ohio,Mahoning,-45456.43543999603
217,Colorado,Yuma,-239596.2600088986
891,Mississippi,Tallahatchie,-272525.3632134022
1597,Texas,El Paso,-6107568.558840257
1823,Virginia,Appomattox,-40445.7695136346
0,Alabama,Autauga,-1218132.7271808744
914,Missouri,Bollinger,-22177.782190446087
990,Missouri,Putnam,-17563.40244304212
198,Colorado,Morgan,-58442.389866193305
101,Arkansas,Drew,-2654564.4064914044
1476,Tennessee,Jefferson,-58919.178367862885
1126,North Carolina,Alleghany,-79234.58767450137
488,Illinois,Calhoun,-278292.9823700313
212,Colorado,Sedgwick,-112064.58715079486
403,Georgia,Screven,-245895.52079465362
883,Mississippi,Quitman,-1013040.840736632
915,Missouri,Boone,-207831.5517747246
859,Mississippi,Lafayette,-718417.9539792815
1780,Utah,Box Elder,-269165.007820401
1199,North Carolina,Richmond,-104096.00824253524
978,Missouri,Nodaway,-629983.3662766267
1054,Nebraska,Hamilton,-279113.2268825445
1416,South Carolina,Laurens,-3663709.864758519
832,Mississippi,Calhoun,-239934.1771788912
336,Georgia,Floyd,-200135.6964232812
1092,Nebraska,Scotts Bluff,-35339.711958111526
307,Georgia,Chattooga,-1576650.0171053684
1795,Utah,Rich,-233152.52214485593
478,Idaho,Teton,-446254.28669842565
1908,Virginia,Surry,-91643.39745876292
1658,Texas,Kerr,-150307.3682641942
1502,Tennessee,Putnam,-1793219.9763808304
184,Colorado,Jefferson,-183622.52590714945
1178,North Carolina,Macon,2220.6301129144617
1329,Oklahoma,Creek,-39815.958355381656
660,Iowa,Story,-2525929.6246615103
256,Florida,Manatee,-724869.2627700989
1166,North Carolina,Haywood,-119479.20697638985
321,Georgia,Dade,-915312.7819104599
89,Arkansas,Clark,-280908.86801163113
63,Alabama,Wilcox,-67426.16655660805
742,Massachusetts,Norfolk,-9309207.549155941
93,Arkansas,Columbia,-5197718.268809271
1500,Tennessee,Pickett,-202181.4710779059
1090,Nebraska,Sarpy,-97039.44150526931
73,Arizona,Mohave,-4109615.1257187556
1567,Texas,Coke,-7130.610762910399
1761,Texas,Waller,-11723.549076699444
1099,Nebraska,Thomas,-45105.056685523596
591,Iowa,Cass,-67726.16111739667
128,Arkansas,Montgomery,-363626.64846981724
74,Arizona,Navajo,-198099.3257244871
1031,Nebraska,Clay,-377337.80381041754
1826,Virginia,Bath,-36630.625257085136
284,Georgia,Baker,-2436507.980846662
1006,Missouri,Texas,-231706.40737787733
481,Idaho,Washington,-318726.3481106007
1900,Virginia,Russell,-849714.8747111075
203,Colorado,Pitkin,-176790.7720630881
1427,South Carolina,Saluda,-35935.11770903803
475,Idaho,Payette,-519868.1272817077
47,Alabama,Mobile,-79870.45113988078
1584,Texas,Dawson,-63686.83859803557
569,Illinois,Washington,-239146.4562329967
1112,Nevada,Esmeralda,-80098.08864928377
1471,Tennessee,Henry,-9018.54862180433
1716,Texas,Reagan,-38350.87867806376
1333,Oklahoma,Ellis,-18581.62251098056
1334,Oklahoma,Garfield,-792537.4689901171
1214,North Carolina,Wake,-108191.46185097483
1853,Virginia,Gloucester,-123856.5606625189
996,Missouri,Saline,-20231.350499604116
1493,Tennessee,Monroe,-224151.96405718214
946,Missouri,Henry,-16603.374100318135
763,Michigan,Clinton,-37633.341312232384
612,Iowa,Fremont,-112973.0570331543
384,Georgia,Murray,-11809.34593615263
15,Alabama,Coffee,-10143.733238761037
252,Florida,Leon,-1850581.3768667614
87,Arkansas,Carroll,-15100.086523625538
1349,Oklahoma,Latimer,-149022.0160338312
1232,Ohio,Carroll,-407322.66443084757
331,Georgia,Elbert,-1512253.1965465038
1738,Texas,Starr,-100394.74622278477
1304,Ohio,Vinton,-38084.11708353217
1691,Texas,Mills,-175000.09919558495
504,Illinois,Ford,-154448.90057380046
1295,Ohio,Scioto,-171361.5195566055
1046,Nebraska,Furnas,-327659.42559359345
1070,Nebraska,Logan,-46754770.46623845
631,Iowa,Kossuth,-114149.02701318378
178,Colorado,Gilpin,-142259.87830339224
833,Mississippi,Carroll,-1630005.457381172
433,Georgia,White,-1166398.6613721536
1757,Texas,Val Verde,-41522.46550042913
1432,South Carolina,York,-147880.15808811356
595,Iowa,Chickasaw,-277253.16836076166
121,Arkansas,Logan,-9995.123314730268
209,Colorado,Saguache,-127495.39405126571
254,Florida,Liberty,-3872479.918749514
797,Michigan,Mason,-175974.82199976515
576,Illinois,Woodford,-86327.26058805677
669,Iowa,Webster,-262158.9936698065
647,Iowa,Osceola,-379508.35491467145
1887,Virginia,Page,-223516.410407843
1593,Texas,Eastland,-865906.5929065172
409,Georgia,Talbot,-6920.122589371725
1280,Ohio,Morgan,-2853758.360247106
1141,North Carolina,Catawba,-104912.25410480148
989,Missouri,Pulaski,-446999.55664198135
1710,Texas,Pecos,-262019.21198297708
1659,Texas,Kimble,-333578.60005759716
768,Michigan,Emmet,-70877.48065166893
1216,North Carolina,Washington,-417958.9825228515
639,Iowa,Marion,-256731.9621045449
1352,Oklahoma,Love,-28722.807499935167
1532,Texas,Armstrong,-335639.7488121097
596,Iowa,Clarke,-108988.1494830908
1846,Virginia,Fairfax,-128161.8409378791
1047,Nebraska,Gage,-295618.68315542594
1541,Texas,Bexar,-1883846.7980903843
977,Missouri,Newton,-43903.117347244915
196,Colorado,Montezuma,-83788.06821201157
1806,Utah,Wayne,-1257261.8003695034
1899,Virginia,Rockingham,-54369.00601535356
1845,Virginia,Essex,-53448.59452743626
903,Mississippi,Winston,-20824.94301429413
1088,Nebraska,Rock,-7288002.030323811
752,Michigan,Barry,-324506.68247065844
1436,Tennessee,Bledsoe,-230981.51995697763
1082,Nebraska,Phelps,-575416.1919921818
1002,Missouri,Stoddard,-382683.76807599276
1136,North Carolina,Cabarrus,-64924.9811323458
966,Missouri,Maries,-26232132.24897126
1917,Virginia,York,-246879.6762754041
1695,Texas,Moore,-336396.8080821421
654,Iowa,Poweshiek,-117367.26994044158
1703,Texas,Ochiltree,-261155.47951951588
902,Mississippi,Wilkinson,-48646.97874242671
1421,South Carolina,McCormick,-1568861.7484496972
1201,North Carolina,Rockingham,-146282.4647012094
1186,North Carolina,Nash,-69880.00312207913
824,Michigan,Wayne,-39230.30379045671
1366,Oklahoma,Osage,-726634.81522632
337,Georgia,Forsyth,-761699.3876056026
1784,Utah,Davis,-17506.134043520266
593,Iowa,Cerro Gordo,-390497.42769786133
1818,Vermont,Windsor,-943624.9719680273
528,Illinois,Livingston,-60267.88482645445
231,Florida,Duval,-32701.106466446246
1005,Missouri,Taney,-322503.9277252288
287,Georgia,Barrow,-119938.66891109775
680,Louisiana,Beauregard,-306011.5498915387
682,Louisiana,Bossier,-149990.4624525268
1535,Texas,Bailey,-560765.6982223915
359,Georgia,Jeff Davis,-20875.26025129435
951,Missouri,Iron,-336905.13829973125
1516,Tennessee,Trousdale,-397051.02442738775
1441,Tennessee,Carroll,-109223.61264265297
511,Illinois,Hancock,-379804.70895376103
1595,Texas,Edwards,-139407.45297483698
1395,South Carolina,Calhoun,-129767.67382400554
530,Illinois,Macon,-15871.465399008644
761,Michigan,Chippewa,-16215.007775067883
789,Michigan,Leelanau,-152822.65330883523
85,Arkansas,Bradley,-421810.7173805904
1035,Nebraska,Dakota,-60415.19140447666
849,Mississippi,Hinds,-202954.6522223741
458,Idaho,Elmore,-634324.8488621777
171,Colorado,Dolores,-43021.4161373908
1607,Texas,Freestone,-40494.33628386966
1374,Oklahoma,Roger Mills,-1575818.5461492767
672,Iowa,Woodbury,-245524.50118642166
1138,North Carolina,Camden,-120216.18287927829
667,Iowa,Washington,-75244.2902833782
133,Arkansas,Phillips,-522690.040622449
1599,Texas,Falls,-106916.86455473573
1527,Texas,Anderson,-344987.5480500271
273,Florida,Sumter,-178664.25105566304
679,Louisiana,Avoyelles,-61501.21329729663
1184,North Carolina,Montgomery,-187548.49882810525
81,Arkansas,Ashley,-288623.7766202406
1714,Texas,Rains,-54403.576614568534
498,Illinois,Cumberland,-86133.95284615987
9,Alabama,Cherokee,-411268.3113691597
1110,Nevada,Douglas,-625813.2611289427
222,Florida,Brevard,-37720.75116460736
871,Mississippi,Monroe,-387868.5164226108
1455,Tennessee,Fayette,-400186.87265603966
571,Illinois,White,-60051.91612405758
369,Georgia,Lincoln,-3695784.629918807
622,Iowa,Humboldt,-52569.5338075426
497,Illinois,Crawford,-1175635.9724620583
477,Idaho,Shoshone,-1978165.2495759153
957,Missouri,LaClede,-63687.681331206935
1057,Nebraska,Hitchcock,-6476480.013290708
1310,Ohio,Wyandot,-34618.74192885977
552,Illinois,Pulaski,-258508.27209826332
99,Arkansas,Dallas,-203131.7101872463
421,Georgia,Turner,-81371.28837339711
917,Missouri,Butler,-946150.9005386117
1029,Nebraska,Cherry,-350485.2235335079
704,Louisiana,Madison,-1894885.5241619903
1353,Oklahoma,Major,-87582.53621052044
1263,Ohio,Jefferson,-107102.32091269313
50,Alabama,Morgan,-38508.0596037242
580,Iowa,Appanoose,-80717.20904015997
874,Mississippi,Newton,-76442.08072327834
1462,Tennessee,Grundy,-84689.24242539049
1156,North Carolina,Forsyth,-79108.09836071378
1630,Texas,Hays,-13742.530473739535
248,Florida,Jefferson,-2914724.006398481
1871,Virginia,Loudoun,-92523.55271311852
1361,Oklahoma,Noble,-22112.186131403505
1246,Ohio,Fayette,-409412.1115350452
174,Colorado,Elbert,-2277066.3089068476
751,Michigan,Baraga,-48200.00633858495
401,Georgia,Rockdale,-90680.08612305709
1623,Texas,Hansford,-178553.22022393273
1734,Texas,Shelby,-33746.56606436902
1105,Nebraska,Wheeler,-425810.2350834609
417,Georgia,Toombs,-686506.8220130325
124,Arkansas,Marion,-20109228.132032957
545,Illinois,Moultrie,-15713.526289048841
839,Mississippi,Coahoma,-226599.5486685554
393,Georgia,Pike,-946538.9280075198
1325,Oklahoma,Coal,-17304649.700767383
1418,South Carolina,Lexington,-20252.2488812438
1657,Texas,Kent,-64396.63975323124
1350,Oklahoma,Lincoln,-131203.9073816559
1786,Utah,Emery,-558622.2390743381
885,Mississippi,Scott,-1404578.5298314856
216,Colorado,Weld,-13946.701886045277
269,Florida,Putnam,-409860.17939928174
889,Mississippi,Stone,-6053358.313862596
982,Missouri,Pemiscot,-18493.28588258569
138,Arkansas,Prairie,-125495.77736788942
681,Louisiana,Bienville,-1991492.0694463002
991,Missouri,Ralls,-110516.70071441782
558,Illinois,Sangamon,-77740.54938286396
1067,Nebraska,Knox,-128038.68277097572
747,Michigan,Allegan,-84160.45458875106
908,Missouri,Atchison,-5367949.231646728
164,Colorado,Clear Creek,-119159.31325303744
1043,Nebraska,Fillmore,-581255.07691944
614,Iowa,Grundy,-810701.383308645
436,Georgia,Wilkes,-178228.87192785912
1470,Tennessee,Henderson,-847491.5048721873
741,Massachusetts,Nantucket,-44655.03201141491
735,Maine,Washington,-34906.9205010623
663,Iowa,Union,-85282.97653531429
20,Alabama,Crenshaw,-1538067.4987410181
80,Arkansas,Arkansas,-447151.5933957971
732,Maine,Oxford,-105060.61881500948
712,Louisiana,Red River,-1022004.5017072007
826,Mississippi,Adams,-72506.71224703679
1489,Tennessee,Maury,-2557333.965504941
1824,Virginia,Arlington,-71102.13096112835
454,Idaho,Cassia,-132285.055600492
453,Idaho,Caribou,-974002.7127316538
1614,Texas,Gonzales,-22587.82408618668
1173,North Carolina,Johnston,-47936.18923822209
665,Iowa,Wapello,-174772.06260512015
1701,Texas,Nolan,-210004.80317461156
698,Louisiana,Jackson,-266385.8033524544
994,Missouri,Reynolds,-67073.03936933215
399,Georgia,Randolph,-105879.86248607468
1402,South Carolina,Darlington,-126922.72807525833
100,Arkansas,Desha,-47632.965422324756
1562,Texas,Chambers,-115564.81116275844
911,Missouri,Barton,-274684.4603401268
1653,Texas,Karnes,-75269.09831112299
1381,Oklahoma,Tulsa,-450985.8872703428
415,Georgia,Thomas,-1191394.329243303
1321,Oklahoma,Cherokee,-33338.64297806303
70,Arizona,Greenlee,-1743566.9041329925
1133,North Carolina,Brunswick,-882660.6128854018
261,Florida,Nassau,-473704.2562359657
1800,Utah,Summit,-64106.56612590365
1492,Tennessee,Meigs,-35153.93495657351
1797,Utah,San Juan,-133833.8593900489
11,Alabama,Choctaw,-470777.0797968874
755,Michigan,Berrien,-621812.0393662825
984,Missouri,Pettis,-126527.35416445092
304,Georgia,Charlton,-286334.92182356736
1764,Texas,Webb,-261976.60577364056
1799,Utah,Sevier,-40378.74308068625
1411,South Carolina,Hampton,-10178.328843515594
910,Missouri,Barry,-4787554.155290276
1862,Virginia,Henry,-1355595.073566453
1822,Virginia,Amherst,-392720.26380332577
995,Missouri,Ripley,-31221.102672294957
234,Florida,Franklin,-14573.179153237423
71,Arizona,La Paz,-112295.24768868303
1570,Texas,Collingsworth,-249947.4001381158
1400,South Carolina,Clarendon,-133947.21416726013
451,Idaho,Camas,-86054.64317183857
831,Mississippi,Bolivar,-9213.176558210753
541,Illinois,Mercer,-98804.9548696917
805,Michigan,Muskegon,-19378.247090395853
537,Illinois,McDonough,-223354.1143624583
515,Illinois,Iroquois,-302494.0124961524
893,Mississippi,Tippah,-2029090.4610386633
1290,Ohio,Preble,-143051.6563955601
540,Illinois,Menard,-5044185.152054215
1079,Nebraska,Otoe,-547172.893078156
1885,Virginia,Nottoway,-63783.111342811615
613,Iowa,Greene,-624883.9155838387
1507,Tennessee,Scott,-196548.11814935156
597,Iowa,Clay,-59248.71603409372
1464,Tennessee,Hamilton,-452861.9054064959
739,Massachusetts,Franklin,-119153.30092949643
202,Colorado,Phillips,-81771.26482403815
1017,Nebraska,Banner,-2301304.7209229423
856,Mississippi,Jefferson,-10723.456893581038
268,Florida,Polk,-37736.651664106
1119,Nevada,Nye,-150144.02142458202
333,Georgia,Evans,-37921.12045964686
1250,Ohio,Geauga,-1201206.777691885
279,Florida,Walton,-1155204.4742936764
1920,New Hampshire,Cheshire,-535510.4610445376
232,Florida,Escambia,-2349998.419119028
1585,Texas,Deaf Smith,-15828.190506290155
243,Florida,Highlands,-168238.37798861184
1547,Texas,Brazos,-170539.6821089721
27,Alabama,Fayette,-143314.74489029677
241,Florida,Hendry,-61351.70657809611
