,0,1,2
1871,New Hampshire,Belknap,6189.727975534195
152,Arkansas,Woodruff,930537.8731715975
1128,North Carolina,Lee,17987.623970222994
124,Arkansas,Marion,39561.44879108212
488,Illinois,Pulaski,335198.39274932933
372,Georgia,Wilkes,121148.04619038235
878,Mississippi,Calhoun,353061.7756350321
1817,Virginia,Isle of Wight,87135.39521565988
32,Alabama,Henry,16728.802069529913
208,Florida,Seminole,101083.52241751098
993,Missouri,Hickory,44200.78212206093
1800,Virginia,Fauquier,10181.807696285896
1457,Tennessee,Roane,357073.2576417679
190,Florida,Liberty,32832.9336944542
1468,Tennessee,Tipton,388177.1003070796
1308,Oklahoma,Mayes,34150.808362845404
77,Arizona,Santa Cruz,454123.5507231839
1316,Oklahoma,Okfuskee,1157350.9952078657
1192,Ohio,Crawford,100031.04078458414
545,Iowa,Fayette,23374.7563491182
404,Idaho,Lewis,22678.21802123582
228,Georgia,Bleckley,5880.683948461818
935,Mississippi,Stone,1993335.8157945108
1156,North Carolina,Rutherford,63899.691961480035
1493,Texas,Bell,314247.05884010857
1388,Tennessee,Benton,755044.8975903754
1056,Missouri,Wayne,195116.9739435546
752,Louisiana,Iberia,11536.830625583294
1157,North Carolina,Sampson,231058.43850666875
176,Florida,Hardee,28028.59168710708
40,Alabama,Limestone,316373.7028703149
1121,North Carolina,Hertford,82492.31222012566
30,Alabama,Greene,252600.31386837916
451,Illinois,Iroquois,39084.87869904721
1379,South Carolina,Richland,260353.2253316617
1786,Virginia,Campbell,315635.844533333
994,Missouri,Holt,118597.8665445034
761,Louisiana,Morehouse,317599.968290937
150,Arkansas,Washington,26085.807733902348
641,Kentucky,Edmonson,19543.888419953786
1503,Texas,Brooks,44398.135425280605
1012,Missouri,Maries,36046.15681261819
784,Massachusetts,Essex,3709.6374394578634
390,Idaho,Cassia,129997.55843160838
794,Michigan,Alpena,263161.2415124184
1030,Missouri,Pettis,103500.1135724399
877,Mississippi,Bolivar,-671.6981779449889
896,Mississippi,Holmes,27210.973394534496
722,Kentucky,Trimble,357335.30011760816
621,Kentucky,Boyle,3345003.1210594913
1694,Texas,Stonewall,91695.1976038648
495,Illinois,Schuyler,1238761.9109418066
1625,Texas,Lipscomb,324176.63689960446
1100,North Carolina,Columbus,153249.54725524195
1776,Virginia,Appomattox,310842.0151003795
439,Illinois,Fayette,164981.41813571588
1548,Texas,Edwards,997805.7616109755
271,Georgia,Fayette,121411.7176394719
958,Missouri,Bates,25899.496898469955
1866,Virginia,Washington,36785.50106750667
597,Iowa,Tama,102819.40513441093
1026,Missouri,Osage,355820.53463618294
18,Alabama,Coosa,329613.0363275338
1037,Missouri,Ralls,196980.03241253196
1760,Utah,Weber,1545207.1595034385
1092,North Carolina,Carteret,11446.718715213343
56,Alabama,Shelby,313379.3685443065
83,Arkansas,Benton,692587.390886877
163,Florida,Clay,14062.141229285113
72,Arizona,Maricopa,19937.00800212183
278,Georgia,Glynn,3443.1819786889605
1203,Ohio,Geauga,35945.010255958376
31,Alabama,Hale,21914.82737406285
199,Florida,Orange,112078.96299538446
118,Arkansas,Lee,456777.5810814741
1807,Virginia,Goochland,52948.05575533181
1050,Missouri,Sullivan,431871.57195634546
1215,Ohio,Jackson,67888.9639880711
169,Florida,Flagler,41762.51923178895
353,Georgia,Toombs,18119.1012980845
1452,Tennessee,Perry,191569.00629141787
301,Georgia,Lanier,7269.811821370211
1274,Oklahoma,Cherokee,223037.61854300436
910,Mississippi,Lee,336211.6452327095
241,Georgia,Chatham,56352.90537158618
769,Louisiana,Richland,13899.991291596765
370,Georgia,Whitfield,322350.5007724587
1643,Texas,Milam,37575.501484336346
1254,Ohio,Tuscarawas,231546.8811996
840,Michigan,Macomb,6244.958943015127
147,Arkansas,Stone,23753.80257944963
313,Georgia,McIntosh,32008.32698815498
1225,Ohio,Mahoning,62704.877722964826
697,Kentucky,Montgomery,47796.3265805142
1612,Texas,Kimble,313746.66552999604
1143,North Carolina,Orange,167527.63025481958
1857,Virginia,Southampton,342423.5401650774
1373,South Carolina,Marlboro,542820.4758579038
1534,Texas,Culberson,6578.782900512924
280,Georgia,Grady,111633.19892489165
1547,Texas,Ector,170471.88727802533
608,Iowa,Woodbury,2106735.8028560514
298,Georgia,Johnson,342799.53697347175
1307,Oklahoma,Marshall,380994.53208416066
1289,Oklahoma,Grady,6112.182099726671
425,Illinois,Carroll,9789.609613154238
1404,Tennessee,Davidson,1178253.3572536674
1361,South Carolina,Georgetown,-3860.318714640627
760,Louisiana,Madison,1299299.9123609422
1351,South Carolina,Chester,45089.62382977898
951,Mississippi,Yazoo,11001003.159952458
1491,Texas,Baylor,196607.03702449388
786,Massachusetts,Hampden,145157.60210767773
1336,Oklahoma,Washington,383875.31698765466
3,Alabama,Bibb,80200.36025537526
1076,Nevada,White Pine,21183.4335212686
1647,Texas,Montgomery,11627455.547291042
947,Mississippi,Webster,782240.0409944841
681,Kentucky,Logan,324166.7058118277
730,Kentucky,Woodford,346829.46531294263
1069,Nevada,Lincoln,21607.602377334486
1876,New Hampshire,Hillsborough,32288.890324386277
179,Florida,Highlands,-28.84566278494458
860,Michigan,Ottawa,256472.6799201746
1175,North Carolina,Yancey,70.91962738970687
304,Georgia,Liberty,69945.90592488213
192,Florida,Manatee,15320.923638100034
901,Mississippi,Jasper,10879.420634795959
356,Georgia,Troup,312363.1123057055
94,Arkansas,Conway,314937.115280673
708,Kentucky,Pike,10594.52994881068
193,Florida,Marion,312422.08447542577
209,Florida,Sumter,839644.4827516195
583,Iowa,Osceola,270097.60966927756
1004,Missouri,Lafayette,292211.1319078651
732,Louisiana,Allen,241559.53336517548
104,Arkansas,Fulton,134925.55980134493
874,Mississippi,Amite,139601.7869524142
51,Alabama,Perry,27235.15478412229
1498,Texas,Bowie,470013.8205556601
1257,Ohio,Vinton,406865.3718414296
1405,Tennessee,Decatur,203324.20274282858
105,Arkansas,Garland,104936.85400469166
1387,Tennessee,Bedford,-484.7513772096536
1063,Nevada,Douglas,19073.181055531015
6,Alabama,Butler,53994.36358021436
438,Illinois,Effingham,1086951.6985238679
258,Georgia,Dawson,1817784.1401728026
290,Georgia,Henry,252646.42214789125
1372,South Carolina,Marion,107004.40453216282
591,Iowa,Ringgold,345062.49337321694
1029,Missouri,Perry,16194.321164288585
793,Michigan,Allegan,11989.06594984833
934,Mississippi,Smith,20903.17247545409
1167,North Carolina,Wake,680899.9803623498
1228,Ohio,Meigs,3435617.1054681754
1439,Tennessee,Madison,26938.602259753934
600,Iowa,Van Buren,3215.163827413555
1717,Texas,Webb,37362.12410948339
1425,Tennessee,Hickman,191005.40420880856
292,Georgia,Irwin,49340.602919533616
386,Idaho,Butte,5525.585855450572
903,Mississippi,Jones,1116.1787920055249
311,Georgia,Marion,45742.099302810035
1560,Texas,Freestone,480858.19612052554
744,Louisiana,Claiborne,60456.33741729365
211,Florida,Taylor,8490.684885848286
1767,Vermont,Orange,694235.1368306724
864,Michigan,Sanilac,96458.18341809664
1781,Virginia,Bland,133029.96140246006
595,Iowa,Sioux,268539.5408951229
1522,Texas,Collin,80428.14173854499
928,Mississippi,Prentiss,6311.388738893889
1090,North Carolina,Caldwell,322180.32138261996
573,Iowa,Madison,13870.478654672712
1290,Oklahoma,Grant,-2444.130739592416
926,Mississippi,Pike,314887.1706357841
811,Michigan,Delta,25939.528400710067
1778,Virginia,Augusta,417642.43666741386
889,Mississippi,Franklin,59158.98872898247
391,Idaho,Clark,21831.284828114654
1581,Texas,Hartley,1347503.4276430383
319,Georgia,Morgan,6950.363214789541
1667,Texas,Rains,83954.68566662873
1432,Tennessee,Lake,449929.9146426372
1744,Utah,Kane,32316.569137339124
959,Missouri,Benton,13507.263130897849
1288,Oklahoma,Garvin,339123.00989312003
137,Arkansas,Pope,2306.148795038149
1827,Virginia,Madison,54260.58995117219
437,Illinois,Edwards,7775.099597767836
1326,Oklahoma,Pushmataha,297142.70408524247
395,Idaho,Franklin,183243.7915211912
1657,Texas,Oldham,155313.95322349228
315,Georgia,Miller,369944.8167534225
718,Kentucky,Spencer,623497.9770589992
1662,Texas,Parmer,15021.520579471731
1287,Oklahoma,Garfield,99411.8595703284
87,Arkansas,Carroll,326371.25717885187
1318,Oklahoma,Okmulgee,25191.454787155366
1563,Texas,Garza,928098.4200986775
1674,Texas,Roberts,9552.636885865497
1873,New Hampshire,Cheshire,807313.8418806563
173,Florida,Glades,369405.84490365756
550,Iowa,Grundy,28703.536425299222
1088,North Carolina,Burke,-1068.7427393827984
1790,Virginia,Charlotte,76163.48572810847
1133,North Carolina,Martin,318105.6527195788
89,Arkansas,Clark,5462116.782285443
1245,Ohio,Richland,62304.41844008788
563,Iowa,Jefferson,62785.044785581675
899,Mississippi,Itawamba,325525.85155516455
645,Kentucky,Fleming,49816.26426429692
1565,Texas,Glasscock,671700.3395059404
1188,Ohio,Clermont,118053.26809762233
1036,Missouri,Putnam,171871.38288076158
798,Michigan,Barry,412880.4111540301
168,Florida,Escambia,152249.87348384838
499,Illinois,Stephenson,12265.299486005406
846,Michigan,Midland,38454.31732564094
1829,Virginia,Mecklenburg,158326.19812256785
317,Georgia,Monroe,2475.456020061876
851,Michigan,Muskegon,313002.0061700656
636,Kentucky,Clay,35092.84030540952
54,Alabama,Randolph,4401.392936005224
693,Kentucky,Menifee,314855.65604162065
635,Kentucky,Clark,54691.66180588356
70,Arizona,Greenlee,14283.02588893674
1113,North Carolina,Graham,1764180.085245744
823,Michigan,Ingham,22119.32037987354
1375,South Carolina,Newberry,320991.5521393836
133,Arkansas,Phillips,24158.99316945028
300,Georgia,Lamar,250487.09735657636
654,Kentucky,Green,2029140.8512242802
526,Iowa,Carroll,418110.76739609055
448,Illinois,Hardin,296487.0120899447
862,Michigan,Roscommon,2865901.014059857
1357,South Carolina,Dorchester,294310.8248044541
552,Iowa,Hamilton,5873.775792577286
415,Idaho,Twin Falls,16734.41300265857
1343,South Carolina,Anderson,83393.3974324
582,Iowa,Muscatine,187909.10259564765
815,Michigan,Genesee,63388.6494229068
1844,Virginia,Prince Edward,8847.078517445141
1799,Virginia,Fairfax,32378.676935651656
566,Iowa,Keokuk,186758.63365207726
1721,Texas,Wilbarger,558678.0119864551
1461,Tennessee,Sequatchie,121655.53286236271
156,Florida,Bay,112200.46578136284
1259,Ohio,Washington,11030.075487878545
1412,Tennessee,Giles,59371.3288806074
571,Iowa,Lucas,313991.46937380556
1106,North Carolina,Duplin,61956.22266926686
572,Iowa,Lyon,255713.8257139937
1838,Virginia,Nottoway,51564.02825211854
1340,South Carolina,Abbeville,1352.7292298765606
828,Michigan,Jackson,43532.449593447825
907,Mississippi,Lauderdale,551029.7251800001
1638,Texas,McLennan,309760.80184608785
1813,Virginia,Hanover,609260.187115688
1346,South Carolina,Beaufort,1307540.87778408
139,Arkansas,Pulaski,718732.1377489546
1058,Missouri,Worth,136548.05370971805
655,Kentucky,Greenup,10555.056263131879
631,Kentucky,Carroll,104091.80344346153
1131,North Carolina,Macon,318015.3784711879
1241,Ohio,Pike,33092.91837726304
1470,Tennessee,Unicoi,46537.537413278544
1684,Texas,Schleicher,191841.9293430645
1688,Texas,Sherman,73578.90311407589
560,Iowa,Iowa,34033.95113443902
325,Georgia,Paulding,63243.970841806935
1022,Missouri,New Madrid,389638.8826180671
275,Georgia,Fulton,48825.74363779156
444,Illinois,Greene,167987.3483163239
1025,Missouri,Oregon,43675.80525641472
349,Georgia,Telfair,4618.392925328091
1160,North Carolina,Stokes,615997.6689844377
705,Kentucky,Owsley,11652.375485853838
633,Kentucky,Casey,144485.52945771907
733,Louisiana,Ascension,44831.04569947991
114,Arkansas,Jefferson,21246.841929768627
1395,Tennessee,Carter,274834.64205879276
456,Illinois,Johnson,316883.39474094403
569,Iowa,Linn,1022163.0158928015
939,Mississippi,Tippah,-1865.3411671675185
1576,Texas,Hansford,13065174.167862412
1210,Ohio,Henry,93271.95911111009
1546,Texas,Eastland,9549.98153329383
16,Alabama,Colbert,37617.136281653264
1325,Oklahoma,Pottawatomie,144057.35318876102
1708,Texas,Upton,10029.069957438058
971,Missouri,Cedar,3815770.4974426203
1628,Texas,Loving,298574.15726113634
727,Kentucky,Webster,121136.76725828402
1494,Texas,Bexar,53276.27991796281
911,Mississippi,Leflore,4075568.832171198
743,Louisiana,Catahoula,16594.146640623152
194,Florida,Martin,12755.9168535213
385,Idaho,Boundary,360218.3822351642
93,Arkansas,Columbia,15072.495676992534
886,Mississippi,Copiah,85602.15453686538
1821,Virginia,King William,42097.38538728013
321,Georgia,Muscogee,129498.08929716765
288,Georgia,Hart,360986.9008208413
873,Mississippi,Alcorn,63.622176838183805
1672,Texas,Reeves,1075762.9035278289
303,Georgia,Lee,573619.264863455
1028,Missouri,Pemiscot,409704.13166007097
1377,South Carolina,Orangeburg,306923.51815342926
863,Michigan,Saginaw,45244036.69511516
1401,Tennessee,Coffee,26899.2699542447
447,Illinois,Hancock,20023.70524416735
1738,Utah,Duchesne,14287.419017851429
1545,Texas,Duval,240.75800659207744
1624,Texas,Limestone,247012.10797886254
1242,Ohio,Portage,121678.72423982075
642,Kentucky,Elliott,436388.4353250703
1752,Utah,Sevier,474664.7191663622
663,Kentucky,Hickman,15750.67141399349
285,Georgia,Hancock,126539.21921774915
1762,Vermont,Bennington,55460.124189027556
1300,Oklahoma,Kingfisher,58227.98792641875
1438,Tennessee,Macon,4478254.015729598
1646,Texas,Montague,85625.83738695718
214,Florida,Wakulla,413752.59895497316
1720,Texas,Wichita,105327.5566648231
916,Mississippi,Marshall,318988.9059053585
307,Georgia,Lowndes,20920.218002530804
45,Alabama,Marion,384360.766192036
359,Georgia,Union,324627.36833054625
628,Kentucky,Calloway,44820.77107491732
1541,Texas,De Witt,44393.15039463492
1490,Texas,Bastrop,89306.55209410253
1304,Oklahoma,Logan,124787.74218370639
1868,Virginia,Wise,55556.22783123945
357,Georgia,Turner,25680.304623693028
827,Michigan,Isabella,12358.91784519514
459,Illinois,Kendall,647241.2512592787
1599,Texas,Jasper,5289.54957754678
684,Kentucky,Magoffin,30029.124330335762
57,Alabama,Sumter,445565.36980042304
286,Georgia,Haralson,319715.9301067904
1777,Virginia,Arlington,72896.3445207564
188,Florida,Leon,343347.39031712746
1235,Ohio,Muskingum,18806.906799511096
376,Idaho,Adams,329273.23113095714
81,Arkansas,Ashley,9697.72200506074
1422,Tennessee,Haywood,6303.822175802814
1068,Nevada,Lander,329341.0026477622
132,Arkansas,Perry,167142.8436745692
338,Georgia,Schley,265244.8258413682
936,Mississippi,Sunflower,66159.84048586118
323,Georgia,Oconee,18285.89627102107
1843,Virginia,Powhatan,164220.5834477981
1596,Texas,Irion,14844.928562890153
1693,Texas,Sterling,-7382.233489564125
1294,Oklahoma,Haskell,6720.845973639041
13,Alabama,Clay,57417.42151217406
1537,Texas,Dawson,58808.75305130221
835,Michigan,Leelanau,127101.51356401335
1260,Ohio,Wayne,587348.1542181885
561,Iowa,Jackson,54991.53408645216
653,Kentucky,Grayson,568.8898381051522
574,Iowa,Mahaska,50970.24460160752
1174,North Carolina,Yadkin,36834.44410052994
644,Kentucky,Fayette,263074.0017229019
999,Missouri,Jasper,2819.6117719221347
534,Iowa,Clayton,199224.02195438402
73,Arizona,Mohave,2763889.2665766533
1514,Texas,Castro,35016.91011010481
506,Illinois,Wayne,24974.240409813767
866,Michigan,Shiawassee,11546.44619551715
1849,Virginia,Richmond,52145.561011689104
606,Iowa,Winnebago,323046.6110695759
614,Kentucky,Ballard,73231.94054999124
1515,Texas,Chambers,103486.18483810339
511,Illinois,Winnebago,56434.62696370705
738,Louisiana,Bossier,30846.10757965282
340,Georgia,Seminole,6869.147592712764
1369,South Carolina,Laurens,342018.2302948389
108,Arkansas,Hempstead,40925.360643526525
1108,North Carolina,Edgecombe,12828.627396088013
1214,Ohio,Huron,27341.253673183142
576,Iowa,Marshall,114205.07896487763
1714,Texas,Waller,1490388.7611625367
1144,North Carolina,Pamlico,47173.64702795284
1183,Ohio,Brown,253489.30210879206
1757,Utah,Wasatch,55215.01023557416
161,Florida,Charlotte,10218.308315495353
342,Georgia,Stephens,221348.25225586747
1297,Oklahoma,Jefferson,3304.7157682733796
902,Mississippi,Jefferson,4973.652743758954
1715,Texas,Ward,278965.8079806057
1003,Missouri,LaClede,64779.306259448655
400,Idaho,Jerome,3436.9534865247715
1823,Virginia,Lee,24118.782955305614
1186,Ohio,Champaign,54742.09915443854
1223,Ohio,Lucas,24653.76934020577
78,Arizona,Yavapai,130266.78266354388
1801,Virginia,Floyd,8510.148775202204
200,Florida,Osceola,314867.637539276
136,Arkansas,Polk,6944.077509323532
2,Alabama,Barbour,784043.4503773295
817,Michigan,Gogebic,164565.86288161663
1451,Tennessee,Overton,2759.867115841701
656,Kentucky,Hancock,471584.5527438259
249,Georgia,Cobb,560215.4968020334
1067,Nevada,Humboldt,186206.16056222137
1846,Virginia,Prince William,415741.4760554008
1302,Oklahoma,Latimer,316808.57909918984
974,Missouri,Clark,24185.21242209419
4,Alabama,Blount,26964.98982254575
1840,Virginia,Page,314125.63212184637
155,Florida,Baker,21440.778285702272
603,Iowa,Washington,312473.7455646411
240,Georgia,Charlton,1086119.2222881513
719,Kentucky,Taylor,18052.644299927495
189,Florida,Levy,-2009.3344548291352
430,Illinois,Clay,107770.71672947868
788,Massachusetts,Norfolk,60968.077195418875
1073,Nevada,Pershing,13466.71228595185
1499,Texas,Brazoria,345728.47003580374
1606,Texas,Karnes,28308.47731874233
1397,Tennessee,Chester,1111786.3258830856
1426,Tennessee,Houston,163683.06285898807
670,Kentucky,Knott,576928.216932741
1045,Missouri,Scott,3287547.267218578
721,Kentucky,Trigg,1867880.236889788
335,Georgia,Randolph,42643.389904856434
540,Iowa,Delaware,130290.59252085538
1226,Ohio,Marion,58716.405504731694
649,Kentucky,Gallatin,318508.9848708621
909,Mississippi,Leake,210771.85435046398
1350,South Carolina,Cherokee,582411.9810364193
198,Florida,Okeechobee,9803.989286313637
116,Arkansas,Lafayette,1527681.5176886632
138,Arkansas,Prairie,18040.712175338074
618,Kentucky,Boone,4080944.9322844604
1420,Tennessee,Hardin,200134.39784702926
1815,Virginia,Henry,36800.60724998573
1280,Oklahoma,Cotton,49653.90802523005
518,Iowa,Benton,141292.14908912173
612,Kentucky,Allen,-2225.910233542387
1118,North Carolina,Harnett,521561.78305367695
26,Alabama,Etowah,49174.96883680261
66,Arizona,Cochise,643676.1744767571
1293,Oklahoma,Harper,43558.944990964905
67,Arizona,Coconino,103622.26739213572
141,Arkansas,Saline,13139.42648028666
832,Michigan,Keweenaw,21990.70076307457
485,Illinois,Piatt,867630.367189461
1060,Nevada,Carson City,96276.83109731428
486,Illinois,Pike,31210.82307063414
1872,New Hampshire,Carroll,309748.72404135665
1023,Missouri,Newton,55995.824896313716
1519,Texas,Cochran,616987.9257177403
479,Illinois,Montgomery,65531.623317320504
1348,South Carolina,Calhoun,162139.9444874817
686,Kentucky,Marshall,53289.57324047239
1163,North Carolina,Transylvania,209685.15652960952
167,Florida,Duval,36193.95737923384
735,Louisiana,Avoyelles,355006.9280407406
1178,Ohio,Ashland,886248.4496262497
1081,North Carolina,Ashe,15038.906746418952
1526,Texas,Comanche,1571657.15618686
1286,Oklahoma,Ellis,321691.9602671674
758,Louisiana,Lincoln,6959957.103787499
753,Louisiana,Iberville,5899.435334431289
1552,Texas,Falls,43627.137301472685
749,Louisiana,Evangeline,-4171.450611274735
1842,Virginia,Pittsylvania,115014.63942883982
1342,South Carolina,Allendale,24476.025978065925
364,Georgia,Warren,361565.7407682581
1376,South Carolina,Oconee,25962.19912436601
1027,Missouri,Ozark,3771.540125720998
1736,Utah,Daggett,50920.370792923495
1568,Texas,Gray,23251.84518425128
1758,Utah,Washington,4267.441432208371
859,Michigan,Otsego,5319611.173892407
475,Illinois,McLean,44869.084933891834
46,Alabama,Marshall,70140.62132022402
517,Iowa,Audubon,10847.749839512759
1031,Missouri,Phelps,80748.21886494705
825,Michigan,Iosco,118973.39147243187
427,Illinois,Champaign,276715.9323211252
1436,Tennessee,Lincoln,2971.80909241273
577,Iowa,Mills,65223.583367614585
1506,Texas,Burnet,22860.62384926086
1751,Utah,Sanpete,47000.160037205744
1172,North Carolina,Wilkes,321900.079589756
741,Louisiana,Caldwell,14009.195471740206
1184,Ohio,Butler,546819.1906824827
245,Georgia,Clarke,31613.197263142458
1666,Texas,Presidio,1363479.6711982298
1466,Tennessee,Sullivan,116456.6010868297
213,Florida,Volusia,309582.13464131317
734,Louisiana,Assumption,592793.819488459
205,Florida,Putnam,509989.0429884068
688,Kentucky,Mason,158264.77508642696
226,Georgia,Berrien,270476.94538217067
639,Kentucky,Cumberland,11061.046636470033
1402,Tennessee,Crockett,33984.65549739105
1825,Virginia,Louisa,16930.515185462224
1125,North Carolina,Jackson,12186.619642241676
988,Missouri,Gentry,25552.84026578578
449,Illinois,Henderson,147752.68825586917
1609,Texas,Kenedy,93731.32827528419
1655,Texas,Nueces,26581.45883586057
113,Arkansas,Jackson,113871.52595261778
1309,Oklahoma,McClain,47399.266423550114
174,Florida,Gulf,22105.5592705414
1853,Virginia,Russell,133006.61182117515
1021,Missouri,Morgan,147769.729912793
1075,Nevada,Washoe,5984816.549450954
717,Kentucky,Simpson,320651.5582599847
1010,Missouri,Macon,133020.71209612157
123,Arkansas,Madison,2081327.7378453435
767,Louisiana,Rapides,2773485.8712412585
537,Iowa,Dallas,314311.40306109155
579,Iowa,Monona,67927.5718279673
556,Iowa,Henry,32152.509645985432
1488,Texas,Bailey,167082.4256737197
829,Michigan,Kalamazoo,213262.7013805441
1631,Texas,Madison,326729.25238909037
110,Arkansas,Howard,87358.24383399227
1171,North Carolina,Wayne,46068.686828666905
530,Iowa,Cherokee,250541.07702279376
1529,Texas,Coryell,11122.952829340713
1411,Tennessee,Gibson,209817.2242080389
1195,Ohio,Defiance,60105.943481380455
892,Mississippi,Grenada,48968.681335123016
528,Iowa,Cedar,341923.87242915673
1639,Texas,McMullen,24391.238105275086
1858,Virginia,Spotsylvania,323922.53825070994
884,Mississippi,Clay,149929.76776698293
972,Missouri,Chariton,292059.23156221147
1669,Texas,Reagan,31528.451304985312
55,Alabama,Russell,83817.81667338805
346,Georgia,Taliaferro,8225.75063628455
1142,North Carolina,Onslow,1001387.0842658586
1271,Oklahoma,Caddo,27528.07061666871
1153,North Carolina,Robeson,99279.67400372156
1114,North Carolina,Granville,18224.7790581457
375,Idaho,Ada,3517.4628499375694
514,Iowa,Adams,170003.53826300625
1808,Virginia,Grayson,-18677.931942307318
309,Georgia,Macon,588331.7325579706
729,Kentucky,Wolfe,318154.5535243758
106,Arkansas,Grant,2183060.718348429
1312,Oklahoma,Murray,46183.858409634064
1685,Texas,Scurry,314733.2828210298
691,Kentucky,McLean,829963.1535481345
1556,Texas,Floyd,325884.51387628535
696,Kentucky,Monroe,21142.315607186643
795,Michigan,Antrim,1582.503160050327
455,Illinois,Jersey,220370.88420819273
1446,Tennessee,Monroe,25016.888165990047
1642,Texas,Midland,678703.0788362271
1240,Ohio,Pickaway,304646.1722163454
871,Michigan,Wexford,11807.478417206594
1053,Missouri,Vernon,23961.778295887227
1577,Texas,Hardeman,130326.90780600593
191,Florida,Madison,23856.926252410325
1686,Texas,Shackelford,215191.30420475782
520,Iowa,Boone,29379.011691368538
809,Michigan,Clinton,848529.1944563519
725,Kentucky,Washington,317099.9544124758
396,Idaho,Fremont,13907.505110048656
1791,Virginia,Chesterfield,77870.52052340824
646,Kentucky,Floyd,82157.24850916765
1695,Texas,Sutton,46126.13661206601
41,Alabama,Lowndes,44182.856351768925
145,Arkansas,Sevier,106459.30564926742
170,Florida,Franklin,304099.70324428903
312,Georgia,McDuffie,77816.51682114069
274,Georgia,Franklin,37249.254914399535
713,Kentucky,Rowan,44588.05540979572
436,Illinois,Edgar,7597.681385566547
501,Illinois,Union,3971.329119910377
1501,Texas,Brewster,84811.25658058237
1770,Vermont,Windham,162119.91129266718
1845,Virginia,Prince George,311201.2383522414
888,Mississippi,Forrest,15683.668472057781
1591,Texas,Houston,15503.758356500497
115,Arkansas,Johnson,3125.432324662501
85,Arkansas,Bradley,46137.942997408856
1016,Missouri,Miller,592589.3298103107
891,Mississippi,Greene,130355.14190270736
1327,Oklahoma,Roger Mills,110622.40279068705
1094,North Carolina,Catawba,446768.90974445327
1682,Texas,San Patricio,12398.91267443002
819,Michigan,Gratiot,314413.45035476517
961,Missouri,Boone,26524.209339853987
159,Florida,Broward,14185.315704839642
1095,North Carolina,Chatham,430618.74113580043
1182,Ohio,Belmont,248619.9419831147
153,Arkansas,Yell,84874.74268454053
1236,Ohio,Noble,17796.06663562602
1279,Oklahoma,Comanche,309071.79866193363
872,Mississippi,Adams,35580.155598165664
331,Georgia,Pulaski,165946.17069875583
206,Florida,Santa Rosa,23501.40322150588
1610,Texas,Kent,84262.71222871315
423,Illinois,Bureau,320441.89816405403
626,Kentucky,Butler,165147.3924099357
1656,Texas,Ochiltree,315416.69430002815
989,Missouri,Greene,28461.63953328783
1177,Ohio,Allen,347256.49985927145
129,Arkansas,Nevada,110099.79311927734
1039,Missouri,Ray,37893.53696339905
1281,Oklahoma,Craig,404019.02975911234
1861,Virginia,Surry,48643.345706691936
986,Missouri,Franklin,312661.4268772077
875,Mississippi,Attala,5594.782911916827
1219,Ohio,Lawrence,981806.7659070209
966,Missouri,Camden,2914843.508804341
839,Michigan,Mackinac,46741.29413858609
831,Michigan,Kent,4103056.133765618
763,Louisiana,Orleans,62024.60931397327
1082,North Carolina,Avery,43022.87246696215
180,Florida,Hillsborough,8266.501201906316
826,Michigan,Iron,367684.72122395283
661,Kentucky,Henderson,508933.6423451982
622,Kentucky,Bracken,13045.49986048472
1321,Oklahoma,Pawnee,515517.7637037039
1138,North Carolina,Moore,62848.11845298595
1328,Oklahoma,Rogers,181441.0121390717
302,Georgia,Laurens,2988.160273442976
1668,Texas,Randall,61258.10491737416
1434,Tennessee,Lawrence,58072.32387705612
256,Georgia,Crisp,647603.9858640501
1460,Tennessee,Scott,5458.345965828843
1078,North Carolina,Alexander,46616.60551643562
343,Georgia,Stewart,-80731.64365662844
493,Illinois,Saline,524001.40717374394
462,Illinois,Lawrence,21385.037886646598
263,Georgia,Douglas,20430.518078577414
1055,Missouri,Washington,41243.946048799495
242,Georgia,Chattahoochee,2925076.4724182864
1598,Texas,Jackson,758071.007080484
1267,Oklahoma,Beaver,2296.849116859983
1386,Tennessee,Anderson,31827.602179211033
598,Iowa,Taylor,19889.160321778825
1322,Oklahoma,Payne,352097.974967442
1413,Tennessee,Grainger,45044.06212714863
1009,Missouri,Livingston,624506.8294838096
1097,North Carolina,Chowan,38027.26674403386
1586,Texas,Hidalgo,265299.44900518784
1626,Texas,Live Oak,10535.860414400933
1766,Vermont,Grand Isle,11450.149398895097
1275,Oklahoma,Choctaw,36066.102952194335
1198,Ohio,Fairfield,163849.5403741671
711,Kentucky,Robertson,507011.0706313156
466,Illinois,Macon,20748.462489187445
333,Georgia,Quitman,385646.9249687878
1665,Texas,Potter,73263.63733594358
1107,North Carolina,Durham,20832.38311510239
483,Illinois,Peoria,161476.5130081466
100,Arkansas,Desha,893969.9537934919
857,Michigan,Osceola,208075.2093407603
1179,Ohio,Ashtabula,70946.68246581443
452,Illinois,Jackson,153748.04820308118
1115,North Carolina,Greene,155242.98292434064
49,Alabama,Montgomery,15322.340690406458
1042,Missouri,Saline,1279370.6563074258
973,Missouri,Christian,7424.896151224932
1678,Texas,Rusk,13448.898043288233
1719,Texas,Wheeler,383092.86488335516
246,Georgia,Clay,320701.5413122681
930,Mississippi,Rankin,315001.8234650878
1400,Tennessee,Cocke,21514.00894586719
1509,Texas,Callahan,24284.638092644513
1869,Virginia,Wythe,147633.122917491
361,Georgia,Walker,653558.3715846001
1380,South Carolina,Saluda,202395.34694563033
978,Missouri,Cooper,568245.3937261116
1043,Missouri,Schuyler,1154951.9474244427
1467,Tennessee,Sumner,14451.032083787786
1364,South Carolina,Hampton,323484.4713308586
1753,Utah,Summit,313633.99822589976
1622,Texas,Leon,10603.381398400827
1130,North Carolina,Lincoln,515125.15900089557
1282,Oklahoma,Creek,46095.74764441103
472,Illinois,Massac,89303.34939330904
1605,Texas,Jones,19695.881272537874
339,Georgia,Screven,483515.3321816245
876,Mississippi,Benton,8100.353868977407
1335,Oklahoma,Wagoner,7896.070613364935
1723,Texas,Williamson,71422.45342745517
1204,Ohio,Greene,51610.172596203345
1617,Texas,Lamar,61956.928691653055
768,Louisiana,Red River,250455.61887084018
1644,Texas,Mills,396217.8581618187
29,Alabama,Geneva,75171.25364169046
277,Georgia,Glascock,21847.069046400124
1291,Oklahoma,Greer,674016.1167333312
995,Missouri,Howard,65386.36816614493
171,Florida,Gadsden,2675414.385696388
1368,South Carolina,Lancaster,14562.573389354895
287,Georgia,Harris,504318.14670400496
931,Mississippi,Scott,178795.96066441224
858,Michigan,Oscoda,6719.884374455542
1464,Tennessee,Smith,12742.247638687124
1798,Virginia,Essex,323047.0014480876
1127,North Carolina,Jones,128879.68006729949
1863,Virginia,Tazewell,10692.775268973459
1511,Texas,Camp,567333.1205810788
1098,North Carolina,Clay,388833.89132118766
1365,South Carolina,Horry,320802.8980251247
1213,Ohio,Holmes,36510.18839796418
227,Georgia,Bibb,16544.294681322757
1851,Virginia,Rockbridge,1188535.316673888
736,Louisiana,Beauregard,38884.08128154615
963,Missouri,Butler,178611.44479366264
1409,Tennessee,Fentress,193613.65062739642
924,Mississippi,Pearl River,7065.959643593851
1487,Texas,Austin,991405.5282832097
1104,North Carolina,Davidson,38814.77971999046
63,Alabama,Wilcox,45079.361422685884
1856,Virginia,Smyth,203442.85292833042
1558,Texas,Fort Bend,339546.1594673191
291,Georgia,Houston,316081.9768298088
692,Kentucky,Meade,29290.039067620353
1231,Ohio,Monroe,-1156.0881458975618
1582,Texas,Haskell,399863.2892006936
1159,North Carolina,Stanly,27284.34943767374
659,Kentucky,Harrison,102348.53666290281
102,Arkansas,Faulkner,12995.742494342117
1616,Texas,Knox,331361.7119364991
1507,Texas,Caldwell,5749.011557297983
953,Missouri,Andrew,45237.168696701076
1158,North Carolina,Scotland,540718.5100032117
921,Mississippi,Noxubee,931.3782804885777
1196,Ohio,Delaware,18952.569899756774
1640,Texas,Medina,524919.2691640349
442,Illinois,Fulton,75218.2242040531
952,Missouri,Adair,318085.5851747467
476,Illinois,Menard,16544.682772512737
1212,Ohio,Hocking,121597.13897911261
1126,North Carolina,Johnston,101206.23317749058
1449,Tennessee,Morgan,5539.996779693141
1595,Texas,Hutchinson,13311.736465948972
417,Idaho,Washington,81182.23964297392
1788,Virginia,Carroll,241020.61414619657
791,Michigan,Alcona,573144.6764836564
142,Arkansas,Scott,181253.62045669428
975,Missouri,Clay,28695.977445237608
1311,Oklahoma,McIntosh,298083.65797611343
1816,Virginia,Highland,337066.06526014756
1877,New Hampshire,Merrimack,317066.9586262325
868,Michigan,Van Buren,33586.616241739044
1415,Tennessee,Grundy,149346.7834605113
354,Georgia,Towns,2182.8347895893858
1246,Ohio,Ross,27489.77541704673
1742,Utah,Iron,164967.68519849028
222,Georgia,Banks,824323.3425500998
268,Georgia,Emanuel,313129.7015922446
1704,Texas,Travis,-53170.55590985002
507,Illinois,White,313123.43034280813
1250,Ohio,Shelby,9801.899877455464
1725,Texas,Winkler,48647.15246673366
1820,Virginia,King George,385801.98786587594
965,Missouri,Callaway,198200.0601611385
1634,Texas,Mason,1349466.377643698
238,Georgia,Carroll,288296.3253566993
516,Iowa,Appanoose,51885.2410264896
1381,South Carolina,Spartanburg,59658.52710298504
1110,North Carolina,Franklin,226700.3469557863
1435,Tennessee,Lewis,2966537.97871534
897,Mississippi,Humphreys,173665.07517269184
944,Mississippi,Warren,317101.9763875836
64,Alabama,Winston,240563.69062836654
259,Georgia,Decatur,396069.3707586305
841,Michigan,Manistee,1079643.9461378804
382,Idaho,Boise,278099.1070185539
1091,North Carolina,Camden,38336.78385841062
409,Idaho,Oneida,383819.30572296586
75,Arizona,Pima,937.4983501197785
996,Missouri,Howell,26348.999492548348
1539,Texas,Delta,24490.35784713405
44,Alabama,Marengo,144735.28597632772
1206,Ohio,Hamilton,314866.33145551826
1635,Texas,Matagorda,258130.752903138
416,Idaho,Valley,15354.939406285805
1194,Ohio,Darke,86722.98034985948
481,Illinois,Moultrie,737259.2764785633
1367,South Carolina,Kershaw,10168.796549205803
625,Kentucky,Bullitt,23157.909966614137
1743,Utah,Juab,314407.6284938778
1428,Tennessee,Jackson,1927502.4055413592
746,Louisiana,East Baton Rouge,48994.90574473592
1065,Nevada,Esmeralda,2891196.5568950647
318,Georgia,Montgomery,38031.606014377154
1331,Oklahoma,Stephens,1220304.2815951845
929,Mississippi,Quitman,18643.515804814055
1611,Texas,Kerr,521.0340278789126
1323,Oklahoma,Pittsburg,11980.012807144027
575,Iowa,Marion,23768.321814346455
293,Georgia,Jackson,310924.40865486994
365,Georgia,Washington,22742.750018399427
912,Mississippi,Lincoln,791024.2754828811
1416,Tennessee,Hamblen,718968.3376679346
856,Michigan,Ontonagon,141257.2825539278
1527,Texas,Concho,1968747.1118301158
949,Mississippi,Winston,275313.06557361287
231,Georgia,Bryan,16943.66180039706
21,Alabama,Cullman,14821.46701660702
1430,Tennessee,Johnson,138167.49071588283
1155,North Carolina,Rowan,17450.507628010306
690,Kentucky,McCreary,323287.4571564811
1783,Virginia,Brunswick,5740.127244393636
410,Idaho,Owyhee,25312.16693977523
58,Alabama,Talladega,52011.197388227185
967,Missouri,Cape Girardeau,371658.0251477101
1013,Missouri,Marion,1315455.766566144
422,Illinois,Brown,6802547.516670309
388,Idaho,Canyon,18555.03309382632
1535,Texas,Dallam,713168.2995152081
1544,Texas,Donley,79782.13028232039
65,Arizona,Apache,101316.92671277143
668,Kentucky,Johnson,314620.7223931551
1315,Oklahoma,Nowata,46968.295972298816
1265,Oklahoma,Alfalfa,430993.11781887873
602,Iowa,Warren,134032.03550560045
922,Mississippi,Oktibbeha,625095.2289412137
1654,Texas,Nolan,60776.14666118592
355,Georgia,Treutlen,311999.7612609295
541,Iowa,Des Moines,36148.17903192316
182,Florida,Indian River,63227.20989499785
957,Missouri,Barton,362150.49823222146
1334,Oklahoma,Tulsa,921610.2934443448
424,Illinois,Calhoun,14218.159924895976
1147,North Carolina,Perquimans,10864.878117981396
843,Michigan,Mason,57652.15104827081
546,Iowa,Floyd,24073.84018274377
281,Georgia,Greene,42557.1863968004
1513,Texas,Cass,188509.46267483977
775,Louisiana,Vermilion,5234.114845652815
777,Louisiana,Washington,9449.289120310605
698,Kentucky,Morgan,150455.29566723134
803,Michigan,Calhoun,10889.261941579862
1374,South Carolina,McCormick,822342.0091891785
1034,Missouri,Polk,321497.2613873271
1735,Utah,Carbon,186167.3885997439
810,Michigan,Crawford,7952.535640362426
1471,Tennessee,Union,321536.1370943013
1485,Texas,Armstrong,27219.818748843074
676,Kentucky,Leslie,65830.5423350741
463,Illinois,Lee,246817.6027718677
1417,Tennessee,Hamilton,310391.6629234822
1699,Texas,Terrell,68983.76718126715
1154,North Carolina,Rockingham,314698.2713807605
421,Illinois,Boone,1693.7883515031772
1805,Virginia,Giles,23420.041684887692
250,Georgia,Coffee,231368.33920219686
1208,Ohio,Hardin,45684.234652906685
664,Kentucky,Hopkins,1886486.4701651433
393,Idaho,Custer,320641.3500987902
1463,Tennessee,Shelby,103835.51526812225
62,Alabama,Washington,36383.37518261529
865,Michigan,Schoolcraft,170689.84281616702
790,Massachusetts,Worcester,9773.987322069455
1579,Texas,Harris,1022774.7635418421
607,Iowa,Winneshiek,1198193.0895320128
1768,Vermont,Rutland,237541.456299349
847,Michigan,Missaukee,311239.0981235949
1754,Utah,Tooele,85389.15534307504
408,Idaho,Nez Perce,10896.546229906337
1701,Texas,Throckmorton,278960.0212443948
1162,North Carolina,Swain,227646.60878336907
289,Georgia,Heard,487827.8851455732
1765,Vermont,Franklin,179054.16656354707
881,Mississippi,Choctaw,313336.3919765654
1070,Nevada,Lyon,26938.339109384164
1773,Virginia,Alleghany,7500.750011396911
1469,Tennessee,Trousdale,30805.804356717366
1819,Virginia,King and Queen,314404.79305394605
320,Georgia,Murray,12626.516752297779
1489,Texas,Bandera,755427.648407033
195,Florida,Miami-Dade,2847.5744141805553
1650,Texas,Motley,53011.17295437194
1249,Ohio,Seneca,28536.442711324125
1061,Nevada,Churchill,624832.982700968
154,Florida,Alachua,3784054.7142332597
329,Georgia,Pike,194831.8651549607
1358,South Carolina,Edgefield,98061.14927745823
1543,Texas,Dimmit,179732.15979893456
131,Arkansas,Ouachita,695967.568212872
1001,Missouri,Johnson,2671065.6797968084
35,Alabama,Jefferson,347777.30662681523
162,Florida,Citrus,332789.4960649193
294,Georgia,Jasper,6268.435070359058
1264,Oklahoma,Adair,78667.76355922231
84,Arkansas,Boone,231217.80897454586
714,Kentucky,Russell,197355.289767041
419,Illinois,Alexander,188813.97063466153
1396,Tennessee,Cheatham,96222.4934719393
1135,North Carolina,Mecklenburg,9056.459233358859
1724,Texas,Wilson,905741.7108866506
1878,New Hampshire,Rockingham,4387.403969773863
1112,North Carolina,Gates,2070975.9011976633
918,Mississippi,Montgomery,20725.13632718553
1822,Virginia,Lancaster,318892.53592090483
1771,Vermont,Windsor,903.1381925574924
1659,Texas,Palo Pinto,725762.490752893
377,Idaho,Bannock,1891871.7480533123
279,Georgia,Gordon,46731.9992254605
498,Illinois,Stark,292932.81758389267
97,Arkansas,Crittenden,220811.1692626481
1564,Texas,Gillespie,69523.71700095138
468,Illinois,Madison,1613015.7572540974
1124,North Carolina,Iredell,356778.7939615579
1538,Texas,Deaf Smith,433822.8728372494
555,Iowa,Harrison,48642.055973935145
919,Mississippi,Neshoba,140466.9991023795
1637,Texas,McCulloch,838561.5891596982
144,Arkansas,Sebastian,46039.654531466236
398,Idaho,Gooding,4524163.797240429
567,Iowa,Kossuth,58985.561465448896
308,Georgia,Lumpkin,70349.4825998238
1795,Virginia,Cumberland,302570.90906970255
1583,Texas,Hays,10335.650695438597
1837,Virginia,Northumberland,114286.21153143173
905,Mississippi,Lafayette,384119.86893841164
1191,Ohio,Coshocton,54239.11263248016
1593,Texas,Hudspeth,275282.50198819186
379,Idaho,Benewah,16109.847871429924
616,Kentucky,Bath,102784.80448346987
1747,Utah,Piute,152802.60563684566
647,Kentucky,Franklin,81555.79706693866
1394,Tennessee,Carroll,314472.807318663
1483,Texas,Aransas,18246.194797280245
617,Kentucky,Bell,3053.301458845588
1278,Oklahoma,Coal,130518.80571840191
1540,Texas,Denton,-1568.8799630661033
920,Mississippi,Newton,58108.34215754732
1859,Virginia,Stafford,12456.978654737137
1574,Texas,Hall,59666.84805454644
1074,Nevada,Storey,38666.645605022815
440,Illinois,Ford,270542.16993778467
383,Idaho,Bonner,522450.1102903272
322,Georgia,Newton,46279.26398262009
643,Kentucky,Estill,25606.803203498577
1679,Texas,Sabine,152736.49280093913
42,Alabama,Macon,4418561.391526449
130,Arkansas,Newton,66413.46019305693
1087,North Carolina,Buncombe,163455.9097884466
1320,Oklahoma,Ottawa,72347.55667307484
79,Arizona,Yuma,52312.98160786788
502,Illinois,Vermilion,16695.753472059027
1697,Texas,Tarrant,29878.482753277625
1673,Texas,Refugio,3700.040308554704
683,Kentucky,Madison,309523.8883313645
1875,New Hampshire,Grafton,502587.9137894388
1620,Texas,La Salle,16513.155983650733
260,Georgia,Dodge,87616.36834136028
1711,Texas,Van Zandt,235632.66086574548
316,Georgia,Mitchell,768121.5043714703
324,Georgia,Oglethorpe,325506.6739294899
126,Arkansas,Mississippi,897486.3312184599
604,Iowa,Wayne,81419.5581185178
917,Mississippi,Monroe,1281681.6502054706
521,Iowa,Bremer,214326.1764774265
1041,Missouri,Ripley,325104.36914234847
689,Kentucky,McCracken,1123332.785868877
1362,South Carolina,Greenville,179166.91614199846
1709,Texas,Uvalde,34405.4270657107
1224,Ohio,Madison,434778.19304431777
233,Georgia,Burke,5748.079238763541
362,Georgia,Walton,85471.9556105159
1109,North Carolina,Forsyth,486016.1598249272
1083,North Carolina,Beaufort,1265126.4236789006
674,Kentucky,Lawrence,454295.5221804239
1295,Oklahoma,Hughes,9663.358672576891
1080,North Carolina,Anson,164470.51416544087
1189,Ohio,Clinton,167110.1224972923
230,Georgia,Brooks,284855.5352754538
207,Florida,Sarasota,96338.46129433018
1119,North Carolina,Haywood,819772.9515666843
328,Georgia,Pierce,556934.4529941096
1047,Missouri,Shelby,782951.4595482856
406,Idaho,Madison,2904.847803421194
568,Iowa,Lee,14224.484295925104
1641,Texas,Menard,57641.53521014247
282,Georgia,Gwinnett,94487.46813763714
1566,Texas,Goliad,363564.4774586453
751,Louisiana,Grant,299010.39521282434
434,Illinois,Cumberland,543470.7603816949
477,Illinois,Mercer,457506.1355776143
1089,North Carolina,Cabarrus,9809.510506085953
505,Illinois,Washington,47584.74026648977
95,Arkansas,Craighead,50870.11457137682
1040,Missouri,Reynolds,174019.47882926284
1383,South Carolina,Union,317649.21968011826
814,Michigan,Emmet,164736.1556161649
470,Illinois,Marshall,42942.38664385924
380,Idaho,Bingham,350051.18992255523
330,Georgia,Polk,16665.66774859112
701,Kentucky,Nicholas,227411.7058469921
883,Mississippi,Clarke,11837.24266690671
457,Illinois,Kane,113728.42714594693
1804,Virginia,Frederick,362154.07366735645
432,Illinois,Coles,3194.0875931165083
536,Iowa,Crawford,54697.60514941693
1475,Tennessee,Wayne,68980.09830691692
771,Louisiana,Tangipahoa,332059.35116803757
186,Florida,Lake,51724.161187216014
1391,Tennessee,Bradley,83938.25081553572
1482,Texas,Angelina,37184.469279868696
82,Arkansas,Baxter,34630.24277109187
1559,Texas,Franklin,339783.09596828255
673,Kentucky,Laurel,152500.46749624162
1570,Texas,Gregg,57591.84435706643
590,Iowa,Poweshiek,1558916.9726386087
694,Kentucky,Mercer,66380.57138567827
1702,Texas,Titus,35758.18456696486
1221,Ohio,Logan,522739.618952477
218,Georgia,Atkinson,229931.84788018334
1052,Missouri,Texas,1507985.7766311897
833,Michigan,Lake,9037.212684430593
1811,Virginia,Halifax,7259.577102868912
1524,Texas,Colorado,35566.47291603004
731,Louisiana,Acadia,48007.74140978723
783,Massachusetts,Barnstable,326577.5168687289
969,Missouri,Carter,20428.965528655383
1623,Texas,Liberty,14053.925553814875
948,Mississippi,Wilkinson,109920.60128731887
1414,Tennessee,Greene,2375786.249454027
229,Georgia,Brantley,312392.7020959938
842,Michigan,Marquette,8654.092760863301
177,Florida,Hendry,171083.5715992705
559,Iowa,Ida,33136.03614541223
1803,Virginia,Franklin,70856.1326549266
1505,Texas,Burleson,13721.488902928266
1588,Texas,Hockley,89229.23311478554
25,Alabama,Escambia,33122.514268418265
778,Louisiana,Webster,2583826.315338639
1161,North Carolina,Surry,62065.852477648375
1792,Virginia,Clarke,109419.41850481494
992,Missouri,Henry,457043.81247083
1818,Virginia,James City,11575.757915718379
1218,Ohio,Lake,65093.69265044716
1763,Vermont,Chittenden,149218.5795152284
1782,Virginia,Botetourt,27886.48204192937
1232,Ohio,Montgomery,85997.80170019083
1255,Ohio,Union,136883.9498772497
848,Michigan,Monroe,6805.87147338103
1448,Tennessee,Moore,229270.89788314555
1238,Ohio,Paulding,42948.871669650354
1726,Texas,Wise,33468.373523828646
666,Kentucky,Jefferson,136748.90867680253
1431,Tennessee,Knox,829783.5963585183
1314,Oklahoma,Noble,51090.43872714887
60,Alabama,Tuscaloosa,35622.99622447736
1462,Tennessee,Sevier,344771.1205283309
109,Arkansas,Hot Spring,305469.8436378889
650,Kentucky,Garrard,-10537.65017240642
1324,Oklahoma,Pontotoc,17120.168073801215
266,Georgia,Effingham,149051.25177357811
1185,Ohio,Carroll,443158.5838263887
1363,South Carolina,Greenwood,80067.81617897483
564,Iowa,Johnson,313747.06374375464
1370,South Carolina,Lee,340249.4584977296
1481,Texas,Andrews,347695.2345780456
47,Alabama,Mobile,50396.80821307881
341,Georgia,Spalding,20927.549331666025
435,Illinois,Douglas,76417.36785393
1707,Texas,Upshur,432532.38317596295
394,Idaho,Elmore,309763.14727121906
539,Iowa,Decatur,9890.530665923307
1530,Texas,Cottle,17429.546471024987
925,Mississippi,Perry,276980.0850321306
368,Georgia,Wheeler,86385.34271347738
413,Idaho,Shoshone,42833.224922559246
1193,Ohio,Cuyahoga,236976.49810244679
11,Alabama,Choctaw,49932.120901187576
276,Georgia,Gilmer,16929.502055518435
1019,Missouri,Monroe,98755.15044547594
1480,Texas,Anderson,-46028.09351267203
822,Michigan,Huron,21460.269178890725
399,Idaho,Jefferson,279143.3327655748
140,Arkansas,Randolph,39222.55535842375
593,Iowa,Scott,172126.42342808243
1310,Oklahoma,McCurtain,66948.15316481808
742,Louisiana,Cameron,323586.02046379854
799,Michigan,Bay,428320.41329149756
19,Alabama,Covington,74775.62225298924
1793,Virginia,Craig,435798.51785213023
1389,Tennessee,Bledsoe,162923.16374527235
1648,Texas,Moore,9711.041891080486
497,Illinois,Shelby,34617.23121086325
1741,Utah,Grand,1711.6491703290012
1555,Texas,Fisher,54323.39312422769
1382,South Carolina,Sumter,247339.57494614052
1698,Texas,Taylor,13808.851562651462
48,Alabama,Monroe,1986.7337307649177
796,Michigan,Arenac,365349.79167026444
1585,Texas,Henderson,91283.64652446177
1450,Tennessee,Obion,510078.1038248505
243,Georgia,Chattooga,11232.64720020477
1533,Texas,Crosby,18577.988857802353
522,Iowa,Buchanan,318431.58011072635
1139,North Carolina,Nash,7175756.197534553
334,Georgia,Rabun,31657.65657746738
314,Georgia,Meriwether,318377.0112986947
779,Louisiana,West Baton Rouge,212134.0177799421
14,Alabama,Cleburne,198884.6325522341
378,Idaho,Bear Lake,26562.576138626115
1716,Texas,Washington,106974.29827419622
283,Georgia,Habersham,27667.363187546965
273,Georgia,Forsyth,3851942.9006920108
588,Iowa,Polk,2406.6905360185665
158,Florida,Brevard,543818.6012406916
1440,Tennessee,Marion,199634.02129465633
121,Arkansas,Logan,2001438.6032886817
253,Georgia,Cook,55971.15533777613
1181,Ohio,Auglaize,36068.72381813277
1590,Texas,Hopkins,12758.036997848227
1220,Ohio,Licking,175518.91213161254
990,Missouri,Grundy,164666.26734382173
1270,Oklahoma,Bryan,121855.61240968977
461,Illinois,Lake,3525651.8193558804
1136,North Carolina,Mitchell,11866.492132775322
1553,Texas,Fannin,180030.84391386263
1072,Nevada,Nye,1926.0983886422582
845,Michigan,Menominee,46345.700456140105
61,Alabama,Walker,137650.95461670373
1759,Utah,Wayne,5780.720682898395
1632,Texas,Marion,309237.5702708466
1661,Texas,Parker,83682.91348517293
1692,Texas,Stephens,85561.22911403158
657,Kentucky,Hardin,2295078.614306412
1645,Texas,Mitchell,24214.984968303834
389,Idaho,Caribou,152181.4829404943
1796,Virginia,Dickenson,108688.08841858992
255,Georgia,Crawford,147405.84399770913
1173,North Carolina,Wilson,61321.35044979914
671,Kentucky,Knox,142949.53548305822
853,Michigan,Oakland,1179130.690371327
677,Kentucky,Letcher,44896.13406964466
1472,Tennessee,Van Buren,309158.99835022015
1371,South Carolina,Lexington,278127.83196458564
125,Arkansas,Miller,34522.21822066945
1006,Missouri,Lewis,136727.27021642693
80,Arkansas,Arkansas,44450.9866962712
1862,Virginia,Sussex,1151842.0985457352
1865,Virginia,Warren,75902.65913083173
1601,Texas,Jefferson,449137.9128192347
1824,Virginia,Loudoun,155870.1372220565
1677,Texas,Runnels,22273.535895504974
305,Georgia,Lincoln,212264.54389203072
248,Georgia,Clinch,388711.4657825589
983,Missouri,Dent,57838.29308300375
1557,Texas,Foard,22700.05797432239
830,Michigan,Kalkaska,87938.18154260798
723,Kentucky,Union,15015.311756628178
512,Illinois,Woodford,55579.41549164191
1355,South Carolina,Darlington,17063.98797363387
53,Alabama,Pike,226869.41921551258
7,Alabama,Calhoun,9151.877936573706
1017,Missouri,Mississippi,46947.49105968626
1769,Vermont,Washington,1196766.1857858486
1429,Tennessee,Jefferson,11484.595840774311
1252,Ohio,Summit,25510.19322865519
426,Illinois,Cass,6884.005689647205
1253,Ohio,Trumbull,432976.8424710362
1227,Ohio,Medina,200448.0139709458
160,Florida,Calhoun,15819.758396842726
1384,South Carolina,Williamsburg,126975.89701715273
181,Florida,Holmes,313151.839692654
792,Michigan,Alger,2638.7828919352687
1561,Texas,Frio,39156.15381404976
491,Illinois,Richland,33280.89125959687
471,Illinois,Mason,187568.25147087133
1802,Virginia,Fluvanna,127093.0345547997
623,Kentucky,Breathitt,52387.09246803815
1621,Texas,Lee,7036.4604363314575
1341,South Carolina,Aiken,109733.93167177605
295,Georgia,Jeff Davis,3988249.6336477776
1248,Ohio,Scioto,13129.010533394488
1117,North Carolina,Halifax,553486.2089465242
1256,Ohio,Van Wert,6040.241123377042
1048,Missouri,Stoddard,5977.831048707512
254,Georgia,Coweta,8285.211903626441
1687,Texas,Shelby,32422.94055555974
257,Georgia,Dade,247155.61161688349
1262,Ohio,Wood,89092.43402922802
344,Georgia,Sumter,315556.52008450055
28,Alabama,Franklin,243174.99596246096
24,Alabama,Elmore,1029307.7708645628
1170,North Carolina,Watauga,61332.4777094643
234,Georgia,Butts,252940.94272108778
326,Georgia,Peach,694493.4519179156
557,Iowa,Howard,317660.1003444774
27,Alabama,Fayette,390720.3258353584
1784,Virginia,Buchanan,31921.410523926483
1276,Oklahoma,Cimarron,356026.2114299693
465,Illinois,Logan,324775.971348598
943,Mississippi,Walthall,6553.741404970007
1731,Texas,Zavala,14450.30261789987
1728,Texas,Yoakum,142909.57931618864
90,Arkansas,Clay,9667.128265336556
1145,North Carolina,Pasquotank,369680.04995377024
627,Kentucky,Caldwell,673731.6007334631
122,Arkansas,Lonoke,169936.40665882902
1512,Texas,Carson,96137.16674289003
1299,Oklahoma,Kay,33561.40016296307
1366,South Carolina,Jasper,33215.55590434256
1855,Virginia,Shenandoah,32765.01669840477
1057,Missouri,Webster,3334.5462499851437
373,Georgia,Wilkinson,1663.523081649635
428,Illinois,Christian,50728.45284625147
774,Louisiana,Union,95669.34986217735
1141,North Carolina,Northampton,8872.102182618244
985,Missouri,Dunklin,3093553.290841837
252,Georgia,Columbia,376222.0114101602
946,Mississippi,Wayne,5227.5585361020085
216,Florida,Washington,226408.06434461012
789,Massachusetts,Plymouth,25101.24882144545
1007,Missouri,Lincoln,390679.0065096859
1120,North Carolina,Henderson,51094.73881360044
1046,Missouri,Shannon,113151.59259484391
652,Kentucky,Graves,285932.08363436884
1474,Tennessee,Washington,91634.67818640191
765,Louisiana,Plaquemines,747991.0867855223
172,Florida,Gilchrist,205889.13019720983
1473,Tennessee,Warren,18349.8030171344
509,Illinois,Will,19612.953220099625
538,Iowa,Davis,33514.283884860335
906,Mississippi,Lamar,67900.04215775769
1071,Nevada,Mineral,314940.72338528046
578,Iowa,Mitchell,145799.47397259902
464,Illinois,Livingston,63270.51075230322
1733,Utah,Box Elder,500922.5347788608
1051,Missouri,Taney,6078131.346087072
1084,North Carolina,Bertie,314763.21767577564
1049,Missouri,Stone,103571.67855676542
1867,Virginia,Westmoreland,730578.3339581732
327,Georgia,Pickens,11891.489915901699
1134,North Carolina,McDowell,107343.99486529212
1319,Oklahoma,Osage,317103.59788408293
183,Florida,Jackson,316873.0736245387
460,Illinois,Knox,24548.167564062518
773,Louisiana,Terrebonne,234731.20335935947
157,Florida,Bradford,24699.528446743283
632,Kentucky,Carter,99565.60631285698
1399,Tennessee,Clay,317575.0363750465
392,Idaho,Clearwater,125.45635880156715
1202,Ohio,Gallia,40468.301153651104
679,Kentucky,Lincoln,75938.20042734625
265,Georgia,Echols,66423.60345731684
1750,Utah,San Juan,317985.8492782888
1217,Ohio,Knox,74964.60965909784
554,Iowa,Hardin,37711.39081891941
923,Mississippi,Panola,-1023.7856122440135
709,Kentucky,Powell,208582.84458493057
1676,Texas,Rockwall,-5210.437383040637
900,Mississippi,Jackson,1246176.9228006755
134,Arkansas,Pike,108385.50472537961
76,Arizona,Pinal,45946.230699990876
1578,Texas,Hardin,38784.28841157931
269,Georgia,Evans,312854.8625423396
203,Florida,Pinellas,57414.07590844865
210,Florida,Suwannee,90837.75437084545
605,Iowa,Webster,29095.78397433315
310,Georgia,Madison,1080316.9257105414
932,Mississippi,Sharkey,316661.86227985076
10,Alabama,Chilton,45531.50368735224
478,Illinois,Monroe,235217.81107501846
1761,Vermont,Addison,554965.2707882014
1476,Tennessee,Weakley,10217.324304265258
1011,Missouri,Madison,316798.38440478104
1755,Utah,Uintah,30843.821513494902
1406,Tennessee,Dickson,375428.8423526013
369,Georgia,White,423937.7333264461
529,Iowa,Cerro Gordo,231266.9196561303
1066,Nevada,Eureka,526977.8358189721
1433,Tennessee,Lauderdale,445877.5605928878
1352,South Carolina,Chesterfield,10054.817935848761
954,Missouri,Atchison,308763.5025292121
1756,Utah,Utah,24135.82304194333
750,Louisiana,Franklin,526158.1479677417
1651,Texas,Nacogdoches,49557.62547105897
217,Georgia,Appling,715304.0450950081
1523,Texas,Collingsworth,95052.30471055454
1722,Texas,Willacy,131568.6696585497
1392,Tennessee,Campbell,86619.89958050704
1085,North Carolina,Bladen,29950.512660059754
86,Arkansas,Calhoun,1653546.200697695
1830,Virginia,Middlesex,21006.342871689863
1410,Tennessee,Franklin,22082.294761013225
1806,Virginia,Gloucester,198957.66425634065
586,Iowa,Plymouth,46619.36011780634
414,Idaho,Teton,63228.0030670598
624,Kentucky,Breckinridge,2820.5649809923198
1459,Tennessee,Rutherford,1112675.640219852
128,Arkansas,Montgomery,543564.9033987075
861,Michigan,Presque Isle,11608.052742839642
69,Arizona,Graham,12115521.19049239
480,Illinois,Morgan,842855.9089300856
1500,Texas,Brazos,58729.118843997945
1633,Texas,Martin,20943.564947437277
1486,Texas,Atascosa,25052.47266435747
1032,Missouri,Pike,107440.03074870154
898,Mississippi,Issaquena,3351189.1515130657
1419,Tennessee,Hardeman,4763.326718222341
1660,Texas,Panola,30315.4187457193
782,Louisiana,Winn,5970463.189827757
776,Louisiana,Vernon,3354.6793318123036
36,Alabama,Lamar,47655.997117500476
818,Michigan,Grand Traverse,328968.6256955203
982,Missouri,Daviess,33050.0905395618
1880,New Hampshire,Sullivan,6540.605460565746
915,Mississippi,Marion,61999.93384122997
984,Missouri,Douglas,314860.20630663977
500,Illinois,Tazewell,105214.11341406073
955,Missouri,Audrain,318234.62233837775
1338,Oklahoma,Woods,23694.22493610449
1602,Texas,Jim Hogg,853089.0562438712
609,Iowa,Worth,11889.869845319183
1443,Tennessee,McMinn,387808.9442926256
523,Iowa,Buena Vista,1611195.5037208183
1103,North Carolina,Dare,652585.7991222079
1233,Ohio,Morgan,297056.3642026184
852,Michigan,Newaygo,709840.0284940582
508,Illinois,Whiteside,579328.1875631782
589,Iowa,Pottawattamie,20085.437386472695
469,Illinois,Marion,322842.4316926052
1749,Utah,Salt Lake,-129214.65531336947
1122,North Carolina,Hoke,5231992.0409943
1549,Texas,Ellis,2126.348801651904
458,Illinois,Kankakee,17832.80542255758
446,Illinois,Hamilton,108082.14301429983
1569,Texas,Grayson,47983.3915182764
1453,Tennessee,Pickett,97335.25139078911
1554,Texas,Fayette,109447.07460223218
962,Missouri,Buchanan,318129.01607432053
1306,Oklahoma,Major,105424.50375598225
942,Mississippi,Union,500152.86263238406
682,Kentucky,Lyon,487941.974194346
484,Illinois,Perry,58450.838565321086
513,Iowa,Adair,74761.14205839139
261,Georgia,Dooly,1992343.1520183817
997,Missouri,Iron,155504.81682443645
1111,North Carolina,Gaston,672782.9761255969
1349,South Carolina,Charleston,481132.7376156143
1150,North Carolina,Polk,363544.10716666514
1166,North Carolina,Vance,1914736.031851307
895,Mississippi,Hinds,9758.95798291047
1847,Virginia,Pulaski,627927.4477491637
52,Alabama,Pickens,315262.517839549
1465,Tennessee,Stewart,341073.3800953872
1332,Oklahoma,Texas,798318.5123261636
34,Alabama,Jackson,1522575.2541756448
5,Alabama,Bullock,48911.782114731206
1608,Texas,Kendall,316731.85362374963
1129,North Carolina,Lenoir,317047.28338615387
1447,Tennessee,Montgomery,208349.1206945913
433,Illinois,Crawford,9047.408262910161
1187,Ohio,Clark,1031327.739067025
381,Idaho,Blaine,15396.144246652635
165,Florida,Columbia,39212.84713369284
418,Illinois,Adams,102681.35603629053
1663,Texas,Pecos,10855.419873536544
1497,Texas,Bosque,56072.37276521792
59,Alabama,Tallapoosa,318402.700184221
850,Michigan,Montmorency,1930675.5323657312
237,Georgia,Candler,543622.7478206089
1603,Texas,Jim Wells,58737.01167918992
1615,Texas,Kleberg,121088.95901831248
151,Arkansas,White,201285.88233039813
1444,Tennessee,McNairy,55508.99210211132
1510,Texas,Cameron,496246.466418296
148,Arkansas,Union,567001.2556144586
1619,Texas,Lampasas,2056520.6790679006
812,Michigan,Dickinson,13705.21465442056
820,Michigan,Hillsdale,34619.178951559516
748,Louisiana,East Feliciana,32219.34660582769
1421,Tennessee,Hawkins,235878.31309316427
1456,Tennessee,Rhea,3812672.4868631996
938,Mississippi,Tate,315417.7780766456
762,Louisiana,Natchitoches,-233.4206144513737
1575,Texas,Hamilton,316202.6013651086
1356,South Carolina,Dillon,383154.77608141873
1504,Texas,Brown,8301.207507207058
780,Louisiana,West Carroll,314814.8982271459
1809,Virginia,Greene,96869.0100933059
272,Georgia,Floyd,79272.7240406809
384,Idaho,Bonneville,428065.1828641668
504,Illinois,Warren,19286.742606826472
695,Kentucky,Metcalfe,10267.792455376371
726,Kentucky,Wayne,223895.8636075501
445,Illinois,Grundy,335985.8936567274
1630,Texas,Lynn,11810.68548314249
482,Illinois,Ogle,25989.147240608247
880,Mississippi,Chickasaw,5399620.909865687
543,Iowa,Dubuque,486750.39419836353
813,Michigan,Eaton,1892734.7932653655
1518,Texas,Clay,336775.4356758273
1285,Oklahoma,Dewey,313788.1496826082
443,Illinois,Gallatin,45587.988751424826
754,Louisiana,Jackson,571361.955178304
1418,Tennessee,Hancock,19463.82500185057
1390,Tennessee,Blount,39753.19516332084
223,Georgia,Barrow,10975.128621627577
1407,Tennessee,Dyer,171447.99451520052
15,Alabama,Coffee,243126.58558210894
1727,Texas,Wood,723298.4564384312
351,Georgia,Thomas,54015.91271816469
489,Illinois,Putnam,33152.809447268744
1831,Virginia,Montgomery,105760.24519502115
808,Michigan,Clare,37557.33892663468
1044,Missouri,Scotland,192083.64040043802
204,Florida,Polk,66113.2756538552
805,Michigan,Charlevoix,112555.43565842634
1201,Ohio,Fulton,317007.5388146988
1495,Texas,Blanco,33099.12244337078
225,Georgia,Ben Hill,3113.4166513424425
638,Kentucky,Crittenden,72031.43063102572
494,Illinois,Sangamon,316490.0325162611
1199,Ohio,Fayette,39546.841501868126
665,Kentucky,Jackson,218187.61258226767
1002,Missouri,Knox,594838.1912295184
816,Michigan,Gladwin,25616.590220318638
629,Kentucky,Campbell,376439.4543127799
1169,North Carolina,Washington,312016.21004156244
1774,Virginia,Amelia,10169.305557828811
1222,Ohio,Lorain,44888.77411102934
412,Idaho,Power,104619.2604825386
1423,Tennessee,Henderson,46227.432650142866
1592,Texas,Howard,327385.8191561297
1718,Texas,Wharton,311365.8302350263
1516,Texas,Cherokee,5478.663914111214
212,Florida,Union,9729.204625241775
1317,Oklahoma,Oklahoma,327055.8372046939
704,Kentucky,Owen,16912.30947177805
1841,Virginia,Patrick,73016.92453410199
1200,Ohio,Franklin,317452.6402290602
1745,Utah,Millard,22853.373963916376
96,Arkansas,Crawford,175568.12103423773
1305,Oklahoma,Love,-2431.483977484558
1681,Texas,San Jacinto,355413.8967800324
1190,Ohio,Columbiana,207567.45461694474
1035,Missouri,Pulaski,322689.86130054394
1424,Tennessee,Henry,50705.151146932105
1337,Oklahoma,Washita,138389.87883322866
178,Florida,Hernando,364137.33433306776
757,Louisiana,Lafourche,115449.45089772753
937,Mississippi,Tallahatchie,117037.17027386432
1571,Texas,Grimes,88116.72791057562
630,Kentucky,Carlisle,25931.111530257178
759,Louisiana,Livingston,47159.161543335045
544,Iowa,Emmet,1461290.5708866448
1572,Texas,Guadalupe,127870.0826288646
855,Michigan,Ogemaw,43957.22724256532
1550,Texas,El Paso,710999.8028294907
1658,Texas,Orange,51186.92155884346
1458,Tennessee,Robertson,407591.3627699862
755,Louisiana,Jefferson,195178.50518066136
675,Kentucky,Lee,13678.2851621388
849,Michigan,Montcalm,262358.3283719522
1589,Texas,Hood,26621.948127788513
1296,Oklahoma,Jackson,2681581.2261480754
927,Mississippi,Pontotoc,14197.128603605204
1691,Texas,Starr,-263750.71073648764
1054,Missouri,Warren,2337817.3289767946
350,Georgia,Terrell,6837.337821504106
1277,Oklahoma,Cleveland,1904.0572658883411
587,Iowa,Pocahontas,78819.22537310701
450,Illinois,Henry,4850.231376403931
716,Kentucky,Shelby,26776.789540369253
1690,Texas,Somervell,323497.39826368727
402,Idaho,Latah,76960.18663615956
531,Iowa,Chickasaw,159744.22646520365
39,Alabama,Lee,2907.0672800117845
119,Arkansas,Lincoln,7718.262972134809
685,Kentucky,Marion,340573.60763297585
1273,Oklahoma,Carter,36076.2202409041
397,Idaho,Gem,247634.61924732663
787,Massachusetts,Nantucket,324145.1376198309
1455,Tennessee,Putnam,52720.264080996596
420,Illinois,Bond,3006464.601062789
728,Kentucky,Whitley,389046.60864875774
1093,North Carolina,Caswell,314172.1425346219
68,Arizona,Gila,161268.27122931398
496,Illinois,Scott,744802.7859707426
1151,North Carolina,Randolph,10748.993168851624
352,Georgia,Tift,10244.302322494921
1077,North Carolina,Alamance,95917.61524157495
9,Alabama,Cherokee,750311.0707488547
510,Illinois,Williamson,35148.67577118272
797,Michigan,Baraga,97867.43279735564
1520,Texas,Coke,316933.01383987674
1239,Ohio,Perry,46136.790023711925
515,Iowa,Allamakee,312589.50515457906
1330,Oklahoma,Sequoyah,23617.122652971902
707,Kentucky,Perry,318095.758875631
596,Iowa,Story,152331.88925741758
739,Louisiana,Caddo,73129.16936054558
22,Alabama,Dale,4240.7465122732065
1008,Missouri,Linn,54154.05070745911
1393,Tennessee,Cannon,483526.74755077605
766,Louisiana,Pointe Coupee,60206.8215383781
1164,North Carolina,Tyrrell,2479267.1454633134
149,Arkansas,Van Buren,99962.68314212988
487,Illinois,Pope,23896.61358225237
1785,Virginia,Buckingham,473563.78211911296
267,Georgia,Elbert,83485.2620417787
781,Louisiana,West Feliciana,135975.7177969274
1197,Ohio,Erie,21011.79644591714
801,Michigan,Berrien,74597.97274690634
660,Kentucky,Hart,214431.22392311378
264,Georgia,Early,832770.2010723643
1180,Ohio,Athens,234265.6240374618
1854,Virginia,Scott,-1884.5741867345205
648,Kentucky,Fulton,1175898.4268308065
1301,Oklahoma,Kiowa,613613.477266732
1636,Texas,Maverick,178216.8021839647
1864,Virginia,Virginia Beach,21312.844105382457
1531,Texas,Crane,20829.373830748453
1116,North Carolina,Guilford,90184.67096370333
1059,Missouri,Wright,29998.845930308402
467,Illinois,Macoupin,51695.089214117055
1339,Oklahoma,Woodward,103310.34976816262
533,Iowa,Clay,312373.4330963495
1689,Texas,Smith,163602.73076717503
201,Florida,Palm Beach,310069.9421963132
1176,Ohio,Adams,8453.46238896957
112,Arkansas,Izard,1656013.0180569515
1794,Virginia,Culpeper,161840.7241299784
98,Arkansas,Cross,318776.0395994552
1024,Missouri,Nodaway,136630.62023076531
1748,Utah,Rich,358963.9817707103
1826,Virginia,Lunenburg,46898.54185627302
1629,Texas,Lubbock,324545.1688514929
551,Iowa,Guthrie,320550.5130187491
17,Alabama,Conecuh,23906.881932933644
977,Missouri,Cole,18692.18499537986
1333,Oklahoma,Tillman,26468.012794096452
1789,Virginia,Charles City,16331.560473920537
1015,Missouri,Mercer,261141.20767081846
981,Missouri,Dallas,47262.856216059816
1812,Virginia,Hampton,452917.13823517266
20,Alabama,Crenshaw,10592.098328674096
1832,Virginia,Nelson,31812.380744421018
1870,Virginia,York,285228.98247870547
429,Illinois,Clark,14401.641075256757
1258,Ohio,Warren,51561.304228457666
1836,Virginia,Northampton,-556.2218760667711
187,Florida,Lee,39021.46306730392
1696,Texas,Swisher,229171.57316246646
454,Illinois,Jefferson,39427.077462859655
1165,North Carolina,Union,44147.690697511614
979,Missouri,Crawford,41837.34255367191
1018,Missouri,Moniteau,12650.681202624624
1492,Texas,Bee,10853.809887817819
411,Idaho,Payette,48009.86072749656
1713,Texas,Walker,165616.26307433462
1671,Texas,Red River,302502.0650031344
202,Florida,Pasco,280967.2770515699
524,Iowa,Butler,321497.6315599767
363,Georgia,Ware,154374.50439432455
1385,South Carolina,York,594990.9582600216
940,Mississippi,Tishomingo,42265.84332657903
1580,Texas,Harrison,335855.57379969215
1378,South Carolina,Pickens,31152.31234059427
1734,Utah,Cache,48492.59332792745
1298,Oklahoma,Johnston,12396.947434227055
101,Arkansas,Drew,728776.2608150968
1284,Oklahoma,Delaware,91670.90403804829
599,Iowa,Union,320419.2079135637
1403,Tennessee,Cumberland,9891.357439838464
74,Arizona,Navajo,11608.412783450498
166,Florida,Dixie,186637.91632525565
1484,Texas,Archer,13327.460044671261
870,Michigan,Wayne,-103255.57506202799
613,Kentucky,Anderson,610759.2353839607
453,Illinois,Jasper,41814.07428929447
1594,Texas,Hunt,164054.9844347313
1710,Texas,Val Verde,68906.83611086149
519,Iowa,Black Hawk,176310.45954123707
634,Kentucky,Christian,12668.779249575571
838,Michigan,Luce,52150.76887666968
196,Florida,Monroe,325148.3571886426
441,Illinois,Franklin,20949.518897629532
824,Michigan,Ionia,64688.613392816565
720,Kentucky,Todd,176385.3091736369
553,Iowa,Hancock,318641.7653221759
580,Iowa,Monroe,311949.7566097436
371,Georgia,Wilcox,39222.54517279632
1787,Virginia,Caroline,876.6474741682832
1573,Texas,Hale,62498.74104187238
23,Alabama,Dallas,222446.80813191176
867,Michigan,Tuscola,50006.07981042934
235,Georgia,Calhoun,24456.5377207787
348,Georgia,Taylor,147877.969538061
532,Iowa,Clarke,72335.11392945159
1140,North Carolina,New Hanover,12650.32880499676
387,Idaho,Camas,45060.91727845474
1096,North Carolina,Cherokee,283703.5421831794
913,Mississippi,Lowndes,418846.4690558384
535,Iowa,Clinton,83815.4625436494
1329,Oklahoma,Seminole,5176603.689905257
756,Louisiana,Lafayette,12729.496556425987
270,Georgia,Fannin,330236.61919079866
1269,Oklahoma,Blaine,35378.60543488511
1839,Virginia,Orange,8564.583804848584
1683,Texas,San Saba,-1528700.064011612
1479,Tennessee,Wilson,14398.147407311324
547,Iowa,Franklin,96850.19046758141
879,Mississippi,Carroll,312632.5892122449
107,Arkansas,Greene,233705.35674058826
998,Missouri,Jackson,166654.32589215162
1437,Tennessee,Loudon,59874.61173038213
1149,North Carolina,Pitt,480928.90915350406
1860,Virginia,Suffolk,300370.83815481054
175,Florida,Hamilton,23309.257977663972
1454,Tennessee,Polk,837761.235343094
43,Alabama,Madison,110715.74257898163
117,Arkansas,Lawrence,2009.2866147245113
143,Arkansas,Searcy,237673.29685108943
403,Idaho,Lemhi,27740.70049242413
1168,North Carolina,Warren,60172.97209346654
1229,Ohio,Mercer,25040.175118820054
1441,Tennessee,Marshall,21967.07582391648
651,Kentucky,Grant,25692.219268593315
1207,Ohio,Hancock,55588.00376907821
37,Alabama,Lauderdale,51066.28342687531
1562,Texas,Gaines,66808.77421368539
611,Kentucky,Adair,58655.106808889475
1508,Texas,Calhoun,126237.72032697473
1627,Texas,Llano,814672.8135162571
821,Michigan,Houghton,20627.37988612755
474,Illinois,McHenry,357751.77055621054
1243,Ohio,Preble,52288.038079996215
1137,North Carolina,Montgomery,1780053.8713282896
224,Georgia,Bartow,106323.21342496411
1496,Texas,Borden,92095.65901330361
38,Alabama,Lawrence,866276.6799821493
836,Michigan,Lenawee,141358.82338244744
185,Florida,Lafayette,19143.305042167824
640,Kentucky,Daviess,322170.0804834198
770,Louisiana,Sabine,3139.892906068966
1712,Texas,Victoria,43631.69952563932
347,Georgia,Tattnall,18687.194793878745
1101,North Carolina,Craven,320814.1818892058
1536,Texas,Dallas,24690.16767932621
120,Arkansas,Little River,2352.042579482555
1079,North Carolina,Alleghany,353618.5276448026
724,Kentucky,Warren,18843.512383900637
1146,North Carolina,Pender,907.1077764688762
296,Georgia,Jefferson,13880.942181215949
1427,Tennessee,Humphreys,2330.3114544836426
184,Florida,Jefferson,9121.574272636093
1739,Utah,Emery,234741.47123264335
1532,Texas,Crockett,226204.871755185
490,Illinois,Randolph,360602.09251343226
976,Missouri,Clinton,236978.5799413027
1261,Ohio,Williams,345292.88082430133
221,Georgia,Baldwin,36250.22812835938
332,Georgia,Putnam,344813.10221206263
299,Georgia,Jones,12714.957373606394
345,Georgia,Talbot,382724.20029335155
1852,Virginia,Rockingham,178211.7871126181
703,Kentucky,Oldham,15099.889822643341
869,Michigan,Washtenaw,313734.4027939807
1353,South Carolina,Clarendon,25514.42516125935
1445,Tennessee,Meigs,26914.35088758667
71,Arizona,La Paz,669251.5777184584
970,Missouri,Cass,180045.6586663049
244,Georgia,Cherokee,1301061.0671028858
1834,Virginia,Newport News,317440.3582328735
706,Kentucky,Pendleton,107854.70078591397
405,Idaho,Lincoln,16277.227287445148
1266,Oklahoma,Atoka,19599.57944794727
893,Mississippi,Hancock,111415.50140468727
1732,Utah,Beaver,216640.1982657893
358,Georgia,Twiggs,85941.52988136161
542,Iowa,Dickinson,667821.166815977
1705,Texas,Trinity,2939.9189762426613
956,Missouri,Barry,60762.71973914998
146,Arkansas,Sharp,230879.10326535942
1062,Nevada,Clark,93451.95864149112
1005,Missouri,Lawrence,36896.531880817514
1272,Oklahoma,Canadian,48677.34363130773
610,Iowa,Wright,53958.93680361711
620,Kentucky,Boyd,12429.375855071386
1359,South Carolina,Fairfield,36077.66122266142
844,Michigan,Mecosta,33525.452099592774
1700,Texas,Terry,52550.08692339486
941,Mississippi,Tunica,129610.33290270064
987,Missouri,Gasconade,35175.46343036081
807,Michigan,Chippewa,332312.575414105
558,Iowa,Humboldt,602675.3853219639
964,Missouri,Caldwell,49232.528565274755
615,Kentucky,Barren,41644.389010565035
772,Louisiana,Tensas,192406.61975466795
1344,South Carolina,Bamberg,46765.22398195404
581,Iowa,Montgomery,115634.30740493222
219,Georgia,Bacon,615442.9325560462
669,Kentucky,Kenton,10704.75617652716
527,Iowa,Cass,89929.007379604
91,Arkansas,Cleburne,12495.353918899487
1064,Nevada,Elko,316716.2756777565
950,Mississippi,Yalobusha,583799.9556940543
1879,New Hampshire,Strafford,318219.0376851741
337,Georgia,Rockdale,136470.3308986559
887,Mississippi,Covington,317997.2948707184
592,Iowa,Sac,95280.95719369338
562,Iowa,Jasper,315800.76977627375
1850,Virginia,Roanoke,15630.682418736706
1268,Oklahoma,Beckham,38447.75184044733
1211,Ohio,Highland,119138.5599530039
914,Mississippi,Madison,30652.621836997634
785,Massachusetts,Franklin,343705.01792851614
1398,Tennessee,Claiborne,96590.24627354421
297,Georgia,Jenkins,38879.08818826499
700,Kentucky,Nelson,4476.348760455134
1,Alabama,Baldwin,12628.660632656065
584,Iowa,Page,377062.56889974535
1099,North Carolina,Cleveland,32650.51508960921
1477,Tennessee,White,135045.88158691738
1874,New Hampshire,Coos,-3686.286331189074
492,Illinois,Rock Island,2829337.089866
1216,Ohio,Jefferson,579638.0447565214
594,Iowa,Shelby,3750197.268735244
1247,Ohio,Sandusky,9128.352457689707
232,Georgia,Bulloch,13904.395785885523
1740,Utah,Garfield,1286147.706493066
127,Arkansas,Monroe,59339.97364220859
699,Kentucky,Muhlenberg,292081.62586069567
111,Arkansas,Independence,315039.1948927216
1551,Texas,Erath,317317.5697828841
980,Missouri,Dade,16382.047524328336
945,Mississippi,Washington,18461.336431941247
135,Arkansas,Poinsett,69352.32683773902
1607,Texas,Kaufman,61944.35957880817
88,Arkansas,Chicot,517977.20082093857
1105,North Carolina,Davie,62656.41174006242
1347,South Carolina,Berkeley,43254.36213515052
904,Mississippi,Kemper,99166.41684040408
804,Michigan,Cass,313010.25382296514
1205,Ohio,Guernsey,38080.62064049054
503,Illinois,Wabash,99542.69687016118
672,Kentucky,LaRue,320212.43799062667
1263,Ohio,Wyandot,2713538.9683410786
1283,Oklahoma,Custer,627755.9397817871
1664,Texas,Polk,1150055.1276174542
894,Mississippi,Harrison,23150.77988840348
1653,Texas,Newton,231334.309150985
99,Arkansas,Dallas,64363.251563805665
1835,Virginia,Norfolk,349957.6838620547
1614,Texas,Kinney,344470.4740383078
473,Illinois,McDonough,11859.305321944481
747,Louisiana,East Carroll,2482596.864254614
570,Iowa,Louisa,38627.34809781265
1086,North Carolina,Brunswick,287820.2528917
680,Kentucky,Livingston,-612.6166349888808
712,Kentucky,Rockcastle,73002.54087638488
284,Georgia,Hall,1937571.3993941965
1649,Texas,Morris,29329.881603567686
1442,Tennessee,Maury,319752.27974325034
12,Alabama,Clarke,103963.98262024176
1033,Missouri,Platte,41968.455678708866
197,Florida,Nassau,273206.30708380975
367,Georgia,Webster,831750.7049245258
1604,Texas,Johnson,653385.112830593
667,Kentucky,Jessamine,338719.8911711455
336,Georgia,Richmond,16857.77801676937
239,Georgia,Catoosa,276712.7206468828
882,Mississippi,Claiborne,323451.6264161393
1251,Ohio,Stark,10152.376139968395
1123,North Carolina,Hyde,30098.60961401801
1132,North Carolina,Madison,430363.5310870202
1478,Tennessee,Williamson,70975.60545935732
1613,Texas,King,2575509.8013980417
1303,Oklahoma,Lincoln,335665.79639275913
601,Iowa,Wapello,13571.261503603644
1597,Texas,Jack,94375.28762274541
1772,Virginia,Albemarle,2442081.2770732637
1775,Virginia,Amherst,448379.1287643886
548,Iowa,Fremont,5612.060350765262
92,Arkansas,Cleveland,718540.1131244401
0,Alabama,Autauga,171590.60164685096
1000,Missouri,Jefferson,3384.5728914643087
1584,Texas,Hemphill,-36507.439821206906
908,Mississippi,Lawrence,26093.112030162178
802,Michigan,Branch,727058.8097567928
806,Michigan,Cheboygan,20983.28180259705
1020,Missouri,Montgomery,10931.196315721438
103,Arkansas,Franklin,67121.56686630622
407,Idaho,Minidoka,2161513.1357782013
1244,Ohio,Putnam,352149.31086404336
251,Georgia,Colquitt,26639.41699057046
710,Kentucky,Pulaski,315758.25463449844
764,Louisiana,Ouachita,310298.7313073997
1152,North Carolina,Richmond,12663.211025383858
1618,Texas,Lamb,11050.10505162644
549,Iowa,Greene,110810.6688148835
220,Georgia,Baker,75796.80536129785
933,Mississippi,Simpson,25422.83921143102
360,Georgia,Upson,1842.920461154692
740,Louisiana,Calcasieu,619654.5202798002
1587,Texas,Hill,6318.1148759061725
1234,Ohio,Morrow,683154.4409836755
1408,Tennessee,Fayette,482235.5608862949
1209,Ohio,Harrison,245762.47694001117
1848,Virginia,Rappahannock,318034.79935474787
1038,Missouri,Randolph,264107.1839429033
837,Michigan,Livingston,463701.0646373201
619,Kentucky,Bourbon,504452.68726805266
1528,Texas,Cooke,52621.817957351974
247,Georgia,Clayton,11341.690915967909
885,Mississippi,Coahoma,11090.481810719482
745,Louisiana,Concordia,10029.150642185316
164,Florida,Collier,325584.8336264731
854,Michigan,Oceana,8963.097331274568
306,Georgia,Long,320123.2907528465
1542,Texas,Dickens,52461.11219639006
1729,Texas,Young,10487.561969870858
215,Florida,Walton,43926.90816043418
1313,Oklahoma,Muskogee,150971.4528962038
374,Georgia,Worth,256489.18117121945
1345,South Carolina,Barnwell,1000364.9533130958
715,Kentucky,Scott,15674.359466230126
960,Missouri,Bollinger,1043161.1879412626
1810,Virginia,Greensville,706602.7133429394
1521,Texas,Coleman,5584598.882513644
366,Georgia,Wayne,933083.035417243
1292,Oklahoma,Harmon,15128.289493699747
585,Iowa,Palo Alto,126815.27731438028
236,Georgia,Camden,20689.5220013937
401,Idaho,Kootenai,326501.38970117405
1730,Texas,Zapata,11485.699088070995
33,Alabama,Houston,131979.90465464507
1833,Virginia,New Kent,310674.3677799442
262,Georgia,Dougherty,44437.193368987486
991,Missouri,Harrison,126216.26946929342
1764,Vermont,Essex,612683.4123836771
1502,Texas,Briscoe,9503.45294903989
1354,South Carolina,Colleton,346013.57149960677
702,Kentucky,Ohio,9642.144672661552
8,Alabama,Chambers,105563.43865823401
890,Mississippi,George,3075967.00866046
1670,Texas,Real,199032.97026174975
1567,Texas,Gonzales,88696.58927619546
1525,Texas,Comal,50230.27329874005
1680,Texas,San Augustine,317261.61092854245
431,Illinois,Clinton,749863.3740075398
1746,Utah,Morgan,191106.51024785874
1737,Utah,Davis,614602.3069534786
1237,Ohio,Ottawa,47760.42157535463
50,Alabama,Morgan,314146.77750095987
1779,Virginia,Bath,319171.0294381071
1148,North Carolina,Person,590680.5341788755
1780,Virginia,Bedford,146291.87049240925
1703,Texas,Tom Green,58540.39218853524
1706,Texas,Tyler,318985.93571965495
687,Kentucky,Martin,-487.78539641129373
1102,North Carolina,Cumberland,187787.47153353447
968,Missouri,Carroll,256006.13008307104
1814,Virginia,Henrico,-9282.78896799494
662,Kentucky,Henry,80985.27934128285
658,Kentucky,Harlan,1181792.0458239599
565,Iowa,Jones,64117.32203855569
525,Iowa,Calhoun,234076.79722711153
1360,South Carolina,Florence,580435.3669736321
1014,Missouri,McDonald,129903.6236211792
1797,Virginia,Dinwiddie,172290.84942110613
834,Michigan,Lapeer,130515.3114809606
637,Kentucky,Clinton,325411.3166945139
1600,Texas,Jeff Davis,77890.90892605332
1230,Ohio,Miami,28156.009407073914
1828,Virginia,Mathews,316964.9527406893
1652,Texas,Navarro,84604.30300082505
737,Louisiana,Bienville,55545.095146473584
1517,Texas,Childress,24726.383655532652
800,Michigan,Benzie,23266.39157130577
1675,Texas,Robertson,25860.381734998624
678,Kentucky,Lewis,493240.51935701864
