,0,1,2
514,Illinois,Henry,356540.7029607072
232,Florida,Escambia,-264104.8374079566
5,Alabama,Bullock,-257216.62462114875
1002,Missouri,Stoddard,282862.9469098732
1746,Texas,Terrell,116993.329323349
1715,Texas,Randall,-136380.23594066172
1328,Oklahoma,Craig,45589.54857260501
318,Georgia,Coweta,-180560.10013614764
662,Iowa,Taylor,-23357.66045682595
1364,Oklahoma,Oklahoma,-3972.1677569736594
914,Missouri,Bollinger,-161398.10061235752
570,Illinois,Wayne,1005136.474748679
891,Mississippi,Tallahatchie,345441.1776046541
118,Arkansas,Lee,-2685.868940698565
873,Mississippi,Neshoba,97324.6417848317
1681,Texas,Mason,-41219.2829934225
285,Georgia,Baldwin,759543.4039088339
356,Georgia,Irwin,-64412.5268212549
1846,Virginia,Fairfax,-77836.47246563828
1395,South Carolina,Calhoun,308239.765386041
1138,North Carolina,Camden,-117619.35179124982
631,Iowa,Kossuth,-26385.52037161689
409,Georgia,Talbot,41783.1580089964
626,Iowa,Jasper,-69340.61404883384
775,Michigan,Houghton,-13516.364342454528
1658,Texas,Kerr,-24240.01266191206
1053,Nebraska,Hall,35700.141313905646
953,Missouri,Jasper,-15435.139446008943
32,Alabama,Henry,928472.2897767847
247,Florida,Jackson,-44682.080426371904
367,Georgia,Lee,69413.05573261855
1117,Nevada,Lyon,48077.323357307556
800,Michigan,Midland,426032.8958879565
986,Missouri,Pike,-84449.15038962796
826,Mississippi,Adams,-35897.007603257196
703,Louisiana,Livingston,-223336.75780604457
440,Idaho,Adams,2050071.6773368502
1380,Oklahoma,Tillman,373.1151192280231
899,Mississippi,Washington,-448797.9831872224
240,Florida,Hardee,367541.7811628601
422,Georgia,Twiggs,-191863.49218460495
1090,Nebraska,Sarpy,-109565.73793702282
200,Colorado,Ouray,-70251.32927187695
1122,Nevada,Washoe,86987.48706454856
687,Louisiana,Catahoula,-74891.92000937463
855,Mississippi,Jasper,295106.08215466246
1166,North Carolina,Haywood,-14796.977731973799
1892,Virginia,Prince George,594923.2514478866
777,Michigan,Ingham,-3053.9168653304714
1431,South Carolina,Williamsburg,-10225.324524471887
1008,Missouri,Warren,426600.8938597607
1581,Texas,Culberson,-27467.453037637868
707,Louisiana,Orleans,32898.59726516006
1244,Ohio,Erie,168818.78074409318
278,Florida,Wakulla,267091.6556700892
1397,South Carolina,Cherokee,59447.12440786003
424,Georgia,Upson,-586051.9785451943
1759,Texas,Victoria,34132.7213683701
1415,South Carolina,Lancaster,109659.95095463906
1694,Texas,Montgomery,171117.80311153096
1102,Nebraska,Washington,106885.68010649497
512,Illinois,Hardin,-29014.49542477524
403,Georgia,Screven,266934.693294984
630,Iowa,Keokuk,-90226.281743324
766,Michigan,Dickinson,99067.48995353331
1572,Texas,Comal,-57623.85964719565
197,Colorado,Montrose,-10686.34624069314
930,Missouri,Clinton,-58190.63963991072
317,Georgia,Cook,41222.09620890312
910,Missouri,Barry,190278.86921552807
1283,Ohio,Noble,-475235.0288477272
1240,Ohio,Cuyahoga,-54646.26020901105
326,Georgia,Dougherty,-1154053.8466176344
1917,Virginia,York,-206973.2954013844
578,Iowa,Adams,118705.5119745186
770,Michigan,Gladwin,236334.06922094998
598,Iowa,Clayton,-42945.572747016995
1134,North Carolina,Buncombe,593617.1445977438
209,Colorado,Saguache,-45990.19919211915
1131,North Carolina,Bertie,1084715.5973964997
1707,Texas,Panola,-16407.59746729876
644,Iowa,Monroe,-20946.135604258183
1382,Oklahoma,Wagoner,1125528.0323937428
1749,Texas,Titus,-39251.992903954044
462,Idaho,Gooding,-5726841.105693238
1666,Texas,Lampasas,77327.60364733583
1896,Virginia,Richmond,182625.82648241427
1721,Texas,Roberts,-10431.335954397606
1149,North Carolina,Cumberland,26922.41690252306
1788,Utah,Grand,34789.9585203771
96,Arkansas,Crawford,23578.555208642152
1755,Texas,Upton,63697.44858101735
1620,Texas,Hale,-27310.426891878007
620,Iowa,Henry,492650.7854191188
463,Idaho,Jefferson,-149586.20386720472
1350,Oklahoma,Lincoln,-14227.407198403745
337,Georgia,Forsyth,894943.8273378112
1855,Virginia,Grayson,62017.40129500622
1356,Oklahoma,McClain,-20209.6307663238
1779,Utah,Beaver,-64751.14479061328
1609,Texas,Gaines,-42180.341641809835
1021,Nebraska,Boyd,-16724.65983194374
559,Illinois,Schuyler,-22558.249434561112
1850,Virginia,Franklin,878756.3436383186
1343,Oklahoma,Jackson,135430.3489218429
1633,Texas,Hidalgo,-13789.377127959087
212,Colorado,Sedgwick,-11376.87004798676
1823,Virginia,Appomattox,-14334.50895315259
1458,Tennessee,Gibson,334971.8521297287
1717,Texas,Real,-18045.421032327737
1112,Nevada,Esmeralda,397607.1556529825
1293,Ohio,Ross,-9187.965677503003
1400,South Carolina,Clarendon,161366.34911962342
882,Mississippi,Prentiss,-5119.504166771847
1550,Texas,Brooks,-11340.288542351112
1864,Virginia,Isle of Wight,-108518.08343538425
1039,Nebraska,Dixon,196387.73182909255
1863,Virginia,Highland,-369926.36998559674
1741,Texas,Stonewall,39664.45786961485
1685,Texas,McLennan,10920.778913726077
534,Illinois,Marshall,22654.744739542715
918,Missouri,Caldwell,704930.4727311782
1862,Virginia,Henry,-33931.93789174219
663,Iowa,Union,-113141.28706452454
911,Missouri,Barton,303744.8880338068
567,Illinois,Wabash,266655.5426873779
737,Massachusetts,Barnstable,112199.82143749011
586,Iowa,Buchanan,-31108.66314866015
1401,South Carolina,Colleton,-36220.530494023886
1626,Texas,Harris,-8441.07322702317
374,Georgia,Madison,232262.23311881057
524,Illinois,Knox,-15238.47394927502
1832,Virginia,Buckingham,-568.1998692689085
1877,Virginia,Middlesex,819878.1956920102
1594,Texas,Ector,-17759.788924509223
938,Missouri,Douglas,-859824.6550701832
742,Massachusetts,Norfolk,-91000.933340564
736,Maine,York,-2454.6771002341993
1214,North Carolina,Wake,-18733.249378668603
45,Alabama,Marion,67942.36604670646
1353,Oklahoma,Major,93357.05372671124
921,Missouri,Cape Girardeau,-8678.784471664403
35,Alabama,Jefferson,-88483.55189675424
704,Louisiana,Madison,-48114.777767722
1607,Texas,Freestone,13213689.293376036
71,Arizona,La Paz,2603481.7986091617
363,Georgia,Jones,148738.2475415943
1462,Tennessee,Grundy,-16819.314210548553
207,Colorado,Rio Grande,-23591.498226560096
729,Maine,Hancock,-29351.592673333933
245,Florida,Holmes,-13001.791804247572
1114,Nevada,Humboldt,-7446.479238274186
653,Iowa,Pottawattamie,33434.181198282575
415,Georgia,Thomas,355753.09465778293
1107,Nevada,Carson City,-5893.734222996652
1702,Texas,Nueces,859353.567393505
169,Colorado,Delta,-6050.6697981039
1042,Nebraska,Dundy,-17271.366414795164
196,Colorado,Montezuma,793707.3750508877
1742,Texas,Sutton,-93212.17288178846
1474,Tennessee,Humphreys,-791013.841644138
119,Arkansas,Lincoln,818991.7933168713
1668,Texas,Lee,2595261.2994669518
957,Missouri,LaClede,99608.41552907624
1815,Vermont,Rutland,231494.74238891253
806,Michigan,Newaygo,3442718.4767927267
488,Illinois,Calhoun,-28975.66629886034
161,Colorado,Broomfield,-13303.377815795599
204,Colorado,Prowers,502363.6877658341
1057,Nebraska,Hitchcock,-200218.0252566968
1129,North Carolina,Avery,419227.12617795996
375,Georgia,Marion,58671.91462001328
1418,South Carolina,Lexington,44640.30668863625
1904,Virginia,Southampton,178156.93558995653
955,Missouri,Johnson,7339.385393071483
738,Massachusetts,Essex,-3433343.2669383576
1232,Ohio,Carroll,-23470.310226117937
1479,Tennessee,Lake,933538.931368146
1822,Virginia,Amherst,-48201.25501909852
1087,Nebraska,Richardson,-15197.960492891027
1141,North Carolina,Catawba,-177572.74753262647
900,Mississippi,Wayne,2937.7277689746406
1049,Nebraska,Garfield,203574.0405457121
1670,Texas,Liberty,69763.08909817217
261,Florida,Nassau,-27646.17191094972
887,Mississippi,Simpson,-333978.10509370157
1595,Texas,Edwards,-47773.326603162466
26,Alabama,Etowah,-335351.1751239414
819,Michigan,Schoolcraft,-4380.1415174799695
264,Florida,Osceola,70639.85553395608
1880,Virginia,New Kent,-16730.51259190288
452,Idaho,Canyon,335482.649110544
1525,Tennessee,Williamson,-293730.0206925502
732,Maine,Oxford,19393.151537134603
551,Illinois,Pope,-4336.3571356985485
1407,South Carolina,Florence,-25525.859290155582
1375,Oklahoma,Rogers,49974.51102402859
947,Missouri,Hickory,34835.88901350572
448,Idaho,Bonneville,-9774.37407600589
1281,Ohio,Morrow,-22742.41477129719
568,Illinois,Warren,-163472.40709360573
1319,Oklahoma,Canadian,3575653.226442739
1567,Texas,Coke,7090.005607490035
969,Missouri,Mercer,-94220.168914189
1398,South Carolina,Chester,-40638.57664491949
1849,Virginia,Fluvanna,256588.11725083785
1764,Texas,Webb,385705.3977663209
377,Georgia,McIntosh,48866.093875820545
518,Illinois,Jefferson,2040290.7380890958
1711,Texas,Polk,-31422.497799351877
1127,North Carolina,Anson,-4571.323200868877
1306,Ohio,Washington,288956.83288570226
1783,Utah,Daggett,-29331.236722950824
144,Arkansas,Sebastian,-54315.37087295686
1737,Texas,Somervell,237656.11999271112
1429,South Carolina,Sumter,-79710.91452758104
604,Iowa,Delaware,-10048.296256833495
1891,Virginia,Prince Edward,101545.58241241513
1926,New Hampshire,Strafford,-630316.5506816624
1163,North Carolina,Guilford,-273358.2521204178
1258,Ohio,Highland,-12624.093923100803
138,Arkansas,Prairie,895053.1863805968
1465,Tennessee,Hancock,-21829.22243597781
627,Iowa,Jefferson,-76219.84716762493
372,Georgia,Lumpkin,666994.4416377305
370,Georgia,Long,18798.40888892225
790,Michigan,Lenawee,-14166.031845798585
1362,Oklahoma,Nowata,308348.9154277604
535,Illinois,Mason,13496.892765485645
929,Missouri,Clay,-44556.24121126919
421,Georgia,Turner,-951095.501247075
1442,Tennessee,Carter,-9748.21622483833
39,Alabama,Lee,-73811.53332305627
344,Georgia,Grady,412230.30331727973
651,Iowa,Pocahontas,-21509.083351905836
1075,Nebraska,Morrill,-26741.142698048818
215,Colorado,Washington,557293.5157257598
124,Arkansas,Marion,25851.286593970362
110,Arkansas,Howard,-4575.0563939317835
721,Louisiana,Washington,-47741.157450845974
1505,Tennessee,Robertson,-15851.266863293395
966,Missouri,Maries,5418.365504315145
257,Florida,Marion,-14472.210638916546
1627,Texas,Harrison,81613.60026588762
481,Idaho,Washington,217317.71462382528
1076,Nebraska,Nance,43884.14842221226
303,Georgia,Catoosa,108144.38615538688
1207,North Carolina,Stokes,-610717.363109159
1624,Texas,Hardeman,-2893.793358477549
357,Georgia,Jackson,-39007.14727208711
943,Missouri,Greene,-91758.43512574118
1770,Texas,Williamson,22250.845431289454
1461,Tennessee,Greene,890363.885352991
508,Illinois,Greene,-154974.9644734112
179,Colorado,Grand,-50044.75977609775
913,Missouri,Benton,64765.32432451093
127,Arkansas,Monroe,81559.66284641041
1663,Texas,Knox,521224.2971580222
877,Mississippi,Panola,-36209.60578236054
1549,Texas,Briscoe,-13639.2997723954
1051,Nebraska,Grant,-2042902.1581982542
1179,North Carolina,Madison,-11315.775892702419
198,Colorado,Morgan,-709644.3142013939
1259,Ohio,Hocking,-30932.43209733919
1272,Ohio,Mahoning,-651546.545320109
1381,Oklahoma,Tulsa,-2085.7066596503473
1656,Texas,Kenedy,-2124.728717122787
115,Arkansas,Johnson,-85185.0213317897
723,Louisiana,West Baton Rouge,836172.0099840253
190,Colorado,Las Animas,-40227.158112832636
92,Arkansas,Cleveland,-63072.13625163786
62,Alabama,Washington,47945.538245500546
988,Missouri,Polk,1661040.352568251
72,Arizona,Maricopa,-509115.6533196893
972,Missouri,Moniteau,-38018.88044890659
1775,Texas,Yoakum,-99957.47755013326
140,Arkansas,Randolph,-24281.693274974197
430,Georgia,Wayne,3013999.54868438
999,Missouri,Scott,-13200.147522846271
572,Illinois,Whiteside,6914594.141706146
1242,Ohio,Defiance,-68849.76415036203
410,Georgia,Taliaferro,-55485.239229587954
1423,South Carolina,Oconee,-28990.837308266287
323,Georgia,Decatur,63223.75540751689
1469,Tennessee,Haywood,-2544.0506265863714
7,Alabama,Calhoun,527369.609017521
258,Florida,Martin,25081.41793225688
928,Missouri,Clark,-14276.122958664433
678,Louisiana,Assumption,5433357.148505069
1762,Texas,Ward,-401417.51673959766
798,Michigan,Mecosta,-34181.20456548062
336,Georgia,Floyd,-190552.11123381695
1927,New Hampshire,Sullivan,-46279.376433756916
116,Arkansas,Lafayette,-9219.220410617476
740,Massachusetts,Hampden,1194202.845420298
312,Georgia,Clinch,-369398.0330645568
792,Michigan,Luce,-35090.58372615973
443,Idaho,Benewah,-353975.7608187151
1152,North Carolina,Davie,87437.04742172395
1686,Texas,McMullen,-53272.39024487973
625,Iowa,Jackson,-10019.239268644382
1408,South Carolina,Georgetown,195353.1940321002
1011,Missouri,Webster,245469.63570487805
1517,Tennessee,Unicoi,45366.059152850066
614,Iowa,Grundy,-25135.26372314457
457,Idaho,Custer,205304.93588248754
812,Michigan,Oscoda,84165.12395953014
845,Mississippi,Greene,65317.84248637565
852,Mississippi,Issaquena,-10351.45382054467
1867,Virginia,King George,-666047.9787324561
402,Georgia,Schley,-279307.4897851879
1237,Ohio,Columbiana,1541895.5925188272
1148,North Carolina,Craven,251475.71510902606
1527,Texas,Anderson,112102.8759972372
1811,Vermont,Essex,268459.6051802728
1852,Virginia,Giles,-43767.72506357508
529,Illinois,Logan,421019.6391606509
897,Mississippi,Walthall,106390.41263500068
188,Colorado,La Plata,-20077.837943727005
244,Florida,Hillsborough,-31944.739220583207
1291,Ohio,Putnam,150661.27081886405
954,Missouri,Jefferson,-73124.33354060046
444,Idaho,Bingham,-3766.7458963089657
1828,Virginia,Bland,213730.53495449008
787,Michigan,Lake,-197798.450521596
365,Georgia,Lanier,-53146.45961968433
1861,Virginia,Henrico,159934.67020876726
120,Arkansas,Little River,-17765.707954781472
284,Georgia,Baker,193525.73218095925
1472,Tennessee,Hickman,851149.0980205198
22,Alabama,Dale,-4305.1593111635475
2,Alabama,Barbour,-11237.994165028515
1151,North Carolina,Davidson,-55273.41704783323
558,Illinois,Sangamon,-43387.42548984829
1424,South Carolina,Orangeburg,628057.7654659702
416,Georgia,Tift,-4079.156052645293
242,Florida,Hernando,-309919.70245726826
1410,South Carolina,Greenwood,-184919.83349738747
1369,Oklahoma,Payne,-4768.845721139024
1032,Nebraska,Colfax,-10276.232754252194
576,Illinois,Woodford,133539.28780659518
698,Louisiana,Jackson,1308622.254456234
1200,North Carolina,Robeson,-7868.304344663122
1041,Nebraska,Douglas,-4799.714697754985
93,Arkansas,Columbia,281401.1308716426
1198,North Carolina,Randolph,-124242.15867887042
1139,North Carolina,Carteret,-19183.392184717097
610,Iowa,Floyd,-397880.39169495006
1101,Nebraska,Valley,-46627.26721202422
1559,Texas,Carson,-79480.2472562308
506,Illinois,Fulton,-13150.701019190492
838,Mississippi,Clay,246709.09465422988
1534,Texas,Austin,-3782.8890063007707
814,Michigan,Ottawa,-26101.49634012078
665,Iowa,Wapello,-26028.75097022522
511,Illinois,Hancock,-18158.601510697114
970,Missouri,Miller,-108527.44350577134
233,Florida,Flagler,-4407.483792537423
1786,Utah,Emery,814242.9986403324
51,Alabama,Perry,-19645.1712030615
1001,Missouri,Shelby,329096.35202670866
339,Georgia,Fulton,-34436.68397376262
1372,Oklahoma,Pottawatomie,-2817605.7873441475
959,Missouri,Lawrence,66297.94378850094
925,Missouri,Cedar,-86030.05657309256
1093,Nebraska,Seward,187233.19344759715
869,Mississippi,Marion,10048.242868909758
772,Michigan,Grand Traverse,-160932.33894068925
1765,Texas,Wharton,-647278.7656057742
1248,Ohio,Fulton,-56004.56751892928
1837,Virginia,Charlotte,352748.77237825876
885,Mississippi,Scott,-16162.847076919355
386,Georgia,Newton,-65550.94397691707
1771,Texas,Wilson,74484.92793721255
1184,North Carolina,Montgomery,268876.3209174874
621,Iowa,Howard,694963.5916960475
1142,North Carolina,Chatham,-10969.341810021153
352,Georgia,Hart,-49190.22373600771
373,Georgia,Macon,-52472.80367185671
442,Idaho,Bear Lake,-139967.52213595924
1709,Texas,Parmer,-49092.4932527552
30,Alabama,Greene,-55499.518033246786
789,Michigan,Leelanau,64743.37302620371
581,Iowa,Audubon,-471969.0097709837
680,Louisiana,Beauregard,-6804.432541390761
1115,Nevada,Lander,-85221.01496635692
1249,Ohio,Gallia,-19653.49072562411
1303,Ohio,Van Wert,-209952.86271212052
1274,Ohio,Medina,-77816.32008328247
1722,Texas,Robertson,-33281.0968079333
366,Georgia,Laurens,-13891.104588710266
1255,Ohio,Hardin,-21704.410559889995
909,Missouri,Audrain,-2338700.2071227124
1909,Virginia,Sussex,92024.4096213436
461,Idaho,Gem,-577007.692144557
1898,Virginia,Rockbridge,200898.36675418622
1515,Tennessee,Tipton,-57623.32789007688
360,Georgia,Jefferson,-16888.186339511718
1820,Virginia,Alleghany,-56153.36866958512
1597,Texas,El Paso,-10299.533605237546
1637,Texas,Hopkins,207146.7211582729
1161,North Carolina,Granville,375994.40202736156
441,Idaho,Bannock,-5713.584918704819
996,Missouri,Saline,-126547.2020888869
1886,Virginia,Orange,-57538.18219084871
1227,Ohio,Athens,-14769.39263578194
249,Florida,Lafayette,475140.48439432174
305,Georgia,Chatham,-16224.748066017859
1884,Virginia,Northumberland,-34055.163025033165
172,Colorado,Douglas,-24829.029201385332
1487,Tennessee,Marion,-30552.43638140896
1239,Ohio,Crawford,202827.8422927484
1911,Virginia,Virginia Beach,459601.1900943966
1437,Tennessee,Blount,88649.57109904636
1222,North Carolina,Yancey,-316966.72525034146
76,Arizona,Pinal,-70586.42222724437
1016,Nebraska,Arthur,-38463.91723307299
734,Maine,Waldo,-9499.786968288972
1714,Texas,Rains,168946.96967976657
932,Missouri,Cooper,-14444.040993058448
1203,North Carolina,Rutherford,71043.23022761931
1807,Utah,Weber,54212.81062896891
1133,North Carolina,Brunswick,-8963.010365704871
1738,Texas,Starr,182902.14960790682
1745,Texas,Taylor,-5326.9398003961305
833,Mississippi,Carroll,154487.6231873287
1718,Texas,Red River,-57344.09584623338
1189,North Carolina,Onslow,-150077.10800815
1644,Texas,Jack,-104247.222998543
1055,Nebraska,Harlan,-5805.475506456997
1300,Ohio,Trumbull,-18705.909846855084
427,Georgia,Ware,-287014.87269464147
1914,Virginia,Westmoreland,-7269.215020597221
1402,South Carolina,Darlington,77441.03850808475
1186,North Carolina,Nash,-17490.706328076405
784,Michigan,Kalkaska,121525.70638547467
1374,Oklahoma,Roger Mills,-18953.277388343507
1121,Nevada,Storey,146859.68505099695
1262,Ohio,Jackson,-27563.75853046465
1652,Texas,Jones,-15921.591733413232
633,Iowa,Linn,253534.19152398373
1012,Missouri,Worth,423741.38070101896
1150,North Carolina,Dare,-32558.89705438218
78,Arizona,Yavapai,-22021.513292605385
1748,Texas,Throckmorton,342550.5623216672
228,Florida,Collier,-57225.499568599866
1521,Tennessee,Washington,609148.6004018901
1629,Texas,Haskell,-30685.185594385664
510,Illinois,Hamilton,-19496.300848093844
1538,Texas,Baylor,-113528.54335456132
1276,Ohio,Mercer,154291.86082510522
467,Idaho,Lemhi,-30688.271312863966
1838,Virginia,Chesterfield,319729.2266317402
1854,Virginia,Goochland,-26536.07910842999
1047,Nebraska,Gage,-22502.021506500754
1800,Utah,Summit,68155.02408425296
685,Louisiana,Caldwell,-37011.75296873301
1147,North Carolina,Columbus,-18444.37713966943
1290,Ohio,Preble,-20904.452626286038
1743,Texas,Swisher,1109904.7892253906
874,Mississippi,Newton,-26676.759545378573
218,Florida,Alachua,86976.41335010459
346,Georgia,Gwinnett,-104934.87558945862
246,Florida,Indian River,41427.49126638094
1868,Virginia,King William,-134608.53149164503
1368,Oklahoma,Pawnee,-11881.660234406652
649,Iowa,Palo Alto,-11246.819665475254
1623,Texas,Hansford,329393.0919262102
888,Mississippi,Smith,-19954.472941535692
191,Colorado,Lincoln,-584949.4292501967
1774,Texas,Wood,-7803.769640831359
825,Michigan,Wexford,196648.83027193253
1455,Tennessee,Fayette,-42978.15249143653
1118,Nevada,Mineral,196536.96250604064
1208,North Carolina,Surry,-7241.13588039786
639,Iowa,Marion,166697.1393056835
407,Georgia,Stewart,-1537111.5221419255
858,Mississippi,Kemper,1688920.005283089
731,Maine,Lincoln,-20692.93188675058
18,Alabama,Coosa,-4663518.16160903
643,Iowa,Monona,-40069.19048542345
659,Iowa,Sioux,4928.235430663917
764,Michigan,Crawford,118042.97306796111
863,Mississippi,Leake,-11762.048544585274
414,Georgia,Terrell,18724.223969170213
1206,North Carolina,Stanly,-37819.35402723357
1040,Nebraska,Dodge,-39344.866226619335
194,Colorado,Mineral,-6725.087376179434
57,Alabama,Sumter,-384490.5096814407
513,Illinois,Henderson,-16198.983379817248
49,Alabama,Montgomery,479163.57159466407
862,Mississippi,Lawrence,-114076.95616098179
679,Louisiana,Avoyelles,-30480.457275943623
1831,Virginia,Buchanan,-12436.981262002793
1530,Texas,Aransas,-77499.79342022339
4,Alabama,Blount,-2981.221858932555
1803,Utah,Utah,-120138.70038496715
473,Idaho,Oneida,-8603.650901430341
482,Illinois,Adams,22871.189765884075
597,Iowa,Clay,-23453.36921996442
584,Iowa,Boone,354449.5803563503
1043,Nebraska,Fillmore,-71508.92419409622
395,Georgia,Pulaski,48131.63557901027
1088,Nebraska,Rock,-9842.059031093711
105,Arkansas,Garland,-1779989.0416797579
1416,South Carolina,Laurens,-26700.796141245457
1140,North Carolina,Caswell,-6544.5376765633055
1037,Nebraska,Dawson,-48965.961717712606
1817,Vermont,Windham,39561.79598951136
1628,Texas,Hartley,-77224.06289025673
520,Illinois,Johnson,1111456.3857847448
1174,North Carolina,Jones,-15855.838585192767
1580,Texas,Crosby,-795051.1680224207
1331,Oklahoma,Delaware,-13481.495008936645
1551,Texas,Brown,-104814.89056798365
121,Arkansas,Logan,-13098.01897460521
844,Mississippi,George,-527688.8185009832
1769,Texas,Willacy,-11302.928968068985
785,Michigan,Kent,23272.759799426334
1736,Texas,Smith,-24110.77480792048
522,Illinois,Kankakee,-359503.9648730841
491,Illinois,Champaign,-11150.2811141374
260,Florida,Monroe,-2705.214375503909
1301,Ohio,Tuscarawas,-187469.79600161867
1022,Nebraska,Brown,-8472.012585771521
1557,Texas,Cameron,1249798.7722150781
1589,Texas,Dickens,194704.18761867553
328,Georgia,Early,-4904.426060404547
126,Arkansas,Mississippi,-508571.7083591714
1484,Tennessee,Loudon,14971.389502063314
1137,North Carolina,Caldwell,-240244.24444210413
964,Missouri,Macon,-178092.40226388862
1241,Ohio,Darke,39282.33724048129
1570,Texas,Collingsworth,-16442.549785746836
1185,North Carolina,Moore,-5556.801093156615
381,Georgia,Monroe,-8240.747036573346
1634,Texas,Hill,-6195.973606555265
1648,Texas,Jefferson,-60273.08472438302
396,Georgia,Putnam,171109.57932912186
202,Colorado,Phillips,-5612.007326894165
393,Georgia,Pike,-21585.498490624665
1824,Virginia,Arlington,-17490.4417631402
472,Idaho,Nez Perce,295291.7198351879
1247,Ohio,Franklin,150676.62919331214
1031,Nebraska,Clay,189396.8377774249
646,Iowa,Muscatine,-29110.18723153284
1058,Nebraska,Holt,-38878.92330993631
97,Arkansas,Crittenden,26659.39450332978
1235,Ohio,Clermont,-123608.82166711612
1337,Oklahoma,Grant,-23920.302161263848
211,Colorado,San Miguel,868537.211072963
1048,Nebraska,Garden,-4378.975535870415
1091,Nebraska,Saunders,412206.036498259
145,Arkansas,Sevier,-75213.37144444973
1371,Oklahoma,Pontotoc,914735.1059651291
1078,Nebraska,Nuckolls,-22805.34819836125
176,Colorado,Fremont,79505.54543609492
1287,Ohio,Pickaway,-91016.06896404375
555,Illinois,Richland,-38912.731057286524
1384,Oklahoma,Washita,261596.1880836223
756,Michigan,Branch,-67684.93893399193
1483,Tennessee,Lincoln,-31271.578639069514
871,Mississippi,Monroe,3363473.4755079695
79,Arizona,Yuma,-28294.70384719741
1030,Nebraska,Cheyenne,203614.13521874312
868,Mississippi,Madison,-166256.2953305947
1676,Texas,Lubbock,413096.6168601917
189,Colorado,Larimer,-966328.5168866491
1708,Texas,Parker,1106600.3912633257
1123,Nevada,White Pine,27281.302988566604
1641,Texas,Hunt,40912.18718145252
385,Georgia,Muscogee,-13640.133677595035
1744,Texas,Tarrant,-537970.5802246564
322,Georgia,Dawson,171082.99543654628
1561,Texas,Castro,-76047.64121312898
654,Iowa,Poweshiek,-84400.81258342648
799,Michigan,Menominee,382635.7849797929
369,Georgia,Lincoln,1159066.6845094515
1614,Texas,Gonzales,46529.69728926773
1919,New Hampshire,Carroll,-325551.69046932895
927,Missouri,Christian,707079.7711769326
1302,Ohio,Union,527310.5049810507
474,Idaho,Owyhee,219359.07014059118
143,Arkansas,Searcy,-58638.68816299089
527,Illinois,Lee,277135.3054998855
870,Mississippi,Marshall,-30250.82590878618
294,Georgia,Brooks,314314.7674802281
1893,Virginia,Prince William,-5640.361661150716
1816,Vermont,Washington,-2083653.126155898
1391,South Carolina,Bamberg,7530.658350773709
199,Colorado,Otero,-36395.43702550432
1289,Ohio,Portage,2367195.387947823
623,Iowa,Ida,745694.0452148318
1696,Texas,Morris,602076.9386735699
949,Missouri,Howard,-51514.77324079939
291,Georgia,Bibb,967619.0633893786
391,Georgia,Pickens,153065.2950475385
1875,Virginia,Mathews,-9903.237406054564
912,Missouri,Bates,290532.36075517087
1808,Vermont,Addison,11254519.110452287
615,Iowa,Guthrie,-1448588.0737919016
883,Mississippi,Quitman,924860.1036921262
1490,Tennessee,McMinn,-14523.715467115937
214,Colorado,Teller,-24307.933833040206
1840,Virginia,Craig,-23663.42519771847
668,Iowa,Wayne,224521.47328613454
1810,Vermont,Chittenden,481071.9920994606
1806,Utah,Wayne,-60005.26106994726
307,Georgia,Chattooga,-17984.130416103177
537,Illinois,McDonough,-1257542.8468711367
708,Louisiana,Ouachita,306569.98319824785
984,Missouri,Pettis,424186.97701613256
848,Mississippi,Harrison,817125.0378428537
47,Alabama,Mobile,149307.5002943792
1341,Oklahoma,Haskell,214351.11883353873
139,Arkansas,Pulaski,237196.36149784148
74,Arizona,Navajo,-11685.574700976042
355,Georgia,Houston,14658.489496224858
795,Michigan,Manistee,-13094.604313796252
1220,North Carolina,Wilson,-3813.962720290234
1454,Tennessee,Dyer,-10469.496426268704
1135,North Carolina,Burke,-699289.7654565276
1268,Ohio,Logan,-63274.89876768404
1267,Ohio,Licking,-102122.902165089
941,Missouri,Gasconade,-458434.84611738386
299,Georgia,Calhoun,-3097.0270941165027
1723,Texas,Rockwall,-15978.957435030345
1834,Virginia,Caroline,-15839.795702670073
400,Georgia,Richmond,276074.3431140076
645,Iowa,Montgomery,-17447.34943499309
387,Georgia,Oconee,342847.08236926794
872,Mississippi,Montgomery,25367.266231274516
1146,North Carolina,Cleveland,-7681.014675260386
728,Maine,Franklin,191177.76722285722
917,Missouri,Butler,-4679.1262179261375
168,Colorado,Custer,-45948.4202941009
783,Michigan,Kalamazoo,-62224.7076581001
608,Iowa,Emmet,203627.12490768454
1585,Texas,Deaf Smith,-182733.9949157308
893,Mississippi,Tippah,-37212.07124600534
1445,Tennessee,Claiborne,-47912.675642688235
1573,Texas,Comanche,-5725.09075991803
1791,Utah,Kane,-217963.29042711074
459,Idaho,Franklin,-17675.731776290788
979,Missouri,Oregon,-17799.073471782176
815,Michigan,Presque Isle,60032.84032024513
147,Arkansas,Stone,-16237.316611207518
345,Georgia,Greene,1340479.9246719126
156,Colorado,Arapahoe,-22121.24678018794
1446,Tennessee,Clay,261917.91722915688
237,Florida,Glades,117338.49152976401
456,Idaho,Clearwater,-20408.5037089058
1386,Oklahoma,Woodward,-56049.70025733684
1165,North Carolina,Harnett,405313.34053811996
295,Georgia,Bryan,-10038.343252249815
1655,Texas,Kendall,310275.29604590836
1064,Nebraska,Keith,311629.62784825393
519,Illinois,Jersey,1349886.8735889476
1888,Virginia,Patrick,-22046.07634950801
601,Iowa,Dallas,-10003.897680498307
1065,Nebraska,Keya Paha,352021.37516847777
1703,Texas,Ochiltree,246907.37300544995
1094,Nebraska,Sheridan,-2012.9086312680704
982,Missouri,Pemiscot,-39580.94538143742
201,Colorado,Park,253784.5270966664
603,Iowa,Decatur,-67285.40208520208
771,Michigan,Gogebic,-190027.61437118927
850,Mississippi,Holmes,444074.48759722925
1502,Tennessee,Putnam,-26100.579739038614
1007,Missouri,Vernon,-48199.08358901623
613,Iowa,Greene,3219760.111141921
735,Maine,Washington,-570730.2464366059
1569,Texas,Collin,-40146.42543669039
1089,Nebraska,Saline,-30375.839867373103
75,Arizona,Pima,44042.817147231566
38,Alabama,Lawrence,213648.79547156757
944,Missouri,Grundy,-24342.311378667528
901,Mississippi,Webster,589436.4846443717
1751,Texas,Travis,59402.647695678825
908,Missouri,Atchison,39489.819791936636
428,Georgia,Warren,-32100.219513146025
1201,North Carolina,Rockingham,1371098.6334127553
230,Florida,Dixie,-36616.660152633085
364,Georgia,Lamar,-26344.289372818344
11,Alabama,Choctaw,-49636.34903801588
1027,Nebraska,Cedar,378013.74050739413
811,Michigan,Osceola,-19584.648015421702
710,Louisiana,Pointe Coupee,230082.12117880821
936,Missouri,Daviess,-7025.447808021669
274,Florida,Suwannee,-54378.70177718629
1665,Texas,Lamb,198529.18520205558
327,Georgia,Douglas,-19973.853263635177
1710,Texas,Pecos,1191781.2632328346
1180,North Carolina,Martin,5092.756512436448
602,Iowa,Davis,814954.7514823382
1228,Ohio,Auglaize,-124532.67778311297
1052,Nebraska,Greeley,193131.36774188775
1083,Nebraska,Pierce,-27987.06313059471
1784,Utah,Davis,231137.21959388553
776,Michigan,Huron,-112756.81355566182
65,Arizona,Apache,-56821.27718469163
19,Alabama,Covington,-43893.08939431299
1390,South Carolina,Anderson,-363551.9952411223
1111,Nevada,Elko,291499.8401389
221,Florida,Bradford,-14753.870239859
1286,Ohio,Perry,426515.8675012634
187,Colorado,Lake,182072.39959891804
1317,Oklahoma,Bryan,-5838.365050089479
151,Arkansas,White,-84254.33927864193
1034,Nebraska,Custer,1400609.0428226264
494,Illinois,Clay,-50636.16784037859
420,Georgia,Troup,240194.4813605545
1606,Texas,Franklin,-23901.38440977039
1729,Texas,San Patricio,441913.1815613321
401,Georgia,Rockdale,773800.2135678687
718,Louisiana,Union,-43903.91980594752
697,Louisiana,Iberville,-26718.560471105735
540,Illinois,Menard,-19420.759998745136
1359,Oklahoma,Murray,-35359.22159159486
1385,Oklahoma,Woods,-11651.071123380014
173,Colorado,Eagle,287730.07497213525
619,Iowa,Harrison,2887286.2008637087
170,Colorado,Denver,-46130.540178715826
521,Illinois,Kane,310090.4107427222
1560,Texas,Cass,241093.07321554836
804,Michigan,Montmorency,239720.582289888
1678,Texas,Madison,-52330.673970757416
253,Florida,Levy,-46891.0821261666
437,Georgia,Wilkinson,-11925.006383898917
1145,North Carolina,Clay,-73128.59627782898
1067,Nebraska,Knox,449025.4371323556
1060,Nebraska,Howard,843876.4367210222
671,Iowa,Winneshiek,94114.22318118613
1318,Oklahoma,Caddo,-23315.91223595364
1713,Texas,Presidio,-79727.51053603661
252,Florida,Leon,581377.1968066411
1600,Texas,Fannin,-11916.476559865368
797,Michigan,Mason,-5109.3467851481055
263,Florida,Orange,54895.21839973524
111,Arkansas,Independence,773985.2445107017
1308,Ohio,Williams,18491.16927831016
965,Missouri,Madison,21625.953136060794
761,Michigan,Chippewa,1634035.153959345
1566,Texas,Cochran,-38851.19750584557
543,Illinois,Montgomery,-2328339.890248538
767,Michigan,Eaton,-347.3541371575848
958,Missouri,Lafayette,-150693.20417887086
224,Florida,Calhoun,23538.611031097884
1081,Nebraska,Perkins,-50039.068438764254
801,Michigan,Missaukee,766695.4083409188
1876,Virginia,Mecklenburg,33893.08001304162
265,Florida,Palm Beach,2634667.544286833
774,Michigan,Hillsdale,164356.36657585506
1279,Ohio,Montgomery,-22140.80135018649
81,Arkansas,Ashley,-23089.20955800135
994,Missouri,Reynolds,-51662.406858338145
484,Illinois,Bond,-14836.226930117824
1175,North Carolina,Lee,-121209.63763088442
61,Alabama,Walker,-5344.773792946863
1298,Ohio,Stark,49208.15461579297
320,Georgia,Crisp,680269.5365409617
757,Michigan,Calhoun,1083602.2710450406
727,Maine,Cumberland,-22870.46402131024
920,Missouri,Camden,-8251004.772140751
37,Alabama,Lauderdale,-18351.446699921104
181,Colorado,Hinsdale,33930.47085297318
905,Mississippi,Yazoo,152534.19715400308
1435,Tennessee,Benton,-18418.08689385931
426,Georgia,Walton,25198.976333378818
689,Louisiana,Concordia,-86789.99358598753
1903,Virginia,Smyth,-57378.10118011717
1859,Virginia,Hampton,134288.31792554757
1346,Oklahoma,Kay,1010192.3979046785
922,Missouri,Carroll,129194.4914000028
256,Florida,Manatee,-28004.400530204395
1592,Texas,Duval,-64985.34171384897
1625,Texas,Hardin,276936.64480752486
1750,Texas,Tom Green,-18173.0032526803
390,Georgia,Peach,-161403.34660674172
451,Idaho,Camas,-32090.62190141208
1183,North Carolina,Mitchell,466603.8321944
53,Alabama,Pike,691107.7664271512
1325,Oklahoma,Coal,-18454.906840595806
334,Georgia,Fannin,738248.3346337831
290,Georgia,Berrien,173049.51535041136
1383,Oklahoma,Washington,1947833.6555726207
1489,Tennessee,Maury,40702.52000882111
884,Mississippi,Rankin,-41754.62653074781
454,Idaho,Cassia,187610.87968567922
142,Arkansas,Scott,-694148.7167249136
1777,Texas,Zapata,-20028.873664073406
836,Mississippi,Claiborne,460316.8151043264
1100,Nebraska,Thurston,-46671.834624306095
1650,Texas,Jim Wells,-22856.788027365557
1701,Texas,Nolan,-19021.079622086494
1323,Oklahoma,Cimarron,271999.8237604515
1657,Texas,Kent,299230.0084487593
1045,Nebraska,Frontier,86740.64392043941
1790,Utah,Juab,-25329.89796447453
21,Alabama,Cullman,84553.99439268804
41,Alabama,Lowndes,-769285.255715771
1257,Ohio,Henry,-38130.10284344526
220,Florida,Bay,164061.77358954318
297,Georgia,Burke,-23576.051714941663
758,Michigan,Cass,-82587.69289494521
397,Georgia,Quitman,66309.42892132683
530,Illinois,Macon,440885.6998342902
553,Illinois,Putnam,-30171.560013371025
939,Missouri,Dunklin,556988.6083925047
160,Colorado,Boulder,358482.97803490196
153,Arkansas,Yell,26547.73059212888
1342,Oklahoma,Hughes,1267420.3442474997
309,Georgia,Clarke,-48096.57132210309
1856,Virginia,Greene,-6993.29744941492
1077,Nebraska,Nemaha,-22827.032377569874
340,Georgia,Gilmer,313654.6395478498
629,Iowa,Jones,22206.950422474667
831,Mississippi,Bolivar,636697.020919627
919,Missouri,Callaway,38708.8120821238
1339,Oklahoma,Harmon,-15961.979550913838
1798,Utah,Sanpete,-499075.2581141417
1805,Utah,Washington,-56382.572524643576
1213,North Carolina,Vance,-35083.84101149111
1605,Texas,Fort Bend,-56275.423068751945
1801,Utah,Tooele,-142603.37322986146
1284,Ohio,Ottawa,-18965.378451063567
1630,Texas,Hays,-3486.8059191715215
1265,Ohio,Lake,-10960.273532463656
235,Florida,Gadsden,-20446.23726076244
1221,North Carolina,Yadkin,-30228.934976401924
1540,Texas,Bell,-133014.3396633382
405,Georgia,Spalding,-110064.71277066728
325,Georgia,Dooly,-6694.196510251993
406,Georgia,Stephens,-18860.88697660014
1524,Tennessee,White,-27885.853716463305
490,Illinois,Cass,1842430.3823827845
1357,Oklahoma,McCurtain,-87461.79179372113
609,Iowa,Fayette,30775.811914642545
931,Missouri,Cole,198300.7374400881
286,Georgia,Banks,-246928.3807826629
1310,Ohio,Wyandot,-69004.67727656457
1825,Virginia,Augusta,47292.023918889754
418,Georgia,Towns,-20164.628941433122
673,Iowa,Worth,312281.2215433024
50,Alabama,Morgan,53612.275523473654
287,Georgia,Barrow,-16925.664147211104
1733,Texas,Shackelford,-249993.19842316187
1616,Texas,Grayson,146139.25991567777
1664,Texas,Lamar,-219828.97251120873
1261,Ohio,Huron,-5636.287224205385
1414,South Carolina,Kershaw,-160333.89235560107
1526,Tennessee,Wilson,-19807.655278322523
1795,Utah,Rich,110802.90251196954
128,Arkansas,Montgomery,18463.469453357655
636,Iowa,Lyon,2004272.6001892774
1329,Oklahoma,Creek,-101286.50902289222
1457,Tennessee,Franklin,-19448.770620497045
533,Illinois,Marion,-5543.243421015255
657,Iowa,Scott,-49576.169026139614
449,Idaho,Boundary,-14056.053044641407
1495,Tennessee,Moore,29606.533735241734
1608,Texas,Frio,-10954.11508543637
1841,Virginia,Culpeper,39748.34836984513
1908,Virginia,Surry,-5720.640581757145
1753,Texas,Tyler,137524.45009421697
1847,Virginia,Fauquier,-15866.890396329078
700,Louisiana,Lafayette,-58762.55120111868
699,Louisiana,Jefferson,148365.41908887326
203,Colorado,Pitkin,-5669.818917922326
505,Illinois,Franklin,522651.71960520034
1085,Nebraska,Polk,-46125.3987591661
58,Alabama,Talladega,371463.56909310614
1477,Tennessee,Johnson,-199367.1019772366
103,Arkansas,Franklin,-171128.0643805691
1793,Utah,Morgan,-9560.59081213083
730,Maine,Knox,-27322.77755244897
1314,Oklahoma,Beaver,-8672.530913916336
1020,Nebraska,Box Butte,382110.33529830084
591,Iowa,Cass,474595.5607982712
1583,Texas,Dallas,37675.678910339484
605,Iowa,Des Moines,-15062.99801763175
475,Idaho,Payette,650794.2007922499
1017,Nebraska,Banner,-39204.65034198993
1617,Texas,Gregg,-1174935.7259852877
219,Florida,Baker,5677828.702657696
1440,Tennessee,Cannon,-7627.910995165774
1354,Oklahoma,Marshall,912433.3947656117
225,Florida,Charlotte,-10421.886543501578
995,Missouri,Ripley,12607.158348260302
86,Arkansas,Calhoun,-22033.176190259623
1699,Texas,Navarro,-1163259.4981990743
1913,Virginia,Washington,-436850.52240148326
547,Illinois,Peoria,-21518.73575928231
88,Arkansas,Chicot,-786957.954284676
1124,North Carolina,Alamance,557351.8806180919
828,Mississippi,Amite,-53438.621783704526
1066,Nebraska,Kimball,33641.10901452047
333,Georgia,Evans,-868524.5767708016
907,Missouri,Andrew,170963.17379596442
227,Florida,Clay,-10902.209476304615
1178,North Carolina,Macon,952891.6168084013
150,Arkansas,Washington,-17186.07867225913
123,Arkansas,Madison,-23084.484848847023
664,Iowa,Van Buren,-18711.101232007157
835,Mississippi,Choctaw,-88178.13454579504
1922,New Hampshire,Grafton,-78902.19986611487
262,Florida,Okeechobee,-49917.16810566041
1447,Tennessee,Cocke,63093.32101736369
1439,Tennessee,Campbell,80719.22695170282
525,Illinois,Lake,-1055060.3208147679
275,Florida,Taylor,-20347.90468557954
1425,South Carolina,Pickens,-16536.531711747397
978,Missouri,Nodaway,-42531.721251755196
781,Michigan,Isabella,-68939.80816115122
1192,North Carolina,Pasquotank,155346.72357711702
1086,Nebraska,Red Willow,269523.5044290557
823,Michigan,Washtenaw,-406394.31365638296
1532,Texas,Armstrong,-26300.734953600833
46,Alabama,Marshall,-175290.67253417225
977,Missouri,Newton,-38937.14975896248
1109,Nevada,Clark,-64815.235220354225
167,Colorado,Crowley,643220.4971130665
950,Missouri,Howell,-36967.8508276576
1448,Tennessee,Coffee,63302.30401290012
1029,Nebraska,Cherry,292895.01483711926
813,Michigan,Otsego,-37726.469002072576
1059,Nebraska,Hooker,-158222.6768729083
1404,South Carolina,Dorchester,482722.6326511326
1332,Oklahoma,Dewey,-18183.62733578166
108,Arkansas,Hempstead,301490.30618128605
1026,Nebraska,Cass,-68015.54695806907
606,Iowa,Dickinson,874357.7126267734
1170,North Carolina,Hyde,-8027.953593560985
690,Louisiana,East Baton Rouge,-34612.47647651451
1587,Texas,Denton,52238.396989697736
1835,Virginia,Carroll,-110737.83518558866
745,Michigan,Alcona,-419502.27358443075
40,Alabama,Limestone,-6985.26944392015
684,Louisiana,Calcasieu,-25977.468239383285
384,Georgia,Murray,-57423.283984459296
1273,Ohio,Marion,1897203.414515092
916,Missouri,Buchanan,644952.741444194
1438,Tennessee,Bradley,-287787.32677634247
69,Arizona,Graham,443784.25000393495
1631,Texas,Hemphill,12539.664620081494
647,Iowa,Osceola,213644.36198906024
1025,Nebraska,Butler,-16547.986039503223
962,Missouri,Linn,1638220.5391594237
989,Missouri,Pulaski,-14613.930093130057
1869,Virginia,Lancaster,-39253.41487211951
1642,Texas,Hutchinson,-23615.48618544475
1586,Texas,Delta,-75634.28884916185
1330,Oklahoma,Custer,-423429.24299353914
1590,Texas,Dimmit,-40296.2918918801
178,Colorado,Gilpin,120960.41996119503
1921,New Hampshire,Coos,69321.3719988094
545,Illinois,Moultrie,-159132.57857727056
6,Alabama,Butler,-359.50297239614883
1069,Nebraska,Lincoln,-11088.468001426867
569,Illinois,Washington,-24650.206603253086
1218,North Carolina,Wayne,-63921.51393814923
1689,Texas,Midland,420362.8983648686
1464,Tennessee,Hamilton,-13819.690968198354
1095,Nebraska,Sherman,-83067.03354439202
1547,Texas,Brazos,-38741.9080863111
992,Missouri,Randolph,487410.0711575729
1588,Texas,De Witt,198164.10302341904
695,Louisiana,Grant,892047.5510248436
624,Iowa,Iowa,24124.95154702817
1802,Utah,Uintah,-25893.95409309661
1757,Texas,Val Verde,-50604.43572016734
282,Georgia,Atkinson,471946.7986965835
945,Missouri,Harrison,-9036.825581831257
259,Florida,Miami-Dade,-4021.6100748800136
268,Florida,Polk,-184767.249289008
1593,Texas,Eastland,-423848.77994808624
29,Alabama,Geneva,-42428.26999940415
1015,Nebraska,Antelope,2019710.1367321806
796,Michigan,Marquette,-2387.2609803709242
1278,Ohio,Monroe,73837.05936134871
271,Florida,Sarasota,423521.57213237294
759,Michigan,Charlevoix,2625625.6347202
688,Louisiana,Claiborne,-21053.639899334717
906,Missouri,Adair,-97232.40765995123
791,Michigan,Livingston,-9215.133155474787
154,Colorado,Adams,47575.30349219643
84,Arkansas,Boone,-45446.844641492906
600,Iowa,Crawford,-18952.81091798458
573,Illinois,Will,-113876.59320718197
1044,Nebraska,Franklin,-24820.41197693093
849,Mississippi,Hinds,815432.4860713036
1582,Texas,Dallam,25735.092786505265
660,Iowa,Story,-4539.1371850431315
1677,Texas,Lynn,-61085.10967684947
1539,Texas,Bee,-9158.32569876386
1814,Vermont,Orange,41922.211382600944
1209,North Carolina,Swain,-273395.1271296637
666,Iowa,Warren,1537.8026605693085
206,Colorado,Rio Blanco,-770312.6437985523
923,Missouri,Carter,-181919.76544044973
1063,Nebraska,Kearney,155787.9090578177
1176,North Carolina,Lenoir,-21441.161425473423
1618,Texas,Grimes,-7861.576482298637
63,Alabama,Wilcox,-37197.91018708867
963,Missouri,Livingston,-11601.524319123339
146,Arkansas,Sharp,-30190.50522844041
231,Florida,Duval,29521.14701456076
1885,Virginia,Nottoway,-27469.847712656687
1422,South Carolina,Newberry,418223.63120075833
1890,Virginia,Powhatan,-9099.050074913299
149,Arkansas,Van Buren,31061.686216201226
64,Alabama,Winston,-69771.02412481346
1238,Ohio,Coshocton,-68401.85146820194
1687,Texas,Medina,-8393.940034711457
1780,Utah,Box Elder,142903.73890146374
485,Illinois,Boone,247822.86861493526
501,Illinois,Edwards,-31737.457884054922
1417,South Carolina,Lee,-14298.566017429017
155,Colorado,Alamosa,-1393877.5864417132
1857,Virginia,Greensville,-50269.05398941631
371,Georgia,Lowndes,355247.94661914464
1766,Texas,Wheeler,-16023.380471101682
432,Georgia,Wheeler,43718.682468806284
532,Illinois,Madison,502937.2579822459
746,Michigan,Alger,3150.897464227106
476,Idaho,Power,-7778.262957932105
517,Illinois,Jasper,-27796.37789591984
23,Alabama,Dallas,13763.836189668495
1920,New Hampshire,Cheshire,225564.96933143953
1503,Tennessee,Rhea,93092.81367592706
983,Missouri,Perry,-71325.93628183757
1646,Texas,Jasper,-31008.557251816805
1097,Nebraska,Stanton,20241.323258224496
1781,Utah,Cache,-28003.028567429174
564,Illinois,Tazewell,-27545.39462748398
725,Louisiana,West Feliciana,-10673.351547260669
1673,Texas,Live Oak,-426165.25637674704
656,Iowa,Sac,-49049.74957614274
1230,Ohio,Brown,179505.49535919284
765,Michigan,Delta,-19572.239369155748
1732,Texas,Scurry,-7950.118212688426
1621,Texas,Hall,448342.4243765046
1672,Texas,Lipscomb,908622.5236876723
720,Louisiana,Vernon,-254635.95333477115
1848,Virginia,Floyd,94207.86079920814
574,Illinois,Williamson,-40946.161579811975
889,Mississippi,Stone,-4837.502923396037
1564,Texas,Childress,213193.38535460655
1640,Texas,Hudspeth,-33310.06512686114
753,Michigan,Bay,3490597.040133374
184,Colorado,Jefferson,111129.01327481668
175,Colorado,El Paso,2487283.2313041026
722,Louisiana,Webster,-2399152.7109400146
565,Illinois,Union,1593233.1764557117
1361,Oklahoma,Noble,-26360.150811367777
349,Georgia,Hancock,-10976.588919544183
768,Michigan,Emmet,26636.036149913096
523,Illinois,Kendall,608896.190163016
1635,Texas,Hockley,27828.721889381995
544,Illinois,Morgan,-43503.6428492582
556,Illinois,Rock Island,-8637.87615768786
1700,Texas,Newton,43522.34184255755
878,Mississippi,Pearl River,-63028.52148973686
106,Arkansas,Grant,-9379.41291271451
706,Louisiana,Natchitoches,-19696.319622009523
1420,South Carolina,Marlboro,-12864.366560824055
676,Louisiana,Allen,-32528.63131612895
1833,Virginia,Campbell,-53987.78535668689
1377,Oklahoma,Sequoyah,-42968.80453320769
1728,Texas,San Jacinto,-1136395.3668747335
1496,Tennessee,Morgan,-1198255.8564430114
1499,Tennessee,Perry,-141925.17361366795
1488,Tennessee,Marshall,63744.71090257433
1558,Texas,Camp,1198581.6278289766
1901,Virginia,Scott,42102.35826797325
234,Florida,Franklin,-30807.336379727058
595,Iowa,Chickasaw,-121927.09820068162
1873,Virginia,Lunenburg,-416240.6657309513
686,Louisiana,Cameron,334484.30327190855
1647,Texas,Jeff Davis,-271707.7026658659
991,Missouri,Ralls,-80601.03915018293
1674,Texas,Llano,145427.73590024008
1481,Tennessee,Lawrence,632916.7033442614
14,Alabama,Cleburne,-30296.366665569018
805,Michigan,Muskegon,-2474.606241224741
1584,Texas,Dawson,-121674.69988698818
1225,Ohio,Ashland,-9385.597936672188
1720,Texas,Refugio,-52431.181574784954
582,Iowa,Benton,-23907.738447893524
301,Georgia,Candler,268832.4716053196
477,Idaho,Shoshone,-10434.063255736432
528,Illinois,Livingston,1855617.0660224399
638,Iowa,Mahaska,137822.46545030194
502,Illinois,Effingham,-24321.279656966435
1604,Texas,Foard,-13071.246656688752
1912,Virginia,Warren,200384.9233602087
1269,Ohio,Lorain,241225.60676561733
618,Iowa,Hardin,111865.2123182884
1870,Virginia,Lee,-76687.57293504008
677,Louisiana,Ascension,-14614.664226855566
1773,Texas,Wise,214000.80291416153
816,Michigan,Roscommon,-7052.268206044842
1285,Ohio,Paulding,-100561.89237189088
1706,Texas,Palo Pinto,33055.9497843705
425,Georgia,Walker,-6471.208431622467
562,Illinois,Stark,496336.58180178364
122,Arkansas,Lonoke,246493.2799109033
1070,Nebraska,Logan,-15231.233443847083
1449,Tennessee,Crockett,-126849.31050348218
195,Colorado,Moffat,443401.31275646365
500,Illinois,Edgar,21437.645676618034
1334,Oklahoma,Garfield,-33640.1853744727
1260,Ohio,Holmes,-26954.515547817216
1321,Oklahoma,Cherokee,-12280.190005361495
362,Georgia,Johnson,265508.61330417433
1562,Texas,Chambers,-12159.872201712653
1426,South Carolina,Richland,-50319.45495598817
1839,Virginia,Clarke,-29977.02212382662
28,Alabama,Franklin,145720.7194148535
1693,Texas,Montague,-99949.09684420394
171,Colorado,Dolores,-16186.293577963954
946,Missouri,Henry,-39594.522257621284
894,Mississippi,Tishomingo,742499.0056196837
803,Michigan,Montcalm,-34210.930934021075
587,Iowa,Buena Vista,-1078900.2686066674
1511,Tennessee,Smith,-64902.083721624775
1188,North Carolina,Northampton,-5794.381252743613
1661,Texas,Kinney,-151126.4697245533
1084,Nebraska,Platte,1117715.305379861
1698,Texas,Nacogdoches,-10376.209971636186
717,Louisiana,Terrebonne,-43052.62776803317
288,Georgia,Bartow,-20161.46432509361
1071,Nebraska,Loup,58237.75061916221
1778,Texas,Zavala,-55231.62841977278
16,Alabama,Colbert,-97558.10278525174
1882,Virginia,Norfolk,-204172.52530260172
1128,North Carolina,Ashe,713958.9461075749
1320,Oklahoma,Carter,139377.6693697786
0,Alabama,Autauga,-84319.36760890248
1542,Texas,Blanco,365090.75972958776
552,Illinois,Pulaski,-61639.15523973928
1193,North Carolina,Pender,-3560.5440182246134
990,Missouri,Putnam,-424454.07360764896
1460,Tennessee,Grainger,-1782845.6446608198
1436,Tennessee,Bledsoe,92376.33854956154
588,Iowa,Butler,214254.62977681676
159,Colorado,Bent,-17262.880007914646
1452,Tennessee,Decatur,144065.25774299484
1326,Oklahoma,Comanche,-16560.206202437024
750,Michigan,Arenac,22109.931817711855
526,Illinois,Lawrence,-3292.8849420678553
1033,Nebraska,Cuming,-285876.80196338985
1492,Tennessee,Meigs,422669.445349746
134,Arkansas,Pike,13499.600003807456
1826,Virginia,Bath,64310.6571297815
1355,Oklahoma,Mayes,-27190.85244939149
1366,Oklahoma,Osage,-1256110.9024581378
834,Mississippi,Chickasaw,168396.18973730944
1468,Tennessee,Hawkins,-38095.111770652875
104,Arkansas,Fulton,72562.38034212693
1243,Ohio,Delaware,46141.19055716805
652,Iowa,Polk,-92075.39588284356
1740,Texas,Sterling,-35642.04075401881
1023,Nebraska,Buffalo,6444488.426474813
1191,North Carolina,Pamlico,18013.132646508107
822,Michigan,Van Buren,141879.50164408045
751,Michigan,Baraga,-4206043.149747061
470,Idaho,Madison,178314.3611043028
1199,North Carolina,Richmond,1189423.1813280303
794,Michigan,Macomb,54663.780297080244
1338,Oklahoma,Greer,-22746.27213554321
87,Arkansas,Carroll,-4894.024524216136
132,Arkansas,Perry,-22836.294982344683
876,Mississippi,Oktibbeha,-9221.195633189298
1215,North Carolina,Warren,-56196.93244961373
1263,Ohio,Jefferson,-56893.855115963495
292,Georgia,Bleckley,148402.02108359194
1636,Texas,Hood,48974.8682310892
348,Georgia,Hall,-23807.76085007041
1475,Tennessee,Jackson,-88219.09138655837
101,Arkansas,Drew,-3464.3046960428564
1171,North Carolina,Iredell,-61260.619145580284
1528,Texas,Andrews,2216.988109011596
755,Michigan,Berrien,-10279.248833375861
269,Florida,Putnam,-47011.56045396775
1519,Tennessee,Van Buren,121611.81796622799
1010,Missouri,Wayne,-36878.18016970411
1373,Oklahoma,Pushmataha,571920.6773421317
1688,Texas,Menard,-4305.972723989373
314,Georgia,Coffee,16501.327811165975
1219,North Carolina,Wilkes,-629573.6239769184
91,Arkansas,Cleburne,-7660.992028002436
1858,Virginia,Halifax,5145093.008728747
1099,Nebraska,Thomas,-372918.1517532572
622,Iowa,Humboldt,-155513.20250779315
412,Georgia,Taylor,-962910.6940694673
180,Colorado,Gunnison,1141847.7775054353
1925,New Hampshire,Rockingham,1181270.4035643288
300,Georgia,Camden,34564.14714202269
1294,Ohio,Sandusky,-5776.7803211382125
1726,Texas,Sabine,-167758.6164336505
747,Michigan,Allegan,-16134.930404700692
15,Alabama,Coffee,-23794.58098727525
1419,South Carolina,Marion,580473.7517809556
358,Georgia,Jasper,-29235.261771864003
634,Iowa,Louisa,132071.93730432566
1874,Virginia,Madison,-16933.308671017483
682,Louisiana,Bossier,-10722.71328066861
1344,Oklahoma,Jefferson,19080.337111242625
895,Mississippi,Tunica,-11137.901680098212
1082,Nebraska,Phelps,-70500.08875117301
1679,Texas,Marion,105201.34344103589
1669,Texas,Leon,-39244.591405493906
280,Florida,Washington,304719.4022718194
973,Missouri,Monroe,-15191340.696465101
192,Colorado,Logan,-747211.1777085426
82,Arkansas,Baxter,138767.83451402572
306,Georgia,Chattahoochee,-8105.454149540434
1370,Oklahoma,Pittsburg,17149.34867742803
1871,Virginia,Loudoun,227963.02166258678
1376,Oklahoma,Seminole,1848561.3174669032
1653,Texas,Karnes,175431.60098027624
952,Missouri,Jackson,75474.03743165216
1430,South Carolina,Union,-1529940.1590913376
566,Illinois,Vermilion,-1347557.9109937844
70,Arizona,Greenlee,-23025.198418320357
590,Iowa,Carroll,-45848.49081123024
446,Idaho,Boise,57164.67185915995
1760,Texas,Walker,-190035.86235490072
1523,Tennessee,Weakley,-3342.0431347763106
1125,North Carolina,Alexander,-36765.02300056294
542,Illinois,Monroe,-130796.61656752494
637,Iowa,Madison,88162.18684745455
1256,Ohio,Harrison,232539.73131154838
1156,North Carolina,Forsyth,-31774.809382018044
1315,Oklahoma,Beckham,-15120.597621747758
864,Mississippi,Lee,-34739.14826829959
1513,Tennessee,Sullivan,158728.08754484463
1471,Tennessee,Henry,-1845613.1961691426
1907,Virginia,Suffolk,226998.47592912603
429,Georgia,Washington,-17739.130612916233
1103,Nebraska,Wayne,67705.81539221646
162,Colorado,Chaffee,4037.531600181821
85,Arkansas,Bradley,-45132.726496864605
25,Alabama,Escambia,-74588.9976246247
1498,Tennessee,Overton,-45416.28806914394
655,Iowa,Ringgold,-144257.00496015212
1734,Texas,Shelby,1248373.7246188065
1682,Texas,Matagorda,-87076.78872164413
1531,Texas,Archer,-6960.7686683455795
1897,Virginia,Roanoke,211493.61356963252
748,Michigan,Alpena,-35944.44140925301
563,Illinois,Stephenson,-13728.055881948676
515,Illinois,Iroquois,233891.5877238355
163,Colorado,Cheyenne,385589.796896365
1348,Oklahoma,Kiowa,-14415.401321255438
1443,Tennessee,Cheatham,60089.547746635624
1379,Oklahoma,Texas,-44413.88924399443
165,Colorado,Conejos,141776.93537093923
1159,North Carolina,Gates,-11870.593230127433
1548,Texas,Brewster,-32027.142902217573
786,Michigan,Keweenaw,-211668.61233839064
1845,Virginia,Essex,-87087.42380314125
1537,Texas,Bastrop,24006.841385703552
769,Michigan,Genesee,-36544.96297362218
1421,South Carolina,McCormick,260955.10812117194
956,Missouri,Knox,166429.0003080441
571,Illinois,White,42845.69367767265
1108,Nevada,Churchill,-37696.083039448094
1216,North Carolina,Washington,125030.91092200909
13,Alabama,Clay,-25531.794957748552
847,Mississippi,Hancock,570380.4578966366
915,Missouri,Boone,-61477.939181770606
1899,Virginia,Rockingham,-64928.05887302918
549,Illinois,Piatt,-16057.771621490549
1105,Nebraska,Wheeler,-12771.63062912015
1245,Ohio,Fairfield,-32436.135526431528
185,Colorado,Kiowa,-40525.297157616624
1450,Tennessee,Cumberland,-16339.756570748898
1879,Virginia,Nelson,-8833.896912364413
431,Georgia,Webster,-260086.1306518575
413,Georgia,Telfair,1584363.5444653477
1106,Nebraska,York,-125456.73068272005
539,Illinois,McLean,-45585.301007205824
1752,Texas,Trinity,-53789.1419906399
967,Missouri,Marion,-16034.431855506853
48,Alabama,Monroe,-1445092.1474004
1172,North Carolina,Jackson,-8807.46283533353
1598,Texas,Erath,31874.81143504553
434,Georgia,Whitfield,910065.3505068885
1787,Utah,Garfield,-1577799.6138489996
331,Georgia,Elbert,-34304.64180747933
802,Michigan,Monroe,-93996.12237813743
1333,Oklahoma,Ellis,76877.3018059191
310,Georgia,Clay,74812.14651329318
1902,Virginia,Shenandoah,-865918.9216610267
596,Iowa,Clarke,-46588.937468230855
808,Michigan,Oceana,-89633.72726105082
820,Michigan,Shiawassee,-52040.42850225971
1327,Oklahoma,Cotton,-20313.13609029574
112,Arkansas,Izard,48777.54637834823
66,Arizona,Cochise,-31696.283360494213
1433,Tennessee,Anderson,-9022193.391176218
1005,Missouri,Taney,-26972.450716905274
489,Illinois,Carroll,-6996.819603676379
342,Georgia,Glynn,711832.0508023071
1529,Texas,Angelina,-52608.653134523076
1092,Nebraska,Scotts Bluff,578633.895024596
383,Georgia,Morgan,-17498.266886653942
961,Missouri,Lincoln,-693256.5150994445
98,Arkansas,Cross,-79114.22329994125
782,Michigan,Jackson,-9517.648846322842
495,Illinois,Clinton,71866.33285372592
744,Massachusetts,Worcester,-4614.22367288571
997,Missouri,Schuyler,-189459.95952238378
1352,Oklahoma,Love,576798.2513069438
599,Iowa,Clinton,91784.11410092039
856,Mississippi,Jefferson,1166055.2803694797
934,Missouri,Dade,-2282330.875522498
1224,Ohio,Allen,860489.9751390589
1389,South Carolina,Allendale,-171938.8466572719
1568,Texas,Coleman,-32523.11891738973
193,Colorado,Mesa,210718.58812118237
827,Mississippi,Alcorn,1036216.8784859236
1543,Texas,Borden,23780.96294690622
399,Georgia,Randolph,2963295.0246662153
1730,Texas,San Saba,22492.246637629738
942,Missouri,Gentry,-213969.8674264711
749,Michigan,Antrim,-17852.654119553965
1683,Texas,Maverick,-20924.31804904084
628,Iowa,Johnson,1375097.1869272618
879,Mississippi,Perry,-2816455.33754535
577,Iowa,Adair,-13246.658086228466
896,Mississippi,Union,-11647.095479641801
164,Colorado,Clear Creek,2351.143043648277
667,Iowa,Washington,53687.74974379756
1226,Ohio,Ashtabula,-16355.123149617531
1024,Nebraska,Burt,59494.587759402224
1719,Texas,Reeves,-55454.67593675325
236,Florida,Gilchrist,-18317.143226764398
34,Alabama,Jackson,-87701.12816078067
464,Idaho,Jerome,-39746.99521998978
1596,Texas,Ellis,31080.5681481339
453,Idaho,Caribou,-76324.78517240044
1522,Tennessee,Wayne,-19704.37179598637
311,Georgia,Clayton,424458.09890802216
1894,Virginia,Pulaski,-65267.15040385196
157,Colorado,Archuleta,-4889.270763384677
536,Illinois,Massac,-21428.599095284997
672,Iowa,Woodbury,-1229090.9098191056
1727,Texas,San Augustine,714104.6177806893
1544,Texas,Bosque,118758.54826987632
640,Iowa,Marshall,132075.85505869443
94,Arkansas,Conway,-29323.714863783647
1307,Ohio,Wayne,-25882.03227104133
1456,Tennessee,Fentress,859736.1262914635
851,Mississippi,Humphreys,-415737.5811455138
1799,Utah,Sevier,844113.784217136
780,Michigan,Iron,-12154.188665220972
1036,Nebraska,Dawes,-28406.98411373554
1205,North Carolina,Scotland,-13843.59686555053
1275,Ohio,Meigs,-4930.553127233036
1459,Tennessee,Giles,307178.96839309804
1619,Texas,Guadalupe,1414706.8472152606
341,Georgia,Glascock,-21765.52294711486
1252,Ohio,Guernsey,264554.6058576454
743,Massachusetts,Plymouth,-7002.327448431895
854,Mississippi,Jackson,-23272.55971339026
468,Idaho,Lewis,141123.98025267583
1096,Nebraska,Sioux,2280028.527146589
866,Mississippi,Lincoln,-453108.62687488436
538,Illinois,McHenry,67429.4404402807
313,Georgia,Cobb,-170207.85993087044
1432,South Carolina,York,-11971.854056588034
42,Alabama,Macon,-35627.47307866078
408,Georgia,Sumter,-32437.388306922418
575,Illinois,Winnebago,108828.78086212873
890,Mississippi,Sunflower,151414.20147375297
987,Missouri,Platte,432241.7045540557
1818,Vermont,Windsor,-5466.985634479135
1910,Virginia,Tazewell,-7829.714191582976
1018,Nebraska,Blaine,-72704.05635804182
1309,Ohio,Wood,102025.60289186786
43,Alabama,Madison,-2735636.653091302
1520,Tennessee,Warren,-81801.9267934379
1280,Ohio,Morgan,-2793.9632550648403
243,Florida,Highlands,430601.90523356723
1792,Utah,Millard,-8757.033664784627
382,Georgia,Montgomery,-39540.90117090786
1705,Texas,Orange,336536.1448874582
439,Idaho,Ada,-106084.88553278767
1223,Ohio,Adams,155378.32892215493
338,Georgia,Franklin,258040.7798626155
1231,Ohio,Butler,-81689.7706532606
496,Illinois,Coles,-1592420.0302698785
616,Iowa,Hamilton,-261028.79141800245
17,Alabama,Conecuh,-27792.56721775716
594,Iowa,Cherokee,-23175.55907360725
1028,Nebraska,Chase,135180.15360320604
719,Louisiana,Vermilion,-33942.83369986298
1470,Tennessee,Henderson,-41001.256829435224
1895,Virginia,Rappahannock,-38279.55108922307
36,Alabama,Lamar,-12459.66185116848
1612,Texas,Glasscock,31211.20274782684
107,Arkansas,Greene,-29158.80814071472
1504,Tennessee,Roane,-325184.1005311194
829,Mississippi,Attala,-67981.92352002763
73,Arizona,Mohave,-220132.40459659757
585,Iowa,Bremer,-41862.05122991919
531,Illinois,Macoupin,-39909.64684217541
1812,Vermont,Franklin,-4352.947327527934
60,Alabama,Tuscaloosa,124140.79888684396
1428,South Carolina,Spartanburg,45939.06436828345
763,Michigan,Clinton,-41769.51743452888
445,Idaho,Blaine,-1037760.0152453366
1575,Texas,Cooke,-16481.150330898938
1046,Nebraska,Furnas,-40042.60971170079
1516,Tennessee,Trousdale,289558.62268912187
324,Georgia,Dodge,-1618.0077112558683
80,Arkansas,Arkansas,45693.44384189417
557,Illinois,Saline,-84394.3514031528
788,Michigan,Lapeer,10823.134771027064
1493,Tennessee,Monroe,43080.63790684592
840,Mississippi,Copiah,225097.28771798266
940,Missouri,Franklin,1122808.3827127088
1659,Texas,Kimble,-94134.43112605308
1480,Tennessee,Lauderdale,-39196.36594665151
1518,Tennessee,Union,-51030.48745376068
436,Georgia,Wilkes,-10249.339192755715
330,Georgia,Effingham,-30491.013474181687
251,Florida,Lee,-1363355.0490122898
1004,Missouri,Sullivan,-11835.51685770361
1613,Texas,Goliad,-12935.745078190506
223,Florida,Broward,12862.897022577177
998,Missouri,Scotland,-23162.575820815895
158,Colorado,Baca,-83969.24740304041
1144,North Carolina,Chowan,-12785.047354209817
281,Georgia,Appling,-4093.3200351666255
1905,Virginia,Spotsylvania,102669.46478747309
648,Iowa,Page,-2115480.6191795235
1756,Texas,Uvalde,-568455.4977256034
213,Colorado,Summit,1602712.0861341301
1473,Tennessee,Houston,332380.8825137991
1277,Ohio,Miami,-10600.49884962312
315,Georgia,Colquitt,-36561.45540496277
924,Missouri,Cass,-18043.098021926646
1615,Texas,Gray,-183618.2893472429
1809,Vermont,Bennington,5747453.487623508
20,Alabama,Crenshaw,-21695.05049624617
389,Georgia,Paulding,-22509.175080431014
379,Georgia,Miller,-19880.893330814193
1351,Oklahoma,Logan,-25225.226583068794
818,Michigan,Sanilac,-78418.46979955088
898,Mississippi,Warren,-27255.511631659647
681,Louisiana,Bienville,939089.1506457384
289,Georgia,Ben Hill,-28816.99686839102
1639,Texas,Howard,-252905.81592417325
692,Louisiana,East Feliciana,-55881.990309251516
102,Arkansas,Faulkner,-11134.737049868207
1236,Ohio,Clinton,726468.2938378854
683,Louisiana,Caddo,-27949.090455557412
1299,Ohio,Summit,-7981.638644396004
276,Florida,Union,23290.88357744475
332,Georgia,Emanuel,820983.1946665859
810,Michigan,Ontonagon,149044.47947700074
239,Florida,Hamilton,-57551.50308527415
711,Louisiana,Rapides,801917.8993526875
1747,Texas,Terry,-14431.746161341307
1758,Texas,Van Zandt,-15110.930670105405
1056,Nebraska,Hayes,-13619.330297331442
935,Missouri,Dallas,49078.292090970644
267,Florida,Pinellas,163425.48965730172
343,Georgia,Gordon,1185163.2930927733
1378,Oklahoma,Stephens,-264957.0184315636
1136,North Carolina,Cabarrus,17049.650361810563
1266,Ohio,Lawrence,-12933.559029459775
1181,North Carolina,McDowell,557135.6227199167
1761,Texas,Waller,-14415.113361627882
691,Louisiana,East Carroll,-179683.6783546307
1463,Tennessee,Hamblen,119483.15604614437
1645,Texas,Jackson,118033.39126108383
669,Iowa,Webster,-50108.11766395816
985,Missouri,Phelps,-754372.6980928427
1632,Texas,Henderson,-120500.21916872234
1009,Missouri,Washington,-57317.611893858906
1365,Oklahoma,Okmulgee,453977.08245727775
903,Mississippi,Winston,-8189.539046358107
248,Florida,Jefferson,-8377.991799425183
1406,South Carolina,Fairfield,84117.63914659484
762,Michigan,Clare,-1624788.7372815977
904,Mississippi,Yalobusha,-8170.726990275829
1804,Utah,Wasatch,-35192.479554805715
1865,Virginia,James City,-20807.196295121612
892,Mississippi,Tate,1152696.7524273002
1202,North Carolina,Rowan,95504.9017664534
580,Iowa,Appanoose,-65839.47678640287
1068,Nebraska,Lancaster,39580.17241472175
773,Michigan,Gratiot,-27411.04008063474
841,Mississippi,Covington,428974.7115974665
976,Missouri,New Madrid,-16382.994199862776
455,Idaho,Clark,-201391.32438758545
809,Michigan,Ogemaw,162880.27051704028
433,Georgia,White,800470.0103993078
1367,Oklahoma,Ottawa,-241741.13472912938
354,Georgia,Henry,622262.7370625823
1680,Texas,Martin,18870.971828584217
1003,Missouri,Stone,-21276.243274283468
1394,South Carolina,Berkeley,-190672.31098341278
1130,North Carolina,Beaufort,-102400.26146897743
611,Iowa,Franklin,458058.19125978876
205,Colorado,Pueblo,-31218.840489189675
380,Georgia,Mitchell,-56098.59801995135
1622,Texas,Hamilton,87493.7243765207
1453,Tennessee,Dickson,546834.8648238992
583,Iowa,Black Hawk,-12957.811509278428
516,Illinois,Jackson,-44004.53934765794
1829,Virginia,Botetourt,-96500.78568052228
1110,Nevada,Douglas,141814.7738875211
1690,Texas,Milam,-5316.685721754893
1466,Tennessee,Hardeman,-302663.57663026045
865,Mississippi,Leflore,-118680.00034544768
1264,Ohio,Knox,3320504.5132159106
388,Georgia,Oglethorpe,352390.9709706544
1643,Texas,Irion,-9987.822198509653
1194,North Carolina,Perquimans,58136.00327455958
1819,Virginia,Albemarle,-59022.75714171253
1739,Texas,Stephens,-11072.644563334434
1872,Virginia,Louisa,-43902.771826621996
1013,Missouri,Wright,-79112.61345280969
113,Arkansas,Jackson,341378.602061096
466,Idaho,Latah,108752.16764947411
1716,Texas,Reagan,-33564.49333982603
1556,Texas,Callahan,-6538.424402921269
1671,Texas,Limestone,-37175.82602639171
1602,Texas,Fisher,149932.9279542521
1675,Texas,Loving,160045.0247711951
1851,Virginia,Frederick,121469.44642948538
283,Georgia,Bacon,322244.82103441074
141,Arkansas,Saline,-600289.7131358645
254,Florida,Liberty,-51876.21482905478
1217,North Carolina,Watauga,-9744.227842222568
1660,Texas,King,1472520.657040677
670,Iowa,Winnebago,-45739.64255850046
1,Alabama,Baldwin,-267808.8699263595
89,Arkansas,Clark,-55554.31236449964
1162,North Carolina,Greene,-2909.5898834950845
277,Florida,Volusia,196023.33274251645
1485,Tennessee,Macon,73615.4396250331
754,Michigan,Benzie,-51218.81729523229
1772,Texas,Winkler,-19783.633068911873
1211,North Carolina,Tyrrell,-13805.347617475765
859,Mississippi,Lafayette,-29002.158838734966
77,Arizona,Santa Cruz,326697.1115493572
1545,Texas,Bowie,-25071.248124075624
778,Michigan,Ionia,344867.6475144487
509,Illinois,Grundy,-22721.92694373695
716,Louisiana,Tensas,2882886.007114301
1254,Ohio,Hancock,-15723.35402680311
216,Colorado,Weld,31758.201246491677
733,Maine,Penobscot,-55400.67997720184
593,Iowa,Cerro Gordo,396741.73594572797
713,Louisiana,Richland,-143891.10806952792
1312,Oklahoma,Alfalfa,-128149.32230743353
492,Illinois,Christian,-117453.27245782952
846,Mississippi,Grenada,-5836.227639247039
632,Iowa,Lee,449776.70244645677
133,Arkansas,Phillips,-36828.01284994054
975,Missouri,Morgan,-27101.67582195012
1554,Texas,Caldwell,322433.5560542333
693,Louisiana,Evangeline,75340.3000674042
1501,Tennessee,Polk,341.9338768120506
210,Colorado,San Juan,-61617.70039771828
561,Illinois,Shelby,-94879.04878824418
1340,Oklahoma,Harper,516235.02598147525
1113,Nevada,Eureka,-63107.9859967871
1691,Texas,Mills,653523.5759422831
174,Colorado,Elbert,-83716.88295091489
1322,Oklahoma,Choctaw,-457494.5670653302
875,Mississippi,Noxubee,-7032.341901172942
1143,North Carolina,Cherokee,47802.62203538774
1412,South Carolina,Horry,2791416.3883307176
714,Louisiana,Sabine,304976.3449862753
1601,Texas,Fayette,-99965.79067072057
273,Florida,Sumter,-5068982.754948199
1164,North Carolina,Halifax,-26841.747754248252
465,Idaho,Kootenai,-17526.58581295455
694,Louisiana,Franklin,-21140.095522301053
1724,Texas,Runnels,-21303.87044110085
493,Illinois,Clark,-62450.296879384914
1467,Tennessee,Hardin,-43594.71434254966
117,Arkansas,Lawrence,-11839.5112160461
1844,Virginia,Dinwiddie,-11809.944866141745
839,Mississippi,Coahoma,-58181.18236785734
1924,New Hampshire,Merrimack,-167053.68132729013
541,Illinois,Mercer,-701154.9448628502
993,Missouri,Ray,-5882.524915963542
1304,Ohio,Vinton,45688.26045331353
1794,Utah,Piute,-7218.538706377405
135,Arkansas,Poinsett,-21688.585088432563
1155,North Carolina,Edgecombe,231109.93247941736
1579,Texas,Crockett,18728.754739363736
68,Arizona,Gila,102766.75859860214
1187,North Carolina,New Hanover,-16605.61931195586
67,Arizona,Coconino,-52869.24555618782
293,Georgia,Brantley,-6073.627134365903
1611,Texas,Gillespie,192873.92678381936
129,Arkansas,Nevada,14738109.919608679
824,Michigan,Wayne,-117168.85504614127
469,Idaho,Lincoln,-29607.712507999837
1316,Oklahoma,Blaine,1358567.2106247742
1486,Tennessee,Madison,114779.31687184022
1288,Ohio,Pike,242772.46283951783
642,Iowa,Mitchell,-22779.021472215707
960,Missouri,Lewis,109268.94804348575
617,Iowa,Hancock,263261.55318908254
860,Mississippi,Lamar,-10979.692966595736
1827,Virginia,Bedford,297107.630693886
1478,Tennessee,Knox,-8407.121400950266
830,Mississippi,Benton,-705423.3061800192
148,Arkansas,Union,-69198.41609821467
1482,Tennessee,Lewis,37558.12387461483
696,Louisiana,Iberia,-10543.46082397844
100,Arkansas,Desha,-54834.63772224568
95,Arkansas,Craighead,27196.49297566316
1577,Texas,Cottle,-25648.81189262764
109,Arkansas,Hot Spring,-7436.333489344623
1731,Texas,Schleicher,160111.2792253096
1054,Nebraska,Hamilton,-24015.25072214751
1335,Oklahoma,Garvin,-93937.38929479747
1768,Texas,Wilbarger,796885.2691736014
1697,Texas,Motley,-110932.78502386704
52,Alabama,Pickens,35541.15768316598
229,Florida,Columbia,2623490.7823553802
1116,Nevada,Lincoln,908090.7014190555
1050,Nebraska,Gosper,717561.1645871536
1918,New Hampshire,Belknap,-26522.125862152527
359,Georgia,Jeff Davis,-10400.934041942688
394,Georgia,Polk,-31785.888459817124
478,Idaho,Teton,-48935.46242005064
487,Illinois,Bureau,-22570.205075316942
460,Idaho,Fremont,82435.69039709131
1916,Virginia,Wythe,-25052.11449504739
1843,Virginia,Dickenson,279045.90971118794
486,Illinois,Brown,358695.76867853774
368,Georgia,Liberty,-14569.98109316791
1507,Tennessee,Scott,1495287.3432528276
131,Arkansas,Ouachita,-118153.98054702673
1251,Ohio,Greene,155887.96102723075
1168,North Carolina,Hertford,195414.7920282983
981,Missouri,Ozark,220625.82327968697
726,Louisiana,Winn,-43210.16315837879
560,Illinois,Scott,336483.55411845393
1565,Texas,Clay,-152636.91438927842
1360,Oklahoma,Muskogee,342789.3626901981
398,Georgia,Rabun,-25803.62659805136
752,Michigan,Barry,403124.80345919804
90,Arkansas,Clay,242027.3695802823
350,Georgia,Haralson,-51420.80050236113
1599,Texas,Falls,414763.65299076564
705,Louisiana,Morehouse,3609.707032882856
1154,North Carolina,Durham,-11487.889514311593
114,Arkansas,Jefferson,-17781.993059339708
404,Georgia,Seminole,-19692.4888023549
1132,North Carolina,Bladen,-3648.4032914378795
709,Louisiana,Plaquemines,-32838.83846734413
1763,Texas,Washington,-158327.4725145287
1079,Nebraska,Otoe,-7500.992140532675
1571,Texas,Colorado,-19621.33793855289
1506,Tennessee,Rutherford,-45676.226542047276
298,Georgia,Butts,281184.4957822488
937,Missouri,Dent,182830.9275068032
1035,Nebraska,Dakota,-27656.67730434049
1292,Ohio,Richland,1087523.487370786
250,Florida,Lake,-352521.8765746313
1563,Texas,Cherokee,86965.90005175266
44,Alabama,Marengo,-49977.06680924392
1173,North Carolina,Johnston,84816.25810575238
458,Idaho,Elmore,302867.3219813864
1074,Nebraska,Merrick,140606.38572366428
1405,South Carolina,Edgefield,64600.92166827171
1197,North Carolina,Polk,-786989.6826331615
968,Missouri,McDonald,509063.3042006896
504,Illinois,Ford,-1605.3919524087105
886,Mississippi,Sharkey,57673.9670147785
1767,Texas,Wichita,-1739961.4067000411
1830,Virginia,Brunswick,5760.547091950422
1754,Texas,Upshur,-412429.9667146469
1500,Tennessee,Pickett,-7464.628751517892
329,Georgia,Echols,-18880.338506884087
1167,North Carolina,Henderson,-119455.95163649175
130,Arkansas,Newton,-39290.79694950342
867,Mississippi,Lowndes,-1552323.8186421832
701,Louisiana,Lafourche,77027.33002931808
1853,Virginia,Gloucester,-26905.204127129662
33,Alabama,Houston,36838.37155153942
1509,Tennessee,Sevier,54963.194380799796
316,Georgia,Columbia,189713.33235529618
842,Mississippi,Forrest,-30415.260075974642
183,Colorado,Jackson,-148868.9713843471
272,Florida,Seminole,-61744.3599636624
27,Alabama,Fayette,787285.8339421996
1038,Nebraska,Deuel,-33720.60962019753
1923,New Hampshire,Hillsborough,-12035.752947149233
1441,Tennessee,Carroll,-163784.25953626249
1358,Oklahoma,McIntosh,-19517.75113124241
1434,Tennessee,Bedford,-9698.869790121085
361,Georgia,Jenkins,-6870711.275271338
1667,Texas,La Salle,48098.88640454011
222,Florida,Brevard,-7626.126924923924
497,Illinois,Crawford,-12077.110467016077
607,Iowa,Dubuque,-17384.12199206966
351,Georgia,Harris,125517.57802325248
1324,Oklahoma,Cleveland,-4548.404146358623
1119,Nevada,Nye,-44772.72207017314
499,Illinois,Douglas,-139029.41922326194
702,Louisiana,Lincoln,1532113.9578369234
793,Michigan,Mackinac,-123992.96475278233
1104,Nebraska,Webster,733208.2377920413
1782,Utah,Carbon,-10662.350739691548
186,Colorado,Kit Carson,-4120.8746065574405
661,Iowa,Tama,-48450.99370769797
450,Idaho,Butte,153373.76740543707
1552,Texas,Burleson,-130927.85580492209
1797,Utah,San Juan,67830.40255734026
1603,Texas,Floyd,92075.55814202153
1553,Texas,Burnet,391699.37200065784
861,Mississippi,Lauderdale,-30210.695742154472
1234,Ohio,Clark,4684986.446351651
1510,Tennessee,Shelby,239813.24010232638
1399,South Carolina,Chesterfield,-92255.77589806073
1900,Virginia,Russell,-31446.85722201427
24,Alabama,Elmore,-60392.898750797365
498,Illinois,Cumberland,-146741.61547085224
308,Georgia,Cherokee,-3764.864260570839
1388,South Carolina,Aiken,-8274.258142287854
1072,Nebraska,Madison,523077.86482481204
1813,Vermont,Grand Isle,2318956.4190562973
1387,South Carolina,Abbeville,-34934.5963568142
1654,Texas,Kaufman,4805.963280797121
1692,Texas,Mitchell,-109115.82770031947
1019,Nebraska,Boone,69988.16632561665
1403,South Carolina,Dillon,-5932.9316541887765
675,Louisiana,Acadia,-37286.756063516244
817,Michigan,Saginaw,53628.22633356787
1212,North Carolina,Union,-47548.35101734006
843,Mississippi,Franklin,86191.02690222219
1491,Tennessee,McNairy,-64338.10308641066
1363,Oklahoma,Okfuskee,467719.241060409
137,Arkansas,Pope,551195.621422099
503,Illinois,Fayette,-7324.348598855605
182,Colorado,Huerfano,-10518.384505343929
1411,South Carolina,Hampton,3585237.536788253
411,Georgia,Tattnall,506658.6936591618
1311,Oklahoma,Adair,774214.3816969352
1393,South Carolina,Beaufort,2053308.0783617776
1776,Texas,Young,782368.2406832841
1196,North Carolina,Pitt,-67632.56747855473
881,Mississippi,Pontotoc,-60276.673793244416
1578,Texas,Crane,55030.2279848279
779,Michigan,Iosco,-11217.95987063126
279,Florida,Walton,109599.8105971879
724,Louisiana,West Carroll,179495.08863992692
1906,Virginia,Stafford,-114110.32020803099
208,Colorado,Routt,-104219.69523261773
857,Mississippi,Jones,205827.32893217253
266,Florida,Pasco,-1977.1263690449555
1866,Virginia,King and Queen,-15596.127036990514
1182,North Carolina,Mecklenburg,-23195.631981494404
302,Georgia,Carroll,-9793.272524524917
837,Mississippi,Clarke,-29197.769101652157
1126,North Carolina,Alleghany,-67668.39895376282
136,Arkansas,Polk,-503130.081868317
238,Florida,Gulf,377765.62074381334
1271,Ohio,Madison,-85753.41743478458
419,Georgia,Treutlen,-17900.02212395759
1576,Texas,Coryell,-41485.38106533406
1409,South Carolina,Greenville,-55549.002746281534
902,Mississippi,Wilkinson,-22703.467157006264
1785,Utah,Duchesne,77093.65115891748
376,Georgia,McDuffie,305421.1382193452
12,Alabama,Clarke,-26296.36086206405
1349,Oklahoma,Latimer,474771.7759801692
1836,Virginia,Charles City,-15578.303493268884
1210,North Carolina,Transylvania,-51394.15324395968
1295,Ohio,Scioto,244093.60915475216
9,Alabama,Cherokee,-4618189.473664486
1305,Ohio,Warren,-337111.88877117547
1451,Tennessee,Davidson,-57890.78817933967
1887,Virginia,Page,-3306.5343787560632
650,Iowa,Plymouth,-6798.415307088617
255,Florida,Madison,-31625.469378540532
226,Florida,Citrus,603924.8883721048
1073,Nebraska,McPherson,-28896.708941069082
1062,Nebraska,Johnson,-108469.46810270427
1574,Texas,Concho,-8811.669297609025
554,Illinois,Randolph,116864.6747062908
1158,North Carolina,Gaston,392194.44413211034
378,Georgia,Meriwether,133470.15161146663
715,Louisiana,Tangipahoa,-26407.024746877978
807,Michigan,Oakland,-10182.770407962938
832,Mississippi,Calhoun,76451.05185115934
741,Massachusetts,Nantucket,-22962.846396959663
948,Missouri,Holt,-89493.12626209231
1347,Oklahoma,Kingfisher,-46373.54989740235
1169,North Carolina,Hoke,6236490.887803635
579,Iowa,Allamakee,-85662.42220124352
59,Alabama,Tallapoosa,-838880.6992873305
99,Arkansas,Dallas,-25548.263304962984
1546,Texas,Brazoria,-706600.0267165531
1270,Ohio,Lucas,112934.79071416051
1153,North Carolina,Duplin,-30706.608883124318
1246,Ohio,Fayette,-18251.38608719987
1080,Nebraska,Pawnee,-14966.210861591717
1297,Ohio,Shelby,107887.84693365605
1336,Oklahoma,Grady,660498.0440940429
1392,South Carolina,Barnwell,85721.43795173943
1541,Texas,Bexar,-3746.737612181115
1006,Missouri,Texas,-1458617.6729823453
483,Illinois,Alexander,-39328.81275243449
658,Iowa,Shelby,64506.37386877773
1555,Texas,Calhoun,612374.3920747333
1413,South Carolina,Jasper,6953.624099442852
438,Georgia,Worth,731148.7907720576
951,Missouri,Iron,-7369.111356103852
1120,Nevada,Pershing,-13786.356115096609
479,Idaho,Twin Falls,23833.183888585387
1638,Texas,Houston,-29049.63521127434
1157,North Carolina,Franklin,119882.1160352047
1651,Texas,Johnson,-9235.97988328506
10,Alabama,Chilton,-13941.190733926003
974,Missouri,Montgomery,-961530.8258281958
1610,Texas,Garza,-538136.1802699498
1061,Nebraska,Jefferson,-13019.547284790959
760,Michigan,Cheboygan,96086.91129507795
1842,Virginia,Cumberland,-16794.124772126477
241,Florida,Hendry,-15100.877505955312
1160,North Carolina,Graham,241237.9482667892
546,Illinois,Ogle,-57376.49907224058
1233,Ohio,Champaign,43661.35524742275
152,Arkansas,Woodruff,-768712.9132619608
1535,Texas,Bailey,-3278.6862993276736
1229,Ohio,Belmont,-43558.376156668775
31,Alabama,Hale,149681.97591046136
347,Georgia,Habersham,124658.50604404611
1000,Missouri,Shannon,-39553.66662545027
1725,Texas,Rusk,-136351.16285595295
550,Illinois,Pike,-59594.60320220555
1427,South Carolina,Saluda,32971.08646835714
821,Michigan,Tuscola,-255270.91245353164
674,Iowa,Wright,1186277.898965682
1250,Ohio,Geauga,87385.01938623906
54,Alabama,Randolph,-40292.19726313587
1695,Texas,Moore,-224217.47655630985
304,Georgia,Charlton,-21808.51207440266
1684,Texas,McCulloch,149069.1606770493
296,Georgia,Bulloch,-14958.201983445568
1591,Texas,Donley,165201.80014064754
926,Missouri,Chariton,-2924.0293912454176
1253,Ohio,Hamilton,-39105.737905103495
980,Missouri,Osage,-725601.9706365217
933,Missouri,Crawford,-2845868.0253660753
1789,Utah,Iron,-105380.273888633
1821,Virginia,Amelia,-72972.95808284424
1190,North Carolina,Orange,398384.15539507207
1195,North Carolina,Person,-13629.41442475326
392,Georgia,Pierce,468835.92285965633
1345,Oklahoma,Johnston,-687937.6925595306
56,Alabama,Shelby,163142.7230254912
880,Mississippi,Pike,-110790.27625074016
480,Idaho,Valley,-34649.16467173888
971,Missouri,Mississippi,-10284.655351893864
739,Massachusetts,Franklin,250130.9555415642
612,Iowa,Fremont,-918405.4399263071
1494,Tennessee,Montgomery,1102139.2492394475
1512,Tennessee,Stewart,-26278.70082609433
712,Louisiana,Red River,-19404.193768252375
321,Georgia,Dade,125646.06759604427
1796,Utah,Salt Lake,972965.560249872
1282,Ohio,Muskingum,40474.23831217969
435,Georgia,Wilcox,-40498.06247391237
635,Iowa,Lucas,-23652.0347143632
1533,Texas,Atascosa,26867.538299467153
417,Georgia,Toombs,-85101.98376164249
507,Illinois,Gallatin,-146640.76709073034
1313,Oklahoma,Atoka,961457.2930387529
3,Alabama,Bibb,229030.54249618633
589,Iowa,Calhoun,-20132.914483082033
592,Iowa,Cedar,102100.49607851864
1536,Texas,Bandera,661007.2561013721
1098,Nebraska,Thayer,-35349.1578820653
353,Georgia,Heard,2690645.8282426293
548,Illinois,Perry,-155627.65012466908
1177,North Carolina,Lincoln,-149216.5761627513
1735,Texas,Sherman,-487921.63850764814
1497,Tennessee,Obion,75001.36758729437
853,Mississippi,Itawamba,-10389.899994951027
1396,South Carolina,Charleston,40913.85273725222
8,Alabama,Chambers,-14145.789844228559
125,Arkansas,Miller,-39338.99128661387
217,Colorado,Yuma,-81676.5971847559
1444,Tennessee,Chester,115076.6576649555
471,Idaho,Minidoka,-124076.38325999078
1712,Texas,Potter,-133485.24022013834
423,Georgia,Union,-90046.91220564544
1204,North Carolina,Sampson,59731.66214324014
1514,Tennessee,Sumner,1673554.2845466402
1662,Texas,Kleberg,-25072.012573951193
335,Georgia,Fayette,-48754.51707031607
166,Colorado,Costilla,-9784.975636902851
1878,Virginia,Montgomery,-203237.84489425924
319,Georgia,Crawford,-3332420.918714828
1296,Ohio,Seneca,124758.16318991693
1889,Virginia,Pittsylvania,-30007.446819101704
83,Arkansas,Benton,416640.55186698074
1704,Texas,Oldham,-43880.5055747391
1915,Virginia,Wise,-176106.64119686684
1508,Tennessee,Sequatchie,314548.85976883746
270,Florida,Santa Rosa,-5344.083741855131
641,Iowa,Mills,-36536.931968175755
177,Colorado,Garfield,-9526.776551987672
1476,Tennessee,Jefferson,412437.26377995434
447,Idaho,Bonner,-10109.393702375566
55,Alabama,Russell,830691.2590298639
1649,Texas,Jim Hogg,-11606.90694472535
1014,Nebraska,Adams,1122623.5832775144
1881,Virginia,Newport News,-82901.62089327344
1860,Virginia,Hanover,47897.02374271054
1883,Virginia,Northampton,-9886.127920518196
