,0,1,2
1710,Texas,Val Verde,1073372.1423560646
840,Michigan,Macomb,10118.608936359495
800,Michigan,Benzie,80663.20638294113
296,Georgia,Jefferson,38933.90465357233
115,Arkansas,Johnson,-243922.36627421333
497,Illinois,Shelby,3763.4561786794493
1643,Texas,Milam,72836.39003549397
472,Illinois,Massac,39574.02771805251
1486,Texas,Atascosa,19954.901270591137
396,Idaho,Fremont,-20865.0830684985
680,Kentucky,Livingston,-36080.68834925037
1346,South Carolina,Beaufort,-20773.188746889693
874,Mississippi,Amite,-296436.40783805656
1159,North Carolina,Stanly,1059856.0350424652
240,Georgia,Charlton,-16850.879414835083
1825,Virginia,Louisa,1857079.4599235395
1257,Ohio,Vinton,-248926.244685482
390,Idaho,Cassia,280353.9884349276
834,Michigan,Lapeer,-17485.267678940625
273,Georgia,Forsyth,105854.34869504593
1230,Ohio,Miami,52415.71476886464
588,Iowa,Polk,-196733.600235283
1515,Texas,Chambers,-10636.215950475324
373,Georgia,Wilkinson,-288318.8659920143
550,Iowa,Grundy,1055887.5113035366
583,Iowa,Osceola,92788.56046107643
1372,South Carolina,Marion,61248.41314491242
1805,Virginia,Giles,42114.516960431894
1023,Missouri,Newton,-113041.15574556097
405,Idaho,Lincoln,105706.40673669521
146,Arkansas,Sharp,10758.684714917232
768,Louisiana,Red River,51602.925610591585
135,Arkansas,Poinsett,222260.08431432035
1818,Virginia,James City,52710.601375253806
1599,Texas,Jasper,-4851.618375083704
1454,Tennessee,Polk,2998.784223046394
1099,North Carolina,Cleveland,-13331.571437809926
1184,Ohio,Butler,-44504.17682445446
490,Illinois,Randolph,-42254.28005900943
1358,South Carolina,Edgefield,84014.56116431415
1686,Texas,Shackelford,-5631.560292915584
534,Iowa,Clayton,-23079.793189603235
1128,North Carolina,Lee,-39552.63558702266
313,Georgia,McIntosh,-269677.71737010346
1403,Tennessee,Cumberland,268521.7990396494
10,Alabama,Chilton,-9432.657352305745
1523,Texas,Collingsworth,426450.61674186436
531,Iowa,Chickasaw,-287490.46497334825
900,Mississippi,Jackson,237977.93727640866
805,Michigan,Charlevoix,30853.504849170098
256,Georgia,Crisp,1328312.661370645
955,Missouri,Audrain,-3162.5064741668084
1483,Texas,Aransas,-3259.8214688040716
159,Florida,Broward,4356.61566961474
266,Georgia,Effingham,-15389.4602987573
1034,Missouri,Polk,-164440.51601705392
724,Kentucky,Warren,267677.0223105794
1278,Oklahoma,Coal,6436.374150540922
750,Louisiana,Franklin,40097.39710486997
388,Idaho,Canyon,-202749.19569312414
1857,Virginia,Southampton,-142326.50091591824
1594,Texas,Hunt,-5225.5732995232665
191,Florida,Madison,-192751.87011415805
613,Kentucky,Anderson,-220361.09814769955
1229,Ohio,Mercer,257211.1003000577
511,Illinois,Winnebago,-15013.997223502181
1453,Tennessee,Pickett,-39710.167112318435
1387,Tennessee,Bedford,-232423.15655039885
710,Kentucky,Pulaski,-39628.97553382522
1360,South Carolina,Florence,179688.87985501887
231,Georgia,Bryan,31674.407919284487
1106,North Carolina,Duplin,140244.4458610432
255,Georgia,Crawford,19814.62528077537
1394,Tennessee,Carroll,-7029.769729299271
660,Kentucky,Hart,-142917.46838495877
306,Georgia,Long,-21677.033895473796
819,Michigan,Gratiot,18730.994209611454
776,Louisiana,Vernon,-289640.04011862306
1252,Ohio,Summit,3888.797664362703
1668,Texas,Randall,58317.408417532395
260,Georgia,Dodge,129129.03974986725
1474,Tennessee,Washington,335351.23359236505
1469,Tennessee,Trousdale,-13288.140235133811
1117,North Carolina,Halifax,-5640.304541402042
1630,Texas,Lynn,223565.70702433807
1365,South Carolina,Horry,-29602.964810426987
343,Georgia,Stewart,350391.961528632
667,Kentucky,Jessamine,151017.61292297338
423,Illinois,Bureau,-3794.149556953712
1509,Texas,Callahan,12735.294740927693
1632,Texas,Marion,225097.29156147758
722,Kentucky,Trimble,95500.72528791215
1442,Tennessee,Maury,109553.96901424497
979,Missouri,Crawford,-220621.44886177283
1081,North Carolina,Ashe,-21998.100509591404
1265,Oklahoma,Alfalfa,73938.9778491547
1319,Oklahoma,Osage,-12535.239262625393
394,Idaho,Elmore,-16417.31939004302
1110,North Carolina,Franklin,48042.96691772921
645,Kentucky,Fleming,206380.09727077532
57,Alabama,Sumter,-12203.162712461351
566,Iowa,Keokuk,-204719.30857902544
1463,Tennessee,Shelby,-216406.1524883234
1147,North Carolina,Perquimans,33225.27376848603
1087,North Carolina,Buncombe,21339.988044262725
105,Arkansas,Garland,210994.24600435921
636,Kentucky,Clay,-24394.62471365397
611,Kentucky,Adair,-286114.7199095172
1300,Oklahoma,Kingfisher,-4047.017350161121
586,Iowa,Plymouth,162942.90840857846
1079,North Carolina,Alleghany,25529.26083221129
1042,Missouri,Saline,-15043.719310092518
353,Georgia,Toombs,35543.25374136139
330,Georgia,Polk,-26339.933144046907
1142,North Carolina,Onslow,-31412.97144380483
1726,Texas,Wise,61607.11837232554
1389,Tennessee,Bledsoe,132880.38906290857
451,Illinois,Iroquois,-19377.454339208096
126,Arkansas,Mississippi,15520.096985354558
428,Illinois,Christian,31094.003758089813
1730,Texas,Zapata,-305631.58134748647
1540,Texas,Denton,-262557.8812188372
203,Florida,Pinellas,27211.129690919846
1702,Texas,Titus,-7202.489319300108
76,Arizona,Pinal,42094.51501886801
949,Mississippi,Winston,-206164.4613248469
1101,North Carolina,Craven,158976.87888854247
312,Georgia,McDuffie,-279152.1851175851
250,Georgia,Coffee,198472.46549867874
1242,Ohio,Portage,33901.08618689605
517,Iowa,Audubon,428543.14402396267
315,Georgia,Miller,98263.98867507014
1033,Missouri,Platte,442528.5739887899
1704,Texas,Travis,58162.92016678059
476,Illinois,Menard,-14158.52799331905
182,Florida,Indian River,-11620.563492436848
1677,Texas,Runnels,-252472.53757045002
1158,North Carolina,Scotland,-16411.693416689515
1235,Ohio,Muskingum,331478.36448977806
1485,Texas,Armstrong,-199221.58274899388
356,Georgia,Troup,-13751.313361574052
483,Illinois,Peoria,-76979.99960793968
1221,Ohio,Logan,-45896.158159790735
1421,Tennessee,Hawkins,426917.2525468851
1398,Tennessee,Claiborne,104229.70745856615
503,Illinois,Wabash,130941.83730260169
1844,Virginia,Prince Edward,-31747.3405420506
334,Georgia,Rabun,2163.3786657479664
1111,North Carolina,Gaston,384885.8572734297
944,Mississippi,Warren,5211.316795001389
481,Illinois,Moultrie,66615.28715543028
58,Alabama,Talladega,-25965.114791059583
1573,Texas,Hale,34378.098500537715
961,Missouri,Boone,183.740535213391
1645,Texas,Mitchell,-271832.4237249695
254,Georgia,Coweta,-180080.28089714923
293,Georgia,Jackson,16807.27602299739
623,Kentucky,Breathitt,-36702.475581384744
832,Michigan,Keweenaw,-27855.6278946135
90,Arkansas,Clay,-283443.08804975275
1329,Oklahoma,Seminole,34602.831367364895
1547,Texas,Ector,-29974.639448350878
139,Arkansas,Pulaski,-292721.5457854175
1395,Tennessee,Carter,-14370.195796644963
876,Mississippi,Benton,-149898.14006668376
179,Florida,Highlands,202958.89756669523
186,Florida,Lake,5462.171348280322
736,Louisiana,Beauregard,24743.63578081484
714,Kentucky,Russell,-13468.799345084608
1361,South Carolina,Georgetown,53567.19940722303
1470,Tennessee,Unicoi,-11112.357251626932
510,Illinois,Williamson,51465.5889388459
1766,Vermont,Grand Isle,-8854.603268389377
827,Michigan,Isabella,-136939.4978960736
83,Arkansas,Benton,43380.42308657127
1732,Utah,Beaver,5740.975227535993
883,Mississippi,Clarke,89129.34410428656
1239,Ohio,Perry,-3733.6929861405943
224,Georgia,Bartow,-285317.54941065697
1129,North Carolina,Lenoir,19551.836453189182
1715,Texas,Ward,271114.9749748115
1137,North Carolina,Montgomery,-188384.02530785638
1306,Oklahoma,Major,-21899.88458705653
678,Kentucky,Lewis,-10249.416061737436
1613,Texas,King,21224.333579484606
594,Iowa,Shelby,-88185.24827903592
145,Arkansas,Sevier,-23422.850904441053
803,Michigan,Calhoun,-44666.48964179949
875,Mississippi,Attala,-157237.39047499193
1163,North Carolina,Transylvania,-227695.3569957756
854,Michigan,Oceana,2015.8025723298633
516,Iowa,Appanoose,53523.17091112386
303,Georgia,Lee,81276.30441946896
175,Florida,Hamilton,-29511.160336467434
1808,Virginia,Grayson,200623.0769063526
1741,Utah,Grand,-25161.753413535687
411,Idaho,Payette,101339.19230967027
1532,Texas,Crockett,-30075.30378312726
270,Georgia,Fannin,214859.5914030899
1134,North Carolina,McDowell,-11715.352219701374
1271,Oklahoma,Caddo,124978.2300530726
723,Kentucky,Union,-24547.406841670007
477,Illinois,Mercer,301048.91460417234
1806,Virginia,Gloucester,645978.624228402
512,Illinois,Woodford,-7989.252050014022
718,Kentucky,Spencer,112931.55775433098
1467,Tennessee,Sumner,1575896.4915094008
529,Iowa,Cerro Gordo,143241.7687318156
617,Kentucky,Bell,-16764.522767188875
633,Kentucky,Casey,32497.582599904254
1510,Texas,Cameron,7536.776906868629
7,Alabama,Calhoun,-20016.145826186566
32,Alabama,Henry,24922.93309417564
919,Mississippi,Neshoba,-279445.5002412816
292,Georgia,Irwin,-18057.816273695822
1214,Ohio,Huron,-270080.5975024547
225,Georgia,Ben Hill,18430.750339031278
1736,Utah,Daggett,-29957.8542910986
859,Michigan,Otsego,36668.215897836206
620,Kentucky,Boyd,-1748.8247354421856
1830,Virginia,Middlesex,-2519.1632493804645
1504,Texas,Brown,174744.4163328695
1500,Texas,Brazos,-18332.84192027052
1507,Texas,Caldwell,210638.01391154726
1521,Texas,Coleman,-36507.51953913757
36,Alabama,Lamar,174652.67360460546
1250,Ohio,Shelby,-208744.35409928698
1754,Utah,Tooele,-9253.311640320904
1292,Oklahoma,Harmon,-48552.184953319724
706,Kentucky,Pendleton,438863.22214052314
1041,Missouri,Ripley,6661.74738040951
938,Mississippi,Tate,33177.33681816503
1616,Texas,Knox,-184370.7325181064
449,Illinois,Henderson,-12539.153485365858
1471,Tennessee,Union,27486.70637142761
1295,Oklahoma,Hughes,422462.08621706243
1189,Ohio,Clinton,11534.715492174702
393,Idaho,Custer,6789.88346028454
1370,South Carolina,Lee,95030.60188059081
830,Michigan,Kalkaska,126961.92659506398
431,Illinois,Clinton,-19982.01378572394
759,Louisiana,Livingston,40806.99571404663
870,Michigan,Wayne,68763.6048709168
982,Missouri,Daviess,80218.00423783521
1093,North Carolina,Caswell,-24440.416408976707
413,Idaho,Shoshone,452594.3419837897
1282,Oklahoma,Creek,-8166.306343430987
600,Iowa,Van Buren,13802.844772385533
616,Kentucky,Bath,293240.2848898332
253,Georgia,Cook,514145.59161794645
1812,Virginia,Hampton,-16405.814069357657
1697,Texas,Tarrant,991405.7202048365
1864,Virginia,Virginia Beach,-2114.920036373176
193,Florida,Marion,-26166.11836151561
584,Iowa,Page,284585.3536454814
621,Kentucky,Boyle,296977.7187367778
201,Florida,Palm Beach,20004.112652047217
183,Florida,Jackson,-5612.0559677148085
929,Mississippi,Quitman,118994.18051005277
350,Georgia,Terrell,31968.524778842315
1085,North Carolina,Bladen,53013.40154599739
848,Michigan,Monroe,34821.657579915234
1136,North Carolina,Mitchell,-23481.629705926553
1563,Texas,Garza,182523.01429096074
1848,Virginia,Rappahannock,167684.6112320735
1449,Tennessee,Morgan,88323.86256865898
1426,Tennessee,Houston,-7195.622392959709
35,Alabama,Jefferson,-16585.09769832622
205,Florida,Putnam,-20033.065792027613
993,Missouri,Hickory,52247.975394368426
1871,New Hampshire,Belknap,-268622.6272409924
1019,Missouri,Monroe,-21140.997834148722
1343,South Carolina,Anderson,-31587.08978617727
1742,Utah,Iron,-10171.161401492554
556,Iowa,Henry,171678.7250474105
1582,Texas,Haskell,-228436.66080753424
760,Louisiana,Madison,95329.1630558502
1826,Virginia,Lunenburg,42153.05376737934
941,Mississippi,Tunica,15266.84467019441
2,Alabama,Barbour,-18852.774719732886
1487,Texas,Austin,596730.8976308929
196,Florida,Monroe,-25899.252679854686
228,Georgia,Bleckley,-10675.48791882717
1783,Virginia,Brunswick,-11259.443765829983
1840,Virginia,Page,10670.203314808374
1495,Texas,Blanco,-7102.329311561994
335,Georgia,Randolph,-220496.95032831095
486,Illinois,Pike,180906.34389126344
491,Illinois,Richland,-21308.83775404447
1301,Oklahoma,Kiowa,-5597.822059018624
1761,Vermont,Addison,-19006.640408190375
553,Iowa,Hancock,-28750.20146560412
1164,North Carolina,Tyrrell,-183111.72478336698
806,Michigan,Cheboygan,139195.06377227366
946,Mississippi,Wayne,-285990.6143712902
1199,Ohio,Fayette,-258017.67470447166
845,Michigan,Menominee,-10644.905394943984
1587,Texas,Hill,-9563.889806740728
500,Illinois,Tazewell,197621.04728328076
509,Illinois,Will,-279630.65588211815
1150,North Carolina,Polk,-59971.00092206527
230,Georgia,Brooks,-26888.38878580038
1140,North Carolina,New Hanover,-224876.1806306113
798,Michigan,Barry,-226392.43292778317
784,Massachusetts,Essex,-14190.484601462986
625,Kentucky,Bullitt,4934.3287704549
1269,Oklahoma,Blaine,43256.5811372581
1202,Ohio,Gallia,-29222.99513106969
608,Iowa,Woodbury,2015366.7870146148
852,Michigan,Newaygo,9927.06302475437
934,Mississippi,Smith,-2030079.8222283018
1176,Ohio,Adams,-17640.095848734178
1602,Texas,Jim Hogg,51724.71607244634
1534,Texas,Culberson,-14106.871710675827
321,Georgia,Muscogee,172468.47830812243
1157,North Carolina,Sampson,769510.6761632091
515,Iowa,Allamakee,258450.49605453963
1541,Texas,De Witt,144785.63657869058
439,Illinois,Fayette,-10027.673852979904
448,Illinois,Hardin,756605.3815941969
1819,Virginia,King and Queen,8668.18521518974
1090,North Carolina,Caldwell,126267.22736863777
1443,Tennessee,McMinn,61179.907755697255
1384,South Carolina,Williamsburg,-5167.41272038858
1527,Texas,Concho,-19419.02980078136
1744,Utah,Kane,18701.012767658012
435,Illinois,Douglas,-868.2561119404927
1851,Virginia,Rockbridge,77249.88614682942
1538,Texas,Deaf Smith,296246.54850355955
38,Alabama,Lawrence,43205.29122702776
1745,Utah,Millard,-12373.120319081965
1405,Tennessee,Decatur,25807.448927076428
1560,Texas,Freestone,-113009.52140297473
1836,Virginia,Northampton,-31720.56036818365
626,Kentucky,Butler,2909430.746992845
545,Iowa,Fayette,33337.75280748137
1256,Ohio,Van Wert,1084294.2573424513
1344,South Carolina,Bamberg,229854.41591688537
1692,Texas,Stephens,-42335.28586697657
121,Arkansas,Logan,-259519.25755590212
844,Michigan,Mecosta,-29221.420246567046
902,Mississippi,Jefferson,-219844.8660856596
1718,Texas,Wharton,31337.848626509036
1126,North Carolina,Johnston,692.4198597802151
1544,Texas,Donley,-22705.91732563808
1620,Texas,La Salle,-30867.492308530593
948,Mississippi,Wilkinson,-292266.7152999076
518,Iowa,Benton,-20608.26783550512
873,Mississippi,Alcorn,17481.51803571355
1752,Utah,Sevier,-119249.74604697339
1335,Oklahoma,Wagoner,62706.09096325311
824,Michigan,Ionia,82057.07709267124
1003,Missouri,LaClede,-40481.67880350817
926,Mississippi,Pike,-34643.08253185143
561,Iowa,Jackson,-14779.346974438195
1046,Missouri,Shannon,-5609.781618818118
1032,Missouri,Pike,60796.48686170615
1412,Tennessee,Giles,794119.6839580077
1586,Texas,Hidalgo,-146511.65151084625
1666,Texas,Presidio,-219825.83858794722
489,Illinois,Putnam,-19349.186730191712
209,Florida,Sumter,8781.669565590993
493,Illinois,Saline,196360.2931215663
1237,Ohio,Ottawa,-244261.34649017092
1511,Texas,Camp,-1946.8412838685767
1641,Texas,Menard,126197.16773557386
855,Michigan,Ogemaw,601853.8397781234
136,Arkansas,Polk,-253279.4086572281
785,Massachusetts,Franklin,5531749.073856809
465,Illinois,Logan,140259.30236059285
1121,North Carolina,Hertford,-2501.755293617127
877,Mississippi,Bolivar,-130476.11991787612
573,Iowa,Madison,138699.37695539254
1719,Texas,Wheeler,-2669.517725965162
42,Alabama,Macon,340139.9955053937
1567,Texas,Gonzales,225236.12311191772
187,Florida,Lee,628052.9087912997
263,Georgia,Douglas,-289211.8015876813
1667,Texas,Rains,1114233.3541763723
1598,Texas,Jackson,-27765.726565524223
1227,Ohio,Medina,48673.97207648853
202,Florida,Pasco,-21680.529812862213
1863,Virginia,Tazewell,-23958.546046764197
1367,South Carolina,Kershaw,331902.4451720503
1491,Texas,Baylor,-27528.14725185095
1877,New Hampshire,Merrimack,-6161.71528884058
527,Iowa,Cass,227377.05059666134
1225,Ohio,Mahoning,400697.022587319
1611,Texas,Kerr,-289173.72791774664
1815,Virginia,Henry,15097.394059352968
227,Georgia,Bibb,-455.74578345513874
696,Kentucky,Monroe,-38686.4232425867
1385,South Carolina,York,120650.93618615947
1781,Virginia,Bland,-19978.054152077537
1055,Missouri,Washington,-2674.179132946203
1378,South Carolina,Pickens,-283212.63570957544
1821,Virginia,King William,34152.222351051816
319,Georgia,Morgan,-25681.915409101894
1294,Oklahoma,Haskell,-44883.55885553078
1548,Texas,Edwards,13914.777316041356
596,Iowa,Story,144710.62609685538
995,Missouri,Howard,-94661.99627657417
1737,Utah,Davis,-12375.358571670191
1833,Virginia,New Kent,-45583.6180678958
1625,Texas,Lipscomb,-252262.63252006003
110,Arkansas,Howard,-11119.539345855157
575,Iowa,Marion,1054191.7593897032
935,Mississippi,Stone,2231463.173970994
975,Missouri,Clay,-22276.78084624083
125,Arkansas,Miller,38861.12557677485
916,Mississippi,Marshall,9265.328141571146
62,Alabama,Washington,-26062.76184184552
1036,Missouri,Putnam,117484.78359892608
168,Florida,Escambia,7977.003427707394
1031,Missouri,Phelps,-1197.1243955373757
24,Alabama,Elmore,-226811.4466187833
358,Georgia,Twiggs,212297.65352145198
1561,Texas,Frio,136816.94529886023
700,Kentucky,Nelson,65207.50603233265
1846,Virginia,Prince William,-11538.567285802808
1797,Virginia,Dinwiddie,186729.26100061182
1539,Texas,Delta,3424.9750561588035
668,Kentucky,Johnson,396320.03040916554
677,Kentucky,Letcher,-205582.9316576909
1072,Nevada,Nye,153042.57596399132
622,Kentucky,Bracken,-9996.446820605532
1362,South Carolina,Greenville,-8444.467173264256
277,Georgia,Glascock,-16580.08136255189
217,Georgia,Appling,-44060.29864450518
80,Arkansas,Arkansas,20632.16136499535
1289,Oklahoma,Grady,149786.5320420498
1822,Virginia,Lancaster,-147048.2890919886
305,Georgia,Lincoln,-65120.35318057053
1552,Texas,Falls,-234242.39440996543
262,Georgia,Dougherty,2511.253923056702
886,Mississippi,Copiah,789762.9382235389
158,Florida,Brevard,-21841.58400922604
1600,Texas,Jeff Davis,-2695.5810173851282
906,Mississippi,Lamar,210534.5031139591
632,Kentucky,Carter,-2198.0475078275613
251,Georgia,Colquitt,3980338.1394204274
646,Kentucky,Floyd,-226953.2606685126
882,Mississippi,Claiborne,132868.31171245244
560,Iowa,Iowa,493579.10209707025
674,Kentucky,Lawrence,-16399.69358311548
1011,Missouri,Madison,254909.24438417537
33,Alabama,Houston,137465.7307449863
1503,Texas,Brooks,56437.393219972626
569,Iowa,Linn,-37380.65697887422
138,Arkansas,Prairie,-12759.04036299244
1285,Oklahoma,Dewey,32554.725844435503
1795,Virginia,Cumberland,206864.69193255494
1069,Nevada,Lincoln,-32616.61838220669
811,Michigan,Delta,-13944.574313908774
1648,Texas,Moore,-279935.7650571393
1576,Texas,Hansford,1282927.5640656336
1623,Texas,Liberty,15164.265450452021
1870,Virginia,York,-27901.87738632859
1109,North Carolina,Forsyth,162551.09497056613
942,Mississippi,Union,-199234.26240616455
964,Missouri,Caldwell,-18417.74484270603
368,Georgia,Wheeler,110146.9584219128
1680,Texas,San Augustine,17222.390851675093
214,Florida,Wakulla,-26167.301729268747
44,Alabama,Marengo,88794.13783631605
1249,Ohio,Seneca,304831.29092985904
1165,North Carolina,Union,-13608.081854247359
793,Michigan,Allegan,-221679.68119699738
1811,Virginia,Halifax,-28807.039874312395
1853,Virginia,Russell,-269799.11171393504
222,Georgia,Banks,-83533.96204735042
26,Alabama,Etowah,35411.57058439315
1444,Tennessee,McNairy,-27948.126595252706
248,Georgia,Clinch,-5834.145613345078
809,Michigan,Clinton,98326.70662711943
1618,Texas,Lamb,-742741.9963397398
1380,South Carolina,Saluda,-5241.125866996663
502,Illinois,Vermilion,-6399.074302005988
1187,Ohio,Clark,1105491.132619368
395,Idaho,Franklin,212303.70968116645
940,Mississippi,Tishomingo,-10216.412757437422
325,Georgia,Paulding,-35554.135761575424
1774,Virginia,Amelia,298940.8206094721
1859,Virginia,Stafford,60875.410720290696
825,Michigan,Iosco,16545.670180951372
1571,Texas,Grimes,163233.86237481935
930,Mississippi,Rankin,357356.371008105
1865,Virginia,Warren,822798.2732730177
378,Idaho,Bear Lake,-282303.07595402584
774,Louisiana,Union,280033.9599808365
453,Illinois,Jasper,104836.32481535272
215,Florida,Walton,243456.39391030298
128,Arkansas,Montgomery,579.155972393366
1549,Texas,Ellis,48330.05981123006
106,Arkansas,Grant,1191.6755690191867
432,Illinois,Coles,-18394.56868055284
1275,Oklahoma,Choctaw,22353.98333311169
459,Illinois,Kendall,41282.93290833977
77,Arizona,Santa Cruz,-14065.726548026061
475,Illinois,McLean,-286485.9737609567
271,Georgia,Fayette,-36196.34914841131
285,Georgia,Hancock,-300627.9914754026
11,Alabama,Choctaw,167351.840388735
67,Arizona,Coconino,109867.11406800541
591,Iowa,Ringgold,29384.662298706076
1086,North Carolina,Brunswick,218382.39526155445
853,Michigan,Oakland,110208.64455293329
913,Mississippi,Lowndes,-1193.791102291923
1350,South Carolina,Cherokee,-274979.5162817579
1537,Texas,Dawson,111657.5018471124
383,Idaho,Bonner,178594.66447189252
1418,Tennessee,Hancock,-215754.66951742602
119,Arkansas,Lincoln,54278.70731110676
997,Missouri,Iron,29197.355598276263
1765,Vermont,Franklin,178196.97986070244
79,Arizona,Yuma,-129076.41577300768
460,Illinois,Knox,-35848.22451618237
1102,North Carolina,Cumberland,-183754.64898922568
1739,Utah,Emery,-294350.3070774183
676,Kentucky,Leslie,45796.597471895424
782,Louisiana,Winn,-55396.05884617365
1143,North Carolina,Orange,-21642.48408963429
1008,Missouri,Linn,43440.3095350311
1233,Ohio,Morgan,-22093.540034960373
1200,Ohio,Franklin,-8408.832265192423
1320,Oklahoma,Ottawa,537985.1127235882
402,Idaho,Latah,762754.9196199526
895,Mississippi,Hinds,-22997.939092119166
1091,North Carolina,Camden,124946.87618629317
716,Kentucky,Shelby,221034.47223931138
1451,Tennessee,Overton,62185.098560001024
1555,Texas,Fisher,-50820.77583806584
161,Florida,Charlotte,-50819.23857634746
505,Illinois,Washington,69480.1614701067
1010,Missouri,Macon,105209.48098560373
1415,Tennessee,Grundy,-47324.039695387015
380,Idaho,Bingham,315681.9388675783
989,Missouri,Greene,198435.14662353531
1695,Texas,Sutton,11349.027662709124
1787,Virginia,Caroline,27423.88099940452
709,Kentucky,Powell,-3721.7121086901875
728,Kentucky,Whitley,-31470.366711238094
1496,Texas,Borden,389902.8254400935
1595,Texas,Hutchinson,44539.77873492811
1035,Missouri,Pulaski,-22900.506644866153
813,Michigan,Eaton,28651.94317887186
1016,Missouri,Miller,-4280.189912520533
473,Illinois,McDonough,-11893.80924972727
818,Michigan,Grand Traverse,441268.74825389474
1210,Ohio,Henry,-239423.13143111335
1723,Texas,Williamson,-44288.74542019892
802,Michigan,Branch,94796.91467406992
389,Idaho,Caribou,88808.10645043985
434,Illinois,Cumberland,51176.467447632895
654,Kentucky,Green,126463.6241178851
705,Kentucky,Owsley,-165351.55460760195
415,Idaho,Twin Falls,107522.02233505112
804,Michigan,Cass,-284951.2645891616
1651,Texas,Nacogdoches,-133679.83838043408
966,Missouri,Camden,-293801.7216505477
1689,Texas,Smith,-19002.822899109502
1063,Nevada,Douglas,19993.16770018541
1699,Texas,Terrell,6510.878641696676
492,Illinois,Rock Island,-14417.3259794667
144,Arkansas,Sebastian,30580.854360241137
6,Alabama,Butler,-280990.93956793356
1516,Texas,Cherokee,-7591.646336965932
340,Georgia,Seminole,97439.64034570193
628,Kentucky,Calloway,16857.82089673122
1817,Virginia,Isle of Wight,-14911.147266596778
302,Georgia,Laurens,564196.0183198121
1116,North Carolina,Guilford,154302.98151701613
1681,Texas,San Jacinto,243582.26562022988
247,Georgia,Clayton,-217017.41815648385
1045,Missouri,Scott,-21062.26992434933
788,Massachusetts,Norfolk,-11673.584652000141
365,Georgia,Washington,-286196.455742106
789,Massachusetts,Plymouth,-18102.141620270304
698,Kentucky,Morgan,-15894.766138534753
1792,Virginia,Clarke,-13155.855547482182
649,Kentucky,Gallatin,297046.78259327356
243,Georgia,Chattooga,-39185.06517404265
1655,Texas,Nueces,1168.9156422534961
1092,North Carolina,Carteret,-49881.91206650663
1120,North Carolina,Henderson,30354.222717359386
1869,Virginia,Wythe,-281562.6117895845
438,Illinois,Effingham,98955.76064069706
1764,Vermont,Essex,-7353.981917584895
1665,Texas,Potter,-288030.89116897405
1675,Texas,Robertson,403308.09755198495
447,Illinois,Hancock,-279366.47781326424
290,Georgia,Henry,61639.416447397336
1572,Texas,Guadalupe,-215604.5181089128
1800,Virginia,Fauquier,359090.73236416344
1601,Texas,Jefferson,74587.50358444826
195,Florida,Miami-Dade,-43741.39366779455
1331,Oklahoma,Stephens,-25462.2536489455
1657,Texas,Oldham,-22201.766190711827
1880,New Hampshire,Sullivan,-285983.11085486866
862,Michigan,Roscommon,46186.82813533659
1026,Missouri,Osage,-7515.324597947278
289,Georgia,Heard,-14067.537546162688
690,Kentucky,McCreary,-309862.57483994804
307,Georgia,Lowndes,379.78216152163805
1490,Texas,Bastrop,21833.74552436371
304,Georgia,Liberty,1508080.5684369155
1554,Texas,Fayette,36247.35574532501
990,Missouri,Grundy,-4893.206252193326
1749,Utah,Salt Lake,61739.80429654285
1169,North Carolina,Washington,918788.4454305612
1758,Utah,Washington,-476263.17510765773
1669,Texas,Reagan,207843.8189872569
1340,South Carolina,Abbeville,804106.9629477181
1513,Texas,Cass,-221202.80830585287
1879,New Hampshire,Strafford,291718.1925247273
863,Michigan,Saginaw,137941.6570955879
657,Kentucky,Hardin,387488.56955800805
1465,Tennessee,Stewart,-85250.55907056195
1074,Nevada,Storey,-36640.20524129073
1476,Tennessee,Weakley,210985.61809331834
69,Arizona,Graham,391222.96079877816
188,Florida,Leon,36822.06311791474
1068,Nevada,Lander,-224540.36142253602
980,Missouri,Dade,-13315.854969192787
1809,Virginia,Greene,103246.79745488298
893,Mississippi,Hancock,-41795.49096634096
1499,Texas,Brazoria,-16566.42491282213
1232,Ohio,Montgomery,30786.915104302912
133,Arkansas,Phillips,2325821.792342056
822,Michigan,Huron,13975.565088325257
1347,South Carolina,Berkeley,-34336.38521616184
841,Michigan,Manistee,212422.75836706944
1435,Tennessee,Lewis,51260.29661917375
920,Mississippi,Newton,370737.513993944
670,Kentucky,Knott,52198.95343047579
123,Arkansas,Madison,-121903.46303365288
177,Florida,Hendry,-28641.62137619797
430,Illinois,Clay,46238.987587710595
1118,North Carolina,Harnett,-19515.24117738507
122,Arkansas,Lonoke,1356992.3667676044
910,Mississippi,Lee,49839.84211786968
1441,Tennessee,Marshall,-21702.915870070276
1406,Tennessee,Dickson,145120.6810527803
4,Alabama,Blount,51071.600952228204
127,Arkansas,Monroe,23606.87426812293
535,Iowa,Clinton,-12533.74145689065
539,Iowa,Decatur,16461.308317702802
644,Kentucky,Fayette,-6633.6949202087935
421,Illinois,Boone,-287260.0189530793
1261,Ohio,Williams,106799.05030659496
379,Idaho,Benewah,-283013.61310606316
1149,North Carolina,Pitt,37967.15924907426
1767,Vermont,Orange,-1756.3154980594827
20,Alabama,Crenshaw,-54061.25563763274
141,Arkansas,Saline,537712.4153066357
212,Florida,Union,35258.08866880187
1676,Texas,Rockwall,15006.380021299956
1155,North Carolina,Rowan,-221648.88777180103
962,Missouri,Buchanan,-14587.4353888983
558,Iowa,Humboldt,-86954.57121767636
521,Iowa,Bremer,-16673.228443207146
672,Kentucky,LaRue,49142.21089749571
950,Mississippi,Yalobusha,102087.93227076606
923,Mississippi,Panola,325070.6210777891
1688,Texas,Sherman,-13054.95689334203
137,Arkansas,Pope,124764.5818990446
1315,Oklahoma,Nowata,277426.09845405235
1368,South Carolina,Lancaster,9484.360021677912
1262,Ohio,Wood,67570.04883198673
1216,Ohio,Jefferson,-6884.923444955042
89,Arkansas,Clark,-277367.9252525491
1762,Vermont,Bennington,-9546.752124881836
1318,Oklahoma,Okmulgee,16373.888419883167
1588,Texas,Hockley,-287305.8056064123
246,Georgia,Clay,109612.66641752663
593,Iowa,Scott,55872.44476685334
1771,Vermont,Windsor,76199.20923898
540,Iowa,Delaware,-3525.3231441587454
957,Missouri,Barton,-274251.8405522509
1873,New Hampshire,Cheshire,-32775.064603862316
185,Florida,Lafayette,-224557.64520210575
766,Louisiana,Pointe Coupee,255965.1694820834
43,Alabama,Madison,-8454.32158994345
894,Mississippi,Harrison,-34315.56612212324
96,Arkansas,Crawford,-10202.425883698059
1386,Tennessee,Anderson,652028.8577208777
839,Michigan,Mackinac,177541.55972371862
280,Georgia,Grady,-279103.62933558365
1439,Tennessee,Madison,149548.28638398607
892,Mississippi,Grenada,62547.314164407384
1535,Texas,Dallam,-11854.116240204245
1785,Virginia,Buckingham,4260.631080512327
549,Iowa,Greene,177893.9493769414
210,Florida,Suwannee,-81861.1188367604
1520,Texas,Coke,50029.75011923109
249,Georgia,Cobb,21571.926632747665
184,Florida,Jefferson,-291647.07894615014
339,Georgia,Screven,72371.70356932038
1065,Nevada,Esmeralda,-190260.70893922442
1872,New Hampshire,Carroll,323481.8020587805
64,Alabama,Winston,24272.68828893388
669,Kentucky,Kenton,44724.60178539121
1748,Utah,Rich,2213.706881352393
1015,Missouri,Mercer,26580.06409370262
917,Mississippi,Monroe,29259.583577773818
1716,Texas,Washington,300581.58194475283
1207,Ohio,Hancock,310652.3380342189
1832,Virginia,Nelson,-47474.31253601129
1141,North Carolina,Northampton,-213932.56229252252
865,Michigan,Schoolcraft,17954.55197254685
953,Missouri,Andrew,-5835.674300296918
1431,Tennessee,Knox,-290717.7459548289
165,Florida,Columbia,128673.45193121136
1043,Missouri,Schuyler,687028.1204658098
891,Mississippi,Greene,71407.6263140126
1061,Nevada,Churchill,-193152.15308329446
1279,Oklahoma,Comanche,-284651.6749598717
1364,South Carolina,Hampton,207014.16297218713
66,Arizona,Cochise,-16843.5661761465
387,Idaho,Camas,370149.1274322772
1241,Ohio,Pike,-5260.559857511931
162,Florida,Citrus,-13113.912534334697
418,Illinois,Adams,143328.07426031533
480,Illinois,Morgan,25654.53115158254
194,Florida,Martin,-3789.228611143168
192,Florida,Manatee,-31894.742797096005
748,Louisiana,East Feliciana,-12963.569554863723
1505,Texas,Burleson,114082.06890279986
329,Georgia,Pike,-5350.6462197309465
1624,Texas,Limestone,267596.5149316264
362,Georgia,Walton,13607.403002681647
1267,Oklahoma,Beaver,50949.191009459406
283,Georgia,Habersham,-8067.67660495195
697,Kentucky,Montgomery,7897.734979924781
999,Missouri,Jasper,388566.6779487169
847,Michigan,Missaukee,-291350.61616941774
384,Idaho,Bonneville,-290421.18493988435
954,Missouri,Atchison,30352.776990063987
823,Michigan,Ingham,-28256.771147212632
885,Mississippi,Coahoma,21762.354887905516
851,Michigan,Muskegon,151822.97189209086
1878,New Hampshire,Rockingham,-245838.9559072326
1416,Tennessee,Hamblen,88469.24670235075
1,Alabama,Baldwin,2816773.69514524
1802,Virginia,Fluvanna,520340.8031643408
807,Michigan,Chippewa,47628.63774351867
326,Georgia,Peach,33823.925908982696
637,Kentucky,Clinton,42453.71113651353
745,Louisiana,Concordia,-9427.25650728579
346,Georgia,Taliaferro,-5403.679581379325
281,Georgia,Greene,-23773.913787200552
1146,North Carolina,Pender,466718.3469596315
48,Alabama,Monroe,109613.89361618608
1402,Tennessee,Crockett,-2803.0690027283417
1714,Texas,Waller,-19248.0979803482
392,Idaho,Clearwater,328482.3251401895
523,Iowa,Buena Vista,-36329.331688775885
762,Louisiana,Natchitoches,-247212.1256832152
272,Georgia,Floyd,663518.9117340603
54,Alabama,Randolph,-5768.787410693156
673,Kentucky,Laurel,-271099.0756461068
1590,Texas,Hopkins,-218858.48714742847
1709,Texas,Uvalde,-39342.019996202594
309,Georgia,Macon,63777.52173544948
985,Missouri,Dunklin,3761.8194146243595
1478,Tennessee,Williamson,-5804.539532818983
1188,Ohio,Clermont,-20461.612308265703
232,Georgia,Bulloch,-284761.97424842103
1283,Oklahoma,Custer,-13153.280259196374
1030,Missouri,Pettis,-35454.90805810648
1281,Oklahoma,Craig,59073.1863443396
1603,Texas,Jim Wells,31666.75323014744
1608,Texas,Kendall,-3468.9773639099944
1790,Virginia,Charlotte,1439599.8474648136
1203,Ohio,Geauga,-11931.618937038962
1687,Texas,Shelby,-23056.151385396737
1614,Texas,Kinney,313330.6296720568
1173,North Carolina,Wilson,-295127.6565254576
1270,Oklahoma,Bryan,129014.1778032778
1574,Texas,Hall,-166678.2049006827
1201,Ohio,Fulton,182599.989330018
1628,Texas,Loving,-14706.761204366343
1746,Utah,Morgan,-1007.2054519007928
1636,Texas,Maverick,60575.65119224533
374,Georgia,Worth,-8926.211478073028
72,Arizona,Maricopa,-20553.774569222915
1633,Texas,Martin,145038.51201089204
931,Mississippi,Scott,51641.49144597295
1397,Tennessee,Chester,-283443.0311836449
403,Idaho,Lemhi,-25838.3575978321
1222,Ohio,Lorain,-1558.6087520988563
1287,Oklahoma,Garfield,246495.2081425551
638,Kentucky,Crittenden,122303.01480431145
598,Iowa,Taylor,112057.55123490526
311,Georgia,Marion,-7997.827306565452
1635,Texas,Matagorda,-1488.9297100451113
1404,Tennessee,Davidson,-27203.706943737852
597,Iowa,Tama,-290016.29358692083
533,Iowa,Clay,8179.02940054053
691,Kentucky,McLean,-18411.79979035093
653,Kentucky,Grayson,9494.611774519031
1341,South Carolina,Aiken,-26497.28626300128
1855,Virginia,Shenandoah,1208858.298913959
1757,Utah,Wasatch,-271157.1433130227
1725,Texas,Winkler,-26941.428317263748
688,Kentucky,Mason,64617.53943889546
664,Kentucky,Hopkins,-290834.73654493224
1170,North Carolina,Watauga,36789.57184638137
524,Iowa,Butler,1412498.9320122285
111,Arkansas,Independence,66439.07635510157
14,Alabama,Cleburne,-16598.985101364397
770,Louisiana,Sabine,10123.215751588563
1280,Oklahoma,Cotton,-13209.681535187516
429,Illinois,Clark,176017.96286711798
1782,Virginia,Botetourt,-21664.79125683791
711,Kentucky,Robertson,700643.2989383582
1556,Texas,Floyd,-291346.8814484582
337,Georgia,Rockdale,-6295.133637150082
1077,North Carolina,Alamance,293220.1509237098
257,Georgia,Dade,36223.56333079227
601,Iowa,Wapello,-19878.54924503765
1354,South Carolina,Colleton,50139.369841223124
101,Arkansas,Drew,-225112.49454553338
1348,South Carolina,Calhoun,-292659.7964418079
1336,Oklahoma,Washington,35229.783471438095
1038,Missouri,Randolph,157898.68006224657
496,Illinois,Scott,-5906.598610237385
765,Louisiana,Plaquemines,165493.5635307375
408,Idaho,Nez Perce,878497.8498473337
1713,Texas,Walker,-8620.265759472315
1108,North Carolina,Edgecombe,27401.69194809367
1788,Virginia,Carroll,31206.633732117625
772,Louisiana,Tensas,-219515.70216564258
694,Kentucky,Mercer,-285712.02163809096
741,Louisiana,Caldwell,597544.8604427135
1743,Utah,Juab,-290769.57636615133
488,Illinois,Pulaski,-19167.76733074525
731,Louisiana,Acadia,-17590.769947995315
812,Michigan,Dickinson,-12874.382787981343
1171,North Carolina,Wayne,-286334.94498962647
933,Mississippi,Simpson,-12332.461374961702
21,Alabama,Cullman,601229.0665812154
624,Kentucky,Breckinridge,-32691.83867584845
1430,Tennessee,Johnson,106561.31101697359
734,Louisiana,Assumption,449465.03015083633
467,Illinois,Macoupin,412594.6368134717
642,Kentucky,Elliott,97763.02930026612
1501,Texas,Brewster,51870.3373423975
880,Mississippi,Chickasaw,-9142.334669957687
924,Mississippi,Pearl River,-220875.03231786203
1455,Tennessee,Putnam,-58099.66066506947
23,Alabama,Dallas,33006.70943801533
816,Michigan,Gladwin,-290081.5342368934
499,Illinois,Stephenson,-65000.88825415027
1148,North Carolina,Person,-10877.209630021742
207,Florida,Sarasota,-41579.72092460144
1773,Virginia,Alleghany,-294213.11590190866
912,Mississippi,Lincoln,-174010.44130647802
74,Arizona,Navajo,34042.12016022044
726,Kentucky,Wayne,-37187.685613346424
1153,North Carolina,Robeson,-20670.070652034505
382,Idaho,Boise,128616.74518537044
1330,Oklahoma,Sequoyah,-17675.291871710753
163,Florida,Clay,56895.64275135378
735,Louisiana,Avoyelles,-11134.010898058397
775,Louisiana,Vermilion,-217264.3481508633
1789,Virginia,Charles City,-12968.367445807744
1050,Missouri,Sullivan,151814.96657645894
1175,North Carolina,Yancey,33559.82441497194
1791,Virginia,Chesterfield,-39756.72244786801
842,Michigan,Marquette,-2535.511682233757
51,Alabama,Perry,119118.64865000315
381,Idaho,Blaine,519216.6285551772
1284,Oklahoma,Delaware,153866.65879251788
1565,Texas,Glasscock,15262.009803788103
1698,Texas,Taylor,138896.10097255174
689,Kentucky,McCracken,105807.76144813858
564,Iowa,Johnson,611437.5706111961
22,Alabama,Dale,-288928.38871345035
370,Georgia,Whitfield,3263.528726773384
1290,Oklahoma,Grant,232150.7674547647
787,Massachusetts,Nantucket,111513.05574715839
1310,Oklahoma,McCurtain,-267744.18352348445
1048,Missouri,Stoddard,-4928.788212435138
87,Arkansas,Carroll,166628.40144526382
1841,Virginia,Patrick,23043.269613033775
1349,South Carolina,Charleston,147088.5822533671
424,Illinois,Calhoun,18174.512197737182
198,Florida,Okeechobee,4450.521442995832
1440,Tennessee,Marion,180067.3128261051
1076,Nevada,White Pine,5581.288533670253
1178,Ohio,Ashland,-17539.84370064017
1396,Tennessee,Cheatham,-11782.959844620484
173,Florida,Glades,88776.51197640221
181,Florida,Holmes,67280.03671990443
470,Illinois,Marshall,-5809.930080044914
1376,South Carolina,Oconee,264289.72865816706
685,Kentucky,Marion,233967.63096940855
693,Kentucky,Menifee,-12371.264677985086
1323,Oklahoma,Pittsburg,-288089.16708869586
799,Michigan,Bay,-11330.326649182773
1642,Texas,Midland,-25936.09932746098
528,Iowa,Cedar,-38919.721451343605
455,Illinois,Jersey,-290666.6556661936
53,Alabama,Pike,1241480.6780646807
1700,Texas,Terry,-449.76959772509963
764,Louisiana,Ouachita,-1602.7399964392807
219,Georgia,Bacon,100120.41255322026
154,Florida,Alachua,-281116.97639317997
420,Illinois,Bond,16511.41957926063
1829,Virginia,Mecklenburg,-267905.24823715456
1827,Virginia,Madison,94431.15207084666
546,Iowa,Floyd,21711.44673012879
897,Mississippi,Humphreys,53480.400415092154
458,Illinois,Kankakee,1758512.1464119279
1062,Nevada,Clark,98580.96778215659
936,Mississippi,Sunflower,55120.77290206669
295,Georgia,Jeff Davis,134851.36636514933
889,Mississippi,Franklin,9124.959297642234
1707,Texas,Upshur,-7811.058529772941
1245,Ohio,Richland,89873.00030468119
1445,Tennessee,Meigs,-39660.42871275683
419,Illinois,Alexander,376007.0180676733
1410,Tennessee,Franklin,418728.02243133535
580,Iowa,Monroe,-11572.707178837434
1637,Texas,McCulloch,67761.82916205253
835,Michigan,Leelanau,-31153.07675509122
763,Louisiana,Orleans,20239.545999696176
1420,Tennessee,Hardin,-17415.01344457135
482,Illinois,Ogle,-28300.284114240916
1104,North Carolina,Davidson,-195506.7471758541
1131,North Carolina,Macon,30847.52247883568
578,Iowa,Mitchell,-4193.852037774237
791,Michigan,Alcona,170119.4008699022
275,Georgia,Fulton,-278185.7256469474
666,Kentucky,Jefferson,-18726.437934564787
1842,Virginia,Pittsylvania,507567.5629654618
506,Illinois,Wayne,1653650.128323841
713,Kentucky,Rowan,-31344.969839832273
1122,North Carolina,Hoke,-27558.68510855541
720,Kentucky,Todd,31795.009532161872
821,Michigan,Houghton,52681.49308167178
609,Iowa,Worth,54765.85488710446
445,Illinois,Grundy,-25683.403276938916
17,Alabama,Conecuh,14743.582940340028
1784,Virginia,Buchanan,162.578473118514
1545,Texas,Duval,148506.93012771948
1056,Missouri,Wayne,-225646.16327159904
1566,Texas,Goliad,-23006.643620972492
547,Iowa,Franklin,28455.724430448638
1105,North Carolina,Davie,13286.50221668693
1162,North Carolina,Swain,49069.6746378648
1629,Texas,Lubbock,-1487.381253798646
1021,Missouri,Morgan,34382.393402353686
652,Kentucky,Graves,14703.052092131875
407,Idaho,Minidoka,7003.526114537841
1517,Texas,Childress,31616.598962364835
1619,Texas,Lampasas,-191573.8407879933
1597,Texas,Jack,-31835.8757862939
1508,Texas,Calhoun,-52294.88469368901
860,Michigan,Ottawa,335233.9788599061
1452,Tennessee,Perry,-17706.20829575977
130,Arkansas,Newton,-220117.7539940242
1751,Utah,Sanpete,-188168.19157681332
965,Missouri,Callaway,-9171.428207655516
328,Georgia,Pierce,-220895.4722001729
1674,Texas,Roberts,11282.140590723291
291,Georgia,Houston,-197550.14263388223
412,Idaho,Power,-34180.0008205207
372,Georgia,Wilkes,-227944.29218665056
71,Arizona,La Paz,143375.24421968957
1154,North Carolina,Rockingham,-35926.23642652851
932,Mississippi,Sharkey,-212671.93902657356
1288,Oklahoma,Garvin,-243193.82983233692
5,Alabama,Bullock,-29111.64926931489
1779,Virginia,Bath,1855677.8706361717
456,Illinois,Johnson,-237395.32545218192
1115,North Carolina,Greene,17977.790761933553
200,Florida,Osceola,2923.861794066921
599,Iowa,Union,30287.71813545066
1776,Virginia,Appomattox,6811.062159847195
478,Illinois,Monroe,345539.8280095041
8,Alabama,Chambers,-263203.8000850936
1772,Virginia,Albemarle,-220011.00255451485
235,Georgia,Calhoun,-9017.569683658321
1388,Tennessee,Benton,556665.5504798191
450,Illinois,Henry,-13133.312884537958
1672,Texas,Reeves,144968.4323313987
55,Alabama,Russell,-15338.09996330368
773,Louisiana,Terrebonne,-3192.903396452021
899,Mississippi,Itawamba,55857.02745503251
757,Louisiana,Lafourche,103404.33256174761
871,Michigan,Wexford,-9296.410360814136
1408,Tennessee,Fayette,1817.1978087921034
143,Arkansas,Searcy,113380.53025286252
536,Iowa,Crawford,65380.2842077975
129,Arkansas,Nevada,236425.56453228125
226,Georgia,Berrien,595058.4185116822
1750,Utah,San Juan,-10920.083263751425
1107,North Carolina,Durham,182918.73648023038
1720,Texas,Wichita,-287889.44944656594
1314,Oklahoma,Noble,-24648.717520738413
442,Illinois,Fulton,-5083.0870084479275
574,Iowa,Mahaska,75832.99900447296
739,Louisiana,Caddo,851.2910589399708
1240,Ohio,Pickaway,-14016.686260316263
984,Missouri,Douglas,-15241.063947103296
543,Iowa,Dubuque,-265015.5817384167
1356,South Carolina,Dillon,8434.970749000733
1663,Texas,Pecos,-12911.049826910157
1473,Tennessee,Warren,-9335.67891137522
1181,Ohio,Auglaize,57711.69795972941
118,Arkansas,Lee,511595.5806672763
1212,Ohio,Hocking,133465.37119809384
846,Michigan,Midland,-13462.582932775636
261,Georgia,Dooly,463515.0372710136
1009,Missouri,Livingston,-286106.7888846884
30,Alabama,Greene,5854.615742720027
837,Michigan,Livingston,18854.260272051335
386,Idaho,Butte,-214828.29925211117
81,Arkansas,Ashley,237577.00913906208
169,Florida,Flagler,143507.41107880403
199,Florida,Orange,156249.3728588513
1580,Texas,Harrison,-13032.359372713234
1804,Virginia,Frederick,-187947.31541970198
1333,Oklahoma,Tillman,1445912.435847946
1479,Tennessee,Wilson,-28927.54760899619
1422,Tennessee,Haywood,-282780.7400768514
1258,Ohio,Warren,-284091.75254676596
1861,Virginia,Surry,-208999.10045364732
166,Florida,Dixie,354978.54074012174
792,Michigan,Alger,-7108.156281211501
19,Alabama,Covington,146472.09666694593
783,Massachusetts,Barnstable,-246525.98271591633
563,Iowa,Jefferson,369810.57293723995
1302,Oklahoma,Latimer,-55340.897165534974
93,Arkansas,Columbia,-8060.077722419616
1447,Tennessee,Montgomery,-17702.65756783649
107,Arkansas,Greene,-3347.4777382593047
702,Kentucky,Ohio,-39750.885815325135
907,Mississippi,Lauderdale,-6858.030734343892
725,Kentucky,Washington,535337.2068999594
333,Georgia,Quitman,-19311.545451204845
1218,Ohio,Lake,-232759.07115445356
1400,Tennessee,Cocke,310317.72059837676
1073,Nevada,Pershing,279671.1194390545
639,Kentucky,Cumberland,14454.833263644017
1747,Utah,Piute,37742.03599258309
727,Kentucky,Webster,-269283.95406720304
1530,Texas,Cottle,6999.423529919641
1831,Virginia,Montgomery,256784.23770612403
746,Louisiana,East Baton Rouge,115142.20258255751
375,Idaho,Ada,-238171.3688707555
501,Illinois,Union,-15694.06904811039
983,Missouri,Dent,144419.07812033943
619,Kentucky,Bourbon,14135.343079409493
572,Iowa,Lyon,-291433.6836008448
1166,North Carolina,Vance,47699.853164746135
1559,Texas,Franklin,114555.31304403284
1377,South Carolina,Orangeburg,-10972.883864392843
1254,Ohio,Tuscarawas,620188.6639820195
1528,Texas,Cooke,21850.055855654275
1243,Ohio,Preble,-301329.8922012149
915,Mississippi,Marion,-1933650.6601567687
1734,Utah,Cache,-284229.89639445767
565,Iowa,Jones,46408.04017635987
190,Florida,Liberty,28615.491835739173
1693,Texas,Sterling,31190.759560709776
592,Iowa,Sac,-76090.14323155428
576,Iowa,Marshall,-734.9300156608306
1382,South Carolina,Sumter,-16162.866294851243
1570,Texas,Gregg,159220.49544772686
1244,Ohio,Putnam,60887.48183186289
156,Florida,Bay,151090.6210580024
1231,Ohio,Monroe,8150.705644750446
233,Georgia,Burke,-25260.819832513775
796,Michigan,Arenac,552729.5814989696
279,Georgia,Gordon,6419.740172451795
679,Kentucky,Lincoln,302222.8089578145
13,Alabama,Clay,133285.3397325381
314,Georgia,Meriwether,383071.5404251584
754,Louisiana,Jackson,-267836.40144099167
157,Florida,Bradford,2339.2894305972723
1423,Tennessee,Henderson,-231915.18177315703
1070,Nevada,Lyon,273059.32816386246
1103,North Carolina,Dare,193433.72954803848
752,Louisiana,Iberia,124373.17493877406
484,Illinois,Perry,36052.80923406301
820,Michigan,Hillsdale,16329.797359192191
631,Kentucky,Carroll,42363.63531066813
1411,Tennessee,Gibson,37050.491138832185
1458,Tennessee,Robertson,-15606.626364770831
507,Illinois,White,278362.69913361745
1448,Tennessee,Moore,-282089.6606453716
908,Mississippi,Lawrence,274649.58913584857
1286,Oklahoma,Ellis,16317.654619309045
41,Alabama,Lowndes,-247861.11186841776
1039,Missouri,Ray,31474.143470145696
1236,Ohio,Noble,-3731.6439142663203
349,Georgia,Telfair,-10445.968879432563
520,Iowa,Boone,-20044.338468549977
245,Georgia,Clarke,73198.4386880767
1075,Nevada,Washoe,399.2970950364743
1215,Ohio,Jackson,9386.411879478772
585,Iowa,Palo Alto,156016.70249508487
651,Kentucky,Grant,123738.45801653113
1204,Ohio,Greene,232630.64448338636
151,Arkansas,White,937031.2763178475
59,Alabama,Tallapoosa,132195.64286223822
1089,North Carolina,Cabarrus,397454.5821523438
1078,North Carolina,Alexander,-2931.556415973492
1824,Virginia,Loudoun,582385.0260739559
324,Georgia,Oglethorpe,-289841.56581419345
1438,Tennessee,Macon,-21479.286289180793
1729,Texas,Young,-244863.01877698337
1097,North Carolina,Chowan,-36213.94527590261
868,Michigan,Van Buren,4398.123594598563
1770,Vermont,Windham,-286089.65731019754
1393,Tennessee,Cannon,1351.7146535311713
682,Kentucky,Lyon,1008907.4507844548
605,Iowa,Webster,32146.668102587224
777,Louisiana,Washington,835897.3251132811
347,Georgia,Tattnall,-214073.5372706173
896,Mississippi,Holmes,212497.09730241168
945,Mississippi,Washington,-17324.542242496704
239,Georgia,Catoosa,-10531.071210281349
1735,Utah,Carbon,83633.88622668535
1298,Oklahoma,Johnston,-25797.645384288946
744,Louisiana,Claiborne,-34511.390762240146
68,Arizona,Gila,105983.2109227974
833,Michigan,Lake,114464.08632610386
441,Illinois,Franklin,-2494.162551141215
1591,Texas,Houston,-26946.521786074296
109,Arkansas,Hot Spring,-216686.66262525966
1321,Oklahoma,Pawnee,-35695.07600173186
1213,Ohio,Holmes,54870.239225594814
242,Georgia,Chattahoochee,4436589.125325255
532,Iowa,Clarke,185166.06907149265
1379,South Carolina,Richland,-259339.68153252619
147,Arkansas,Stone,10275.155354313514
525,Iowa,Calhoun,48562.45456195663
551,Iowa,Guthrie,122216.11566759084
1058,Missouri,Worth,-284270.85854499263
1738,Utah,Duchesne,96059.32203687218
259,Georgia,Decatur,-9568.378065119297
970,Missouri,Cass,19704.606176049216
869,Michigan,Washtenaw,722085.5985542986
1263,Ohio,Wyandot,158758.0397536311
1297,Oklahoma,Jefferson,-34299.68630012381
911,Mississippi,Leflore,-27498.772375521534
1813,Virginia,Hanover,-678.9100822404598
1172,North Carolina,Wilkes,-187848.5453287278
322,Georgia,Newton,269785.49400963413
1053,Missouri,Vernon,2571.531896147596
1040,Missouri,Reynolds,114745.15806085123
1578,Texas,Hardin,-300740.31766879826
1606,Texas,Karnes,41503.11643995053
618,Kentucky,Boone,-28439.00932530377
88,Arkansas,Chicot,-84738.81819515169
466,Illinois,Macon,42819.678278869535
474,Illinois,McHenry,42835.118271263374
113,Arkansas,Jackson,74314.30768544521
94,Arkansas,Conway,24764.354629696085
577,Iowa,Mills,434989.7894085668
1712,Texas,Victoria,477821.19227487675
687,Kentucky,Martin,-7935.77000051815
659,Kentucky,Harrison,-202922.37751826493
82,Arkansas,Baxter,-18839.396007753123
815,Michigan,Genesee,-13750.221170404739
167,Florida,Duval,37.706928384590356
740,Louisiana,Calcasieu,496083.95611825975
1706,Texas,Tyler,-35413.90140331203
1649,Texas,Morris,-20412.944094097522
1724,Texas,Wilson,71495.01511414452
108,Arkansas,Hempstead,-38222.770218968464
1359,South Carolina,Fairfield,-312250.502213448
959,Missouri,Benton,-251431.20976637022
1217,Ohio,Knox,1293122.1447734432
1064,Nevada,Elko,23940.900566953493
234,Georgia,Butts,-5179.337699000778
134,Arkansas,Pike,-38584.17881342003
867,Michigan,Tuscola,-30322.38529106427
981,Missouri,Dallas,3715.0343116723725
1185,Ohio,Carroll,75942.40089192578
1028,Missouri,Pemiscot,299909.0109360758
996,Missouri,Howell,7701.899136438895
345,Georgia,Talbot,-278076.2665866607
1177,Ohio,Allen,180455.27800464578
498,Illinois,Stark,39060.25693200415
288,Georgia,Hart,-23056.531465571818
1409,Tennessee,Fentress,116822.96637131304
753,Louisiana,Iberville,-23825.460746619236
1004,Missouri,Lafayette,-182776.9424328764
1461,Tennessee,Sequatchie,-33228.72208990257
47,Alabama,Mobile,-206101.75644347095
519,Iowa,Black Hawk,-1695.5296789212953
1183,Ohio,Brown,-5283.0041454240445
1425,Tennessee,Hickman,67309.94512898152
655,Kentucky,Greenup,-40851.21432350271
1546,Texas,Eastland,-282415.8303790632
838,Michigan,Luce,36762.92040999851
1224,Ohio,Madison,691087.7697269721
70,Arizona,Greenlee,-27731.64523500661
1338,Oklahoma,Woods,-8819.497846929067
1190,Ohio,Columbiana,-3126.8642937629647
1186,Ohio,Champaign,-18613.588410761942
178,Florida,Hernando,398326.92856550816
986,Missouri,Franklin,21647.788055343666
1518,Texas,Clay,7233.5780750690765
1481,Texas,Andrews,37295.940971504504
526,Iowa,Carroll,-702.3946527919743
1581,Texas,Hartley,-14539.263191794753
956,Missouri,Barry,-283420.2360844326
352,Georgia,Tift,134652.95117182366
1685,Texas,Scurry,-107062.47117076645
1845,Virginia,Prince George,991687.8740233893
1160,North Carolina,Stokes,626197.4191038893
1876,New Hampshire,Hillsborough,-308142.5246224178
1568,Texas,Gray,64971.23929437163
1259,Ohio,Washington,473795.19891150837
1025,Missouri,Oregon,-15977.401427035318
1433,Tennessee,Lauderdale,41881.77599855037
171,Florida,Gadsden,152637.93140327377
758,Louisiana,Lincoln,343666.1243672895
786,Massachusetts,Hampden,-286830.7011748526
164,Florida,Collier,-10016.868108687842
236,Georgia,Camden,100986.5656247182
1029,Missouri,Perry,-26327.334712621123
1234,Ohio,Morrow,-201495.1268630116
16,Alabama,Colbert,-25279.006278966324
1854,Virginia,Scott,-217155.73779673642
918,Mississippi,Montgomery,-7097.309340124975
1264,Oklahoma,Adair,345747.09117310797
357,Georgia,Turner,103951.61053134943
1615,Texas,Kleberg,-24732.768018199815
284,Georgia,Hall,2204.851339093054
729,Kentucky,Wolfe,-241682.58791269758
1654,Texas,Nolan,189801.92602697772
742,Louisiana,Cameron,362157.41042598535
643,Kentucky,Estill,43806.43143730971
364,Georgia,Warren,-288276.2835541152
925,Mississippi,Perry,-279586.25797801086
707,Kentucky,Perry,-23620.799317936137
1514,Texas,Castro,-284721.58975305915
342,Georgia,Stephens,-248610.91850573747
1850,Virginia,Roanoke,38553.9868915926
1427,Tennessee,Humphreys,-18460.422486004984
607,Iowa,Winneshiek,-32050.52972403136
78,Arizona,Yavapai,1007663.7157080856
756,Louisiana,Lafayette,-43559.1137689053
1658,Texas,Orange,-211808.9477625838
779,Louisiana,West Baton Rouge,-283143.4084827863
1312,Oklahoma,Murray,-14064.82674947627
640,Kentucky,Daviess,363507.74390188826
755,Louisiana,Jefferson,-19574.042302900252
1247,Ohio,Sandusky,-186421.86509308388
1536,Texas,Dallas,135719.51211732574
1660,Texas,Panola,-19078.71209974472
1557,Texas,Foard,-5786.95557282212
1852,Virginia,Rockingham,21965.62210858099
595,Iowa,Sioux,-1591896.166086733
61,Alabama,Walker,107089.67883970164
1005,Missouri,Lawrence,-10220.748155472666
1322,Oklahoma,Payne,-194132.43739701508
1260,Ohio,Wayne,-147861.06882556592
1569,Texas,Grayson,-33969.38794984116
671,Kentucky,Knox,129860.37640475563
1477,Tennessee,White,234292.97205128695
1054,Missouri,Warren,-119.7017951341013
939,Mississippi,Tippah,-26976.776381789183
1195,Ohio,Defiance,438954.4912274788
1437,Tennessee,Loudon,-29168.654259021598
1342,South Carolina,Allendale,147687.96303696843
1391,Tennessee,Bradley,69495.56888268367
1464,Tennessee,Smith,492.9215094319934
1794,Virginia,Culpeper,913460.4137465616
634,Kentucky,Christian,-7442.673701198847
323,Georgia,Oconee,132000.00658423448
131,Arkansas,Ouachita,-13372.567088149088
1644,Texas,Mills,-10070.873710849995
331,Georgia,Pulaski,-4724.886585383245
814,Michigan,Emmet,80912.78957041111
712,Kentucky,Rockcastle,44663.79497561632
1293,Oklahoma,Harper,90564.29389649574
1369,South Carolina,Laurens,38343.31959150596
344,Georgia,Sumter,-284855.96286053857
1307,Oklahoma,Marshall,-153832.46696950626
1355,South Carolina,Darlington,254.71998647367218
1682,Texas,San Patricio,-11813.642808325567
717,Kentucky,Simpson,15453.693934460598
401,Idaho,Kootenai,-29728.204248812068
771,Louisiana,Tangipahoa,-259540.28341155665
1740,Utah,Garfield,-182101.1896826318
1308,Oklahoma,Mayes,-281841.3764323453
485,Illinois,Piatt,-207456.08544754918
73,Arizona,Mohave,69040.29749618846
1138,North Carolina,Moore,676428.9488494098
1112,North Carolina,Gates,-18005.345366002402
1647,Texas,Montgomery,-23821.823098859215
850,Michigan,Montmorency,205171.4452035348
675,Kentucky,Lee,637092.3014586802
826,Michigan,Iron,-23551.178253940543
1777,Virginia,Arlington,268153.31977286557
348,Georgia,Taylor,145109.15190471982
1875,New Hampshire,Grafton,-281935.08829518704
31,Alabama,Hale,-32439.612608058073
974,Missouri,Clark,-8480.268185597117
610,Iowa,Wright,200160.20986802896
1622,Texas,Leon,82946.2970494771
1843,Virginia,Powhatan,101845.2341007308
1721,Texas,Wilbarger,26172.41915694333
1095,North Carolina,Chatham,-10694.053530655092
1174,North Carolina,Yadkin,4671.633434136769
1835,Virginia,Norfolk,97310.37663480188
385,Idaho,Boundary,179973.33344265594
1847,Virginia,Pulaski,304429.56524206593
1731,Texas,Zavala,-29972.224175283987
1592,Texas,Howard,16104.007769853992
1208,Ohio,Hardin,-281654.2305646396
355,Georgia,Treutlen,-37354.536618916216
1814,Virginia,Henrico,11383.790913807574
471,Illinois,Mason,176232.78845741396
1652,Texas,Navarro,2067727.7981327903
1653,Texas,Newton,-13624.244848024675
730,Kentucky,Woodford,90463.5817811031
1575,Texas,Hamilton,636072.0406782902
1014,Missouri,McDonald,333744.3062789516
1049,Missouri,Stone,-283492.1037765616
1816,Virginia,Highland,-21603.915446237606
267,Georgia,Elbert,977189.001230918
1168,North Carolina,Warren,1403971.71839637
410,Idaho,Owyhee,-5134.996144177083
308,Georgia,Lumpkin,57535.20312325716
1550,Texas,El Paso,-221781.58173850318
1874,New Hampshire,Coos,1625096.7605318185
1024,Missouri,Nodaway,292143.18107750383
269,Georgia,Evans,-32731.27742012758
1273,Oklahoma,Carter,98203.32142466061
237,Georgia,Candler,-26533.683957437417
152,Arkansas,Woodruff,-259864.92722156976
49,Alabama,Montgomery,56188.58541826358
462,Illinois,Lawrence,-281290.9204975773
1768,Vermont,Rutland,56735.58871445119
299,Georgia,Jones,756009.4132302135
1414,Tennessee,Greene,42362.088822768215
1206,Ohio,Hamilton,164482.3825982932
1428,Tennessee,Jackson,-129073.61128706357
1583,Texas,Hays,-243235.9142142431
1684,Texas,Schleicher,49883.69931888636
1446,Tennessee,Monroe,59163.80308711034
1671,Texas,Red River,34940.67674091041
206,Florida,Santa Rosa,103594.38024512795
541,Iowa,Des Moines,28575.589699630025
268,Georgia,Emanuel,137323.41726283068
1383,South Carolina,Union,-280516.76420156955
1013,Missouri,Marion,1378.9413428067865
1274,Oklahoma,Cherokee,-16515.91095729933
160,Florida,Calhoun,6664.289998305709
25,Alabama,Escambia,-216421.37929430482
1662,Texas,Parmer,-29378.595121391718
244,Georgia,Cherokee,-20302.296714444976
1401,Tennessee,Coffee,14946.860453000627
98,Arkansas,Cross,95615.90225997279
733,Louisiana,Ascension,24844.791618024545
681,Kentucky,Logan,-30101.206710362927
155,Florida,Baker,272289.67000142025
1296,Oklahoma,Jackson,103821.25333047067
252,Georgia,Columbia,407344.0273760433
1436,Tennessee,Lincoln,-26359.53361961012
1450,Tennessee,Obion,-37855.59673379238
778,Louisiana,Webster,33232.405020256745
849,Michigan,Montcalm,60516.72617367154
1457,Tennessee,Roane,2888.130438371878
703,Kentucky,Oldham,-31606.18494395696
1429,Tennessee,Jefferson,-5538.805848609778
1156,North Carolina,Rutherford,-285360.1117473455
427,Illinois,Champaign,-16052.21306656812
1327,Oklahoma,Roger Mills,-25355.001781949355
1679,Texas,Sabine,15909.660066919401
602,Iowa,Warren,-5588.110665228126
1238,Ohio,Paulding,-40175.168432523715
1820,Virginia,King George,-23499.83610028461
1838,Virginia,Nottoway,-285341.4427740433
1612,Texas,Kimble,123013.29236441987
1839,Virginia,Orange,-36037.033671583114
1248,Ohio,Scioto,248377.18369806078
336,Georgia,Richmond,76541.93702351724
1506,Texas,Burnet,-20482.30898207367
457,Illinois,Kane,18080.180951817645
464,Illinois,Livingston,54670.437029187015
1303,Oklahoma,Lincoln,-11945.593891738046
45,Alabama,Marion,7295.993904683297
582,Iowa,Muscatine,-140936.8896422724
297,Georgia,Jenkins,-234764.16926329947
1082,North Carolina,Avery,-23803.494439313155
300,Georgia,Lamar,-12483.663132128917
749,Louisiana,Evangeline,-16840.521382677056
1497,Texas,Bosque,-305582.0033301572
286,Georgia,Haralson,-15823.7027395682
958,Missouri,Bates,-299847.13873468415
1363,South Carolina,Greenwood,37571.459199044126
661,Kentucky,Henderson,-6699.495066351039
662,Kentucky,Henry,-4877.900308947967
1246,Ohio,Ross,96428.29604611307
376,Idaho,Adams,968757.4504996227
1366,South Carolina,Jasper,57345.34178486145
1205,Ohio,Guernsey,70608.08652425029
858,Michigan,Oscoda,79420.23190211366
1413,Tennessee,Grainger,-29806.050094329043
494,Illinois,Sangamon,35508.86441151718
1124,North Carolina,Iredell,127625.59219184687
884,Mississippi,Clay,873.4402026402349
1135,North Carolina,Mecklenburg,88037.90881197326
1020,Missouri,Montgomery,-4507.285257719692
0,Alabama,Autauga,-242347.52778692837
1807,Virginia,Goochland,-2832.527888887047
1856,Virginia,Smyth,-295430.1405953781
1786,Virginia,Campbell,-294843.3305628154
604,Iowa,Wayne,-216631.6941665151
1489,Texas,Bandera,7519.710789757315
220,Georgia,Baker,-30798.706045085277
148,Arkansas,Union,507387.3095488786
1526,Texas,Comanche,325918.1284652545
1664,Texas,Polk,-288673.2580715749
1694,Texas,Stonewall,123458.03041815426
1345,South Carolina,Barnwell,2180481.336987031
116,Arkansas,Lafayette,-21692.789466142724
433,Illinois,Crawford,-288008.0473146717
1717,Texas,Webb,7999.447539831872
18,Alabama,Coosa,153105.75541315626
15,Alabama,Coffee,12959.529735022017
1696,Texas,Swisher,46732.77091300469
52,Alabama,Pickens,-274325.58177904534
1007,Missouri,Lincoln,212821.9788408732
743,Louisiana,Catahoula,463535.83655602986
951,Mississippi,Yazoo,-126138.42544053559
301,Georgia,Lanier,-17247.927895828525
1132,North Carolina,Madison,-253501.88564287545
316,Georgia,Mitchell,-226529.41921552818
629,Kentucky,Campbell,57229.57460307508
1769,Vermont,Washington,1297267.9004248655
1127,North Carolina,Jones,-9314.336473546042
204,Florida,Polk,79826.37879469909
278,Georgia,Glynn,-267596.42355427705
399,Idaho,Jefferson,-287780.69301018666
172,Florida,Gilchrist,-34038.04064277031
683,Kentucky,Madison,-18001.529666971262
1066,Nevada,Eureka,-37371.49594081852
1626,Texas,Live Oak,-291161.9422694696
1456,Tennessee,Rhea,251197.17134504364
1012,Missouri,Maries,-17749.012608584202
719,Kentucky,Taylor,-32356.887416220907
1432,Tennessee,Lake,4907.360842867282
976,Missouri,Clinton,-25431.175717261925
117,Arkansas,Lawrence,-24609.58388920338
1753,Utah,Summit,-6152.586193388277
836,Michigan,Lenawee,-20428.353209657056
1823,Virginia,Lee,1982535.5951456798
371,Georgia,Wilcox,46124.438059944514
1424,Tennessee,Henry,-285171.1023274106
63,Alabama,Wilcox,56933.2096024558
1002,Missouri,Knox,2696.920882385215
1313,Oklahoma,Muskogee,23606.02693510577
579,Iowa,Monona,-23226.22769506181
1796,Virginia,Dickenson,-39043.475860495375
1604,Texas,Johnson,45074.87080228426
888,Mississippi,Forrest,-912.8326784718938
1167,North Carolina,Wake,90314.29682951793
1151,North Carolina,Randolph,188101.68878424837
1291,Oklahoma,Greer,74061.44234975852
797,Michigan,Baraga,-227082.85308427084
479,Illinois,Montgomery,-22587.60475656629
1498,Texas,Bowie,-28546.870348271645
898,Mississippi,Issaquena,-10022.772521205023
46,Alabama,Marshall,-287402.16811598575
1067,Nevada,Humboldt,-290221.077216884
1130,North Carolina,Lincoln,-8703.435569919657
102,Arkansas,Faulkner,117496.8043618513
1475,Tennessee,Wayne,7161.034443255055
444,Illinois,Greene,121.96088460791816
142,Arkansas,Scott,-38979.745238131436
84,Arkansas,Boone,-288543.372512433
1193,Ohio,Cuyahoga,-12250.468386478133
1332,Oklahoma,Texas,2454.9323109899497
1780,Virginia,Bedford,-11241.06168726438
522,Iowa,Buchanan,-8074.84183819405
943,Mississippi,Walthall,172250.87436764548
1834,Virginia,Newport News,168982.56940873654
436,Illinois,Edgar,1187463.5275137622
189,Florida,Levy,-832.5775700868453
332,Georgia,Putnam,-262800.63031019166
737,Louisiana,Bienville,-28907.19701214471
1017,Missouri,Mississippi,-9621.724499445747
216,Florida,Washington,8808.192641689446
1211,Ohio,Highland,-301372.5300620048
861,Michigan,Presque Isle,-35702.93643528469
1371,South Carolina,Lexington,67851.12097443671
1562,Texas,Gaines,-19816.081573691838
1837,Virginia,Northumberland,205667.8665134948
1849,Virginia,Richmond,-201539.25298865186
265,Georgia,Echols,-17021.966844598315
864,Michigan,Sanilac,-51707.780421044896
695,Kentucky,Metcalfe,191171.48565516365
452,Illinois,Jackson,-21043.54884388842
34,Alabama,Jackson,-190247.3070886052
463,Illinois,Lee,-33074.473154071784
991,Missouri,Harrison,23725.9875555662
341,Georgia,Spalding,-8256.240897629143
967,Missouri,Cape Girardeau,273671.2634798789
176,Florida,Hardee,-4354.4478327788
795,Michigan,Antrim,-260214.2888180982
947,Mississippi,Webster,-31275.019411620444
1793,Virginia,Craig,42113.11090413943
513,Iowa,Adair,-29344.153395488243
1512,Texas,Carson,-20982.04511666652
701,Kentucky,Nicholas,177328.57302801847
881,Mississippi,Choctaw,-111653.71282322428
1558,Texas,Fort Bend,-33771.19666487899
327,Georgia,Pickens,39832.38896712671
91,Arkansas,Cleburne,-13835.331822794746
276,Georgia,Gilmer,-31097.30655425928
968,Missouri,Carroll,-20895.17546494104
568,Iowa,Lee,103705.31816754265
828,Michigan,Jackson,57364.825595953385
454,Illinois,Jefferson,-271198.7552207854
590,Iowa,Poweshiek,-17608.74315803365
1226,Ohio,Marion,48634.71222889253
425,Illinois,Carroll,-12511.628251089236
905,Mississippi,Lafayette,-282247.6775729322
1494,Texas,Bexar,52314.39395084522
1180,Ohio,Athens,-18839.744818866548
969,Missouri,Carter,1843.0645669065298
751,Louisiana,Grant,-50981.90777007989
972,Missouri,Chariton,-11325.516723818837
987,Missouri,Gasconade,-275078.3324535696
132,Arkansas,Perry,-25207.846644223173
1192,Ohio,Crawford,1293.8195102999753
1860,Virginia,Suffolk,152561.47323245325
1756,Utah,Utah,-32108.813814246172
887,Mississippi,Covington,-30875.072207241803
1529,Texas,Coryell,1945597.9105359784
615,Kentucky,Barren,594102.5193693044
1375,South Carolina,Newberry,139141.73132579384
1311,Oklahoma,McIntosh,123425.70176058538
354,Georgia,Towns,-187168.15088675995
1194,Ohio,Darke,1459450.1658977806
1673,Texas,Refugio,19704.173801831315
1828,Virginia,Mathews,-24377.865171988742
1022,Missouri,New Madrid,640403.2599088643
274,Georgia,Franklin,-125987.81794721508
548,Iowa,Fremont,217741.4451462243
1472,Tennessee,Van Buren,58146.45447699907
1659,Texas,Palo Pinto,21323.569902107687
258,Georgia,Dawson,-7539.907184318616
221,Georgia,Baldwin,-126477.81626471819
781,Louisiana,West Feliciana,-290411.3908926793
1705,Texas,Trinity,-31712.293969715232
1266,Oklahoma,Atoka,38161.17155880548
1027,Missouri,Ozark,55211.87048627341
1182,Ohio,Belmont,-27905.532950994428
1661,Texas,Parker,77229.17819978565
903,Mississippi,Jones,-3948.1947182959957
495,Illinois,Schuyler,3897.389074627401
977,Missouri,Cole,-12845.666681451294
544,Iowa,Emmet,-16458.72515545442
699,Kentucky,Muhlenberg,88052.48405152638
1071,Nevada,Mineral,271026.61760751746
1328,Oklahoma,Rogers,-26766.03300043107
1468,Tennessee,Tipton,441612.9058291997
1037,Missouri,Ralls,144591.18425877416
1778,Virginia,Augusta,-16801.169793673405
647,Kentucky,Franklin,353384.1194389806
587,Iowa,Pocahontas,-10226.417857227802
1460,Tennessee,Scott,-7443.355713224979
1551,Texas,Erath,-16802.758407321046
213,Florida,Volusia,7357.620125918856
1251,Ohio,Stark,-65695.36117118016
914,Mississippi,Madison,454184.00514074124
1690,Texas,Somervell,-31697.58810356803
704,Kentucky,Owen,150705.863343617
1276,Oklahoma,Cimarron,162719.38769275974
1305,Oklahoma,Love,-4010.342415033986
555,Iowa,Harrison,-8519.451232059799
1711,Texas,Van Zandt,-14896.96623824201
606,Iowa,Winnebago,-256783.8975454478
366,Georgia,Wayne,46723.675121996435
1493,Texas,Bell,-21126.824891828153
1326,Oklahoma,Pushmataha,-10612.293554940963
1701,Texas,Throckmorton,1683208.2603815284
794,Michigan,Alpena,-9757.5229716723
538,Iowa,Davis,-289592.54964886
422,Illinois,Brown,22960.265830780627
1810,Virginia,Greensville,-21970.63157826438
866,Michigan,Shiawassee,-24840.85310407918
904,Mississippi,Kemper,23669.516212831684
708,Kentucky,Pike,-31941.680564129518
1727,Texas,Wood,29819.14750994145
414,Idaho,Teton,67061.25243211808
398,Idaho,Gooding,-1379.8653361399802
3,Alabama,Bibb,14166.745119287969
663,Kentucky,Hickman,35749.454996813554
400,Idaho,Jerome,6132.802978125474
843,Michigan,Mason,-704.4578610503124
808,Michigan,Clare,-243872.29329523677
922,Mississippi,Oktibbeha,-23361.23817662293
318,Georgia,Montgomery,-15141.33058715348
1392,Tennessee,Campbell,-218226.8959952164
294,Georgia,Jasper,17012.695051619045
1867,Virginia,Westmoreland,-342464.94657291786
856,Michigan,Ontonagon,-5213.361324457308
1100,North Carolina,Columbus,-189623.22132353153
1639,Texas,McMullen,-319568.3225589938
40,Alabama,Limestone,-288235.71641401615
1434,Tennessee,Lawrence,-46826.70718888643
686,Kentucky,Marshall,-9055.733630647059
443,Illinois,Gallatin,-71860.28822549393
562,Iowa,Jasper,-287041.0703006034
1052,Missouri,Texas,509333.33154365054
1317,Oklahoma,Oklahoma,-27857.386564558634
559,Iowa,Ida,44107.52169922204
487,Illinois,Pope,2542.318738923903
1084,North Carolina,Bertie,69351.7314673833
857,Michigan,Osceola,77017.27781555103
1219,Ohio,Lawrence,274333.5942235846
1277,Oklahoma,Cleveland,-15436.95811589589
1691,Texas,Starr,142300.25295114395
1488,Texas,Bailey,36329.755871920024
1585,Texas,Henderson,80250.52206735176
218,Georgia,Atkinson,30101.39277954975
149,Arkansas,Van Buren,166646.32438015286
767,Louisiana,Rapides,98555.05107659397
170,Florida,Franklin,22213.50408565923
1088,North Carolina,Burke,113513.27613369233
1325,Oklahoma,Pottawatomie,-287941.2582843309
612,Kentucky,Allen,45906.838014478155
1057,Missouri,Webster,110252.21012878127
50,Alabama,Morgan,57725.08525805188
97,Arkansas,Crittenden,-4797.90979709652
1390,Tennessee,Blount,2983.0828093806426
589,Iowa,Pottawattamie,-280062.2775685303
1351,South Carolina,Chester,53157.981557770094
1462,Tennessee,Sevier,144137.64088256902
978,Missouri,Cooper,-80392.3460404374
28,Alabama,Franklin,38388.32809749525
86,Arkansas,Calhoun,-12997.955121550109
1621,Texas,Lee,-15523.067494928158
1060,Nevada,Carson City,266843.3631160705
769,Louisiana,Richland,155384.3009064236
1722,Texas,Willacy,-284709.1475002519
404,Idaho,Lewis,-293140.03127785766
1631,Texas,Madison,-41867.84139642306
1607,Texas,Kaufman,-5470.90647379506
1223,Ohio,Lucas,-3605.999276378894
104,Arkansas,Fulton,532085.0698562223
1000,Missouri,Jefferson,-18970.69202640727
927,Mississippi,Pontotoc,-65113.31572851997
1480,Texas,Anderson,7624.080754353425
1113,North Carolina,Graham,-5050.612032985246
571,Iowa,Lucas,1989377.3790019199
1299,Oklahoma,Kay,-9907.166171747765
1374,South Carolina,McCormick,122134.4630369049
469,Illinois,Marion,29039.945200944832
1228,Ohio,Meigs,-32377.95207304309
367,Georgia,Webster,29739.170729354053
1610,Texas,Kent,105269.69281947205
1650,Texas,Motley,-275396.68141088897
514,Iowa,Adams,-2412.124817607297
831,Michigan,Kent,23722.159611595067
1119,North Carolina,Haywood,-10419.747024497974
1161,North Carolina,Surry,3324.7111240811482
1466,Tennessee,Sullivan,318588.1721397048
1268,Oklahoma,Beckham,19679.114093617834
1638,Texas,McLennan,569027.7109362101
100,Arkansas,Desha,-16474.109876937586
140,Arkansas,Randolph,296850.6227738931
1139,North Carolina,Nash,-6796.554550625506
99,Arkansas,Dallas,282.1889813858288
1524,Texas,Colorado,35898.651022388
1352,South Carolina,Chesterfield,-152017.24500981986
1617,Texas,Lamar,-6036.10513658499
921,Mississippi,Noxubee,4992.799063861261
1858,Virginia,Spotsylvania,-12312.10563531714
1337,Oklahoma,Washita,5742.228656670446
416,Idaho,Valley,-12124.512700738744
1775,Virginia,Amherst,-280319.5568582263
537,Iowa,Dallas,401112.11484692106
684,Kentucky,Magoffin,103369.71340129316
65,Arizona,Apache,907649.5241691534
317,Georgia,Monroe,-267139.1046574762
1123,North Carolina,Hyde,21404.081088636904
1018,Missouri,Moniteau,340996.16914447944
320,Georgia,Murray,-26695.16318898482
1759,Utah,Wayne,42799.35303443106
1419,Tennessee,Hardeman,-297806.14822763443
39,Alabama,Lee,19895.967749248408
901,Mississippi,Jasper,-223423.84864145482
1096,North Carolina,Cherokee,113220.11573952423
1417,Tennessee,Hamilton,159507.70601987137
1083,North Carolina,Beaufort,65755.21776955538
1339,Oklahoma,Woodward,-11346.553254556755
112,Arkansas,Izard,-36487.826306807525
1334,Oklahoma,Tulsa,88023.77370241964
359,Georgia,Union,-283854.7452999764
1459,Tennessee,Rutherford,34115.66828212036
1760,Utah,Weber,42910.07430604115
1482,Texas,Angelina,1766238.9352584148
437,Illinois,Edwards,-295476.8336162297
406,Idaho,Madison,-16345.505479790241
1502,Texas,Briscoe,30482.595263537292
994,Missouri,Holt,-8287.099719513302
1253,Ohio,Trumbull,330758.77153094666
92,Arkansas,Cleveland,49364.443921936516
150,Arkansas,Washington,27299.428329262424
732,Louisiana,Allen,122979.583001792
650,Kentucky,Garrard,-14793.879600324832
1197,Ohio,Erie,-17047.111274288683
801,Michigan,Berrien,530942.9684780485
85,Arkansas,Bradley,437124.545266854
9,Alabama,Cherokee,-29356.62888026968
648,Kentucky,Fulton,526323.1743250837
1609,Texas,Kenedy,-9755.379282431231
124,Arkansas,Marion,265145.8997705767
1531,Texas,Crane,-38949.66986829169
287,Georgia,Harris,-36751.424397836076
1324,Oklahoma,Pontotoc,-3204.147890160495
780,Louisiana,West Carroll,296017.0707930536
351,Georgia,Thomas,115636.74602739363
103,Arkansas,Franklin,-27519.372893923537
614,Kentucky,Ballard,250928.6733219942
554,Iowa,Hardin,-4677.551965597888
1605,Texas,Jones,-16778.798031594586
1006,Missouri,Lewis,-30574.10094224864
909,Mississippi,Leake,-43527.4924253545
1051,Missouri,Taney,-36170.84398178298
1683,Texas,San Saba,-26773.52685073156
114,Arkansas,Jefferson,184407.00768169615
1044,Missouri,Scotland,72974.497317149
229,Georgia,Brantley,-14217.192640654046
928,Mississippi,Prentiss,78296.16092737814
1484,Texas,Archer,59917.47956303161
567,Iowa,Kossuth,-11752.967053643968
971,Missouri,Cedar,313842.4940662156
363,Georgia,Ware,69134.9786949147
1596,Texas,Irion,-193435.134932522
27,Alabama,Fayette,1913.7725259899998
241,Georgia,Chatham,40772.8377015519
29,Alabama,Geneva,-24584.497655937485
1353,South Carolina,Clarendon,37349.379602192894
338,Georgia,Schley,-283322.9733099005
223,Georgia,Barrow,-261381.2194196033
1316,Oklahoma,Okfuskee,-287007.1550335924
1255,Ohio,Union,342214.4286771673
1525,Texas,Comal,-165402.46505557283
120,Arkansas,Little River,-285469.37260255934
630,Kentucky,Carlisle,499144.895988271
1593,Texas,Hudspeth,83576.51839123902
988,Missouri,Gentry,26422.69432305652
1678,Texas,Rusk,126114.44201138895
282,Georgia,Gwinnett,-12582.493805980024
508,Illinois,Whiteside,305996.78803108743
973,Missouri,Christian,13780.207976102667
397,Idaho,Gem,16511.66047709142
1098,North Carolina,Clay,-27619.30507503848
446,Illinois,Hamilton,348773.6149393899
665,Kentucky,Jackson,207893.72984057904
1407,Tennessee,Dyer,-10408.570585301517
879,Mississippi,Carroll,734135.2269698492
1304,Oklahoma,Logan,335967.10645722353
264,Georgia,Early,-66747.79494285642
180,Florida,Hillsborough,-282837.1838630061
1708,Texas,Upton,-286961.9802541502
1799,Virginia,Fairfax,25246.476258897914
570,Iowa,Louisa,27553.09686543383
1656,Texas,Ochiltree,-279164.7822804464
1196,Ohio,Delaware,-19250.390068184224
1564,Texas,Gillespie,-189745.5544793487
1755,Utah,Uintah,-286176.5303894784
95,Arkansas,Craighead,-13215.70469147034
1399,Tennessee,Clay,-31925.972470958754
461,Illinois,Lake,-15722.155620930702
1868,Virginia,Wise,-306219.0773835261
1801,Virginia,Floyd,-293130.08664844214
417,Idaho,Washington,-284573.82405410643
1080,North Carolina,Anson,9512.583029972462
817,Michigan,Gogebic,259279.37498155673
369,Georgia,White,58707.86759170294
1584,Texas,Hemphill,-120964.37148098169
872,Mississippi,Adams,-68871.97743880292
1133,North Carolina,Martin,80969.8448344803
656,Kentucky,Hancock,-176422.75527627958
790,Massachusetts,Worcester,938168.3346664261
738,Louisiana,Bossier,-125359.36524421471
641,Kentucky,Edmonson,152599.7823710853
211,Florida,Taylor,420137.01200312405
1522,Texas,Collin,-210565.64253037196
361,Georgia,Walker,61933.43723198575
174,Florida,Gulf,209738.6709928904
1198,Ohio,Fairfield,29210.097667681926
1533,Texas,Crosby,-47743.55135496457
810,Michigan,Crawford,154.55090298010964
1220,Ohio,Licking,-26005.058801039297
1728,Texas,Yoakum,-8332.863100500112
1094,North Carolina,Catawba,-7600.540474688835
603,Iowa,Washington,330732.10570440633
530,Iowa,Cherokee,-14883.828290131027
992,Missouri,Henry,30247.373416771487
208,Florida,Seminole,15342.92270994572
692,Kentucky,Meade,-224281.5090964656
1114,North Carolina,Granville,-250236.3121702132
1191,Ohio,Coshocton,719555.8611460982
310,Georgia,Madison,29591.07523482472
747,Louisiana,East Carroll,-10787.243373039932
1862,Virginia,Sussex,26445.523108813068
1059,Missouri,Wright,297662.46700582077
721,Kentucky,Trigg,139109.16239033788
890,Mississippi,George,-12959.573832762062
1803,Virginia,Franklin,-244997.22796426914
298,Georgia,Johnson,514181.1413394554
360,Georgia,Upson,-32856.23749687114
1798,Virginia,Essex,-296854.30497789895
409,Idaho,Oneida,95900.28058563129
153,Arkansas,Yell,260136.3173750604
552,Iowa,Hamilton,19692.896480292038
468,Illinois,Madison,64919.06583462017
998,Missouri,Jackson,-36628.18571983454
75,Arizona,Pima,-25135.662367769848
1145,North Carolina,Pasquotank,63384.730067636265
1373,South Carolina,Marlboro,7521.968998837992
391,Idaho,Clark,11605.487378090264
1646,Texas,Montague,145188.36519342492
56,Alabama,Shelby,161653.06564818378
1357,South Carolina,Dorchester,-32522.50920618906
440,Illinois,Ford,67875.35342063983
426,Illinois,Cass,559023.3726858143
1866,Virginia,Washington,27153.322549384116
1152,North Carolina,Richmond,220291.8158833221
761,Louisiana,Morehouse,-149181.96856922083
1272,Oklahoma,Canadian,22569.14217956528
1542,Texas,Dickens,144273.60907592092
504,Illinois,Warren,-214873.40387482982
1125,North Carolina,Jackson,108733.87574301979
1309,Oklahoma,McClain,-34715.75474507497
1763,Vermont,Chittenden,-22744.717318377327
963,Missouri,Butler,-26511.837795973817
1047,Missouri,Shelby,-42275.53478843095
1381,South Carolina,Spartanburg,-30176.561751421785
952,Missouri,Adair,-113298.25271291507
1733,Utah,Box Elder,-3309.309155526913
37,Alabama,Lauderdale,902790.6860302122
557,Iowa,Howard,53426.70172907213
197,Florida,Nassau,-279605.44979428814
12,Alabama,Clarke,-9254.37556950712
878,Mississippi,Calhoun,21343.810936237303
1640,Texas,Medina,136637.48733649086
1589,Texas,Hood,90339.97072926257
60,Alabama,Tuscaloosa,52552.13668135968
1670,Texas,Real,630614.7789469644
542,Iowa,Dickinson,-292231.4932105431
937,Mississippi,Tallahatchie,-19337.173882616826
377,Idaho,Bannock,226910.95766679116
635,Kentucky,Clark,-3224.469201270241
581,Iowa,Montgomery,52997.21736141067
627,Kentucky,Caldwell,1711771.0936603486
1209,Ohio,Harrison,-285501.27195836493
658,Kentucky,Harlan,31811.100575306955
829,Michigan,Kalamazoo,-235900.79088922037
715,Kentucky,Scott,672.6741051294757
1703,Texas,Tom Green,745009.1008709461
1634,Texas,Mason,2260.714108951873
1543,Texas,Dimmit,19314.79656483408
1144,North Carolina,Pamlico,127962.67129602554
1492,Texas,Bee,-35942.75828455175
238,Georgia,Carroll,-3038.2132376898116
960,Missouri,Bollinger,873678.8976149494
1579,Texas,Harris,-12931.895001479492
1519,Texas,Cochran,30121.593540630216
1627,Texas,Llano,-199030.9145221397
1001,Missouri,Johnson,-12269.535539401097
1553,Texas,Fannin,17078.5176184176
1179,Ohio,Ashtabula,-3423.491829077051
1577,Texas,Hardeman,414202.22179812304
