,0,1,2
650,Kentucky,Garrard,24160.467127111922
1010,Missouri,Macon,15168.619630709954
454,Illinois,Jefferson,52842.94125590553
1164,North Carolina,Tyrrell,20830.24858774587
1833,Virginia,New Kent,70997.7580970329
1003,Missouri,LaClede,367009.7294702192
1609,Texas,Kenedy,24892.72788436034
1843,Virginia,Powhatan,7619.938827512974
85,Arkansas,Bradley,121908.71708230386
787,Massachusetts,Nantucket,9046.017464924389
412,Idaho,Power,13254.046239333538
535,Iowa,Clinton,27106.92587248963
387,Idaho,Camas,10600.714592050237
245,Georgia,Clarke,64036.69428586386
524,Iowa,Butler,2271639.8706921577
845,Michigan,Menominee,24463.33007532172
975,Missouri,Clay,41572.703819488604
929,Mississippi,Quitman,14113.906657116377
1028,Missouri,Pemiscot,33055.16357573846
1253,Ohio,Trumbull,103613.45316908651
552,Iowa,Hamilton,166260.5304168572
193,Florida,Marion,2750.6779153270368
1853,Virginia,Russell,80856.12749202468
1689,Texas,Smith,8694.158958395768
576,Iowa,Marshall,49923.26326001462
1787,Virginia,Caroline,699909.8598389641
1030,Missouri,Pettis,41596.88421150807
70,Arizona,Greenlee,61944.30692995959
1872,New Hampshire,Carroll,12669.726445647382
1626,Texas,Live Oak,90197.90931768269
1741,Utah,Grand,369315.6925009418
1065,Nevada,Esmeralda,21814.052539991295
244,Georgia,Cherokee,50494.89353942255
239,Georgia,Catoosa,6349.146944291228
66,Arizona,Cochise,77117.41522856183
742,Louisiana,Cameron,80647.96976365184
541,Iowa,Des Moines,14750.891595027351
704,Kentucky,Owen,13356.876801559038
925,Mississippi,Perry,523409.26156363304
1388,Tennessee,Benton,26641.7452587591
219,Georgia,Bacon,27469.087365252282
27,Alabama,Fayette,6239.5312538664375
1346,South Carolina,Beaufort,611355.8739638666
54,Alabama,Randolph,66618.59130165826
1781,Virginia,Bland,64357.722056238315
444,Illinois,Greene,11409.269109151684
577,Iowa,Mills,5774.157056914129
520,Iowa,Boone,286310.33189601754
1093,North Carolina,Caswell,97242.65093023538
527,Iowa,Cass,7404.5784531095205
980,Missouri,Dade,58006.713120338216
1751,Utah,Sanpete,8749.972343376603
870,Michigan,Wayne,20855.97554886601
1119,North Carolina,Haywood,63457.78544042758
1441,Tennessee,Marshall,86420.9215914807
1860,Virginia,Suffolk,8647.787752941264
1769,Vermont,Washington,6701.462456893427
45,Alabama,Marion,14391.148008791792
1168,North Carolina,Warren,152028.70342280896
118,Arkansas,Lee,6450.048924055748
1299,Oklahoma,Kay,25247.773769930616
1104,North Carolina,Davidson,282457.918951056
128,Arkansas,Montgomery,117713.45315615043
838,Michigan,Luce,28866.440718204933
1650,Texas,Motley,13060.04297502713
1538,Texas,Deaf Smith,110755.3510229328
1249,Ohio,Seneca,15679.166032074922
579,Iowa,Monona,14356.799818400548
343,Georgia,Stewart,14102.288990224219
451,Illinois,Iroquois,12103.452576378224
996,Missouri,Howell,9548.786392913857
98,Arkansas,Cross,60725.152504340535
1408,Tennessee,Fayette,75978.58680813637
478,Illinois,Monroe,46004.62671921924
213,Florida,Volusia,82668.54132955188
1347,South Carolina,Berkeley,71517.87385364818
1352,South Carolina,Chesterfield,7024.790718122873
21,Alabama,Cullman,357728.44943158975
435,Illinois,Douglas,68646.12955258857
1153,North Carolina,Robeson,10404.761925794042
1035,Missouri,Pulaski,10402.68186785078
207,Florida,Sarasota,9163.032691974577
1821,Virginia,King William,15259.50855265718
161,Florida,Charlotte,6471.141256137644
1557,Texas,Foard,141460.58259659022
1607,Texas,Kaufman,172284.31133512923
1278,Oklahoma,Coal,66442.5445590627
1392,Tennessee,Campbell,352088.30751743563
917,Mississippi,Monroe,60672.46442401812
268,Georgia,Emanuel,2371923.916408531
474,Illinois,McHenry,27807.42183813876
1604,Texas,Johnson,162991.77558929622
315,Georgia,Miller,15544.300577959464
1854,Virginia,Scott,72024.41458832077
1329,Oklahoma,Seminole,293225.5376566649
1680,Texas,San Augustine,79162.690022664
1326,Oklahoma,Pushmataha,22158.26918568059
502,Illinois,Vermilion,19432.103181274982
1186,Ohio,Champaign,16292.741211973129
1350,South Carolina,Cherokee,21984.01355582566
1416,Tennessee,Hamblen,28365.905728169444
781,Louisiana,West Feliciana,8602.338516586135
761,Louisiana,Morehouse,6102.416515076672
969,Missouri,Carter,67810.94043908989
62,Alabama,Washington,5910.507254316616
1531,Texas,Crane,20626.19532441285
1207,Ohio,Hancock,5396.247364827363
717,Kentucky,Simpson,7542.067565123803
1645,Texas,Mitchell,16916.862177669816
1107,North Carolina,Durham,61206.5990532656
826,Michigan,Iron,9897.508729133053
1613,Texas,King,18086.27083730278
703,Kentucky,Oldham,4701.645704258994
765,Louisiana,Plaquemines,98233.18447945727
1733,Utah,Box Elder,6306.586138939471
1459,Tennessee,Rutherford,8310.819792757564
1746,Utah,Morgan,65842.26116218728
1729,Texas,Young,198773.5088569574
1050,Missouri,Sullivan,92694.40377709336
936,Mississippi,Sunflower,261637.07535227982
438,Illinois,Effingham,26721.992047214324
1409,Tennessee,Fentress,10646.519742525032
1358,South Carolina,Edgefield,560864.0113671256
259,Georgia,Decatur,12999.6175266093
1311,Oklahoma,McIntosh,10381.798070244426
1670,Texas,Real,315476.5559014105
1528,Texas,Cooke,14922.215869871277
698,Kentucky,Morgan,132245.0422802869
1859,Virginia,Stafford,46560.88086454063
458,Illinois,Kankakee,16946.13184943666
407,Idaho,Minidoka,35328.87344683333
540,Iowa,Delaware,23915.675611704086
1601,Texas,Jefferson,403112.42696263734
528,Iowa,Cedar,61358.08138180693
1296,Oklahoma,Jackson,218425.64130891298
1706,Texas,Tyler,23761.331707659272
1320,Oklahoma,Ottawa,56412.12377833231
1442,Tennessee,Maury,100444.62103751728
97,Arkansas,Crittenden,131104.25432044882
1516,Texas,Cherokee,8658.114310071614
1705,Texas,Trinity,724952.7171225525
847,Michigan,Missaukee,211877.91373027876
1562,Texas,Gaines,4944.45766166593
878,Mississippi,Calhoun,356171.05075637385
895,Mississippi,Hinds,53559.31342491845
665,Kentucky,Jackson,226689.29320754853
9,Alabama,Cherokee,38500.96820573269
621,Kentucky,Boyle,8749.783375806945
1578,Texas,Hardin,19938.915770315256
729,Kentucky,Wolfe,25449.8682661954
1799,Virginia,Fairfax,8583.289137468415
976,Missouri,Clinton,40799.67171269676
361,Georgia,Walker,35186.22684447575
1599,Texas,Jasper,123538.73395042599
902,Mississippi,Jefferson,4034.6439643612744
597,Iowa,Tama,657897.8177764821
377,Idaho,Bannock,1516402.5121471372
1282,Oklahoma,Creek,79509.37906472305
1568,Texas,Gray,161498.29035843728
997,Missouri,Iron,5681.276826495055
1555,Texas,Fisher,225975.4328198098
1819,Virginia,King and Queen,95849.62999980905
872,Mississippi,Adams,52273.63626304648
1032,Missouri,Pike,47425.10120319874
582,Iowa,Muscatine,78140.43381458838
1433,Tennessee,Lauderdale,16442.639279731644
312,Georgia,McDuffie,216308.32515800567
571,Iowa,Lucas,135093.3825599308
141,Arkansas,Saline,9720.671545894966
1403,Tennessee,Cumberland,169357.8514727346
471,Illinois,Mason,13178.799721773414
822,Michigan,Huron,5127860.836149039
549,Iowa,Greene,4920.507716393955
743,Louisiana,Catahoula,123191.17344583724
1535,Texas,Dallam,13798.60655750524
642,Kentucky,Elliott,23960.11358442326
672,Kentucky,LaRue,13980.848604703973
1267,Oklahoma,Beaver,100163.94859293872
1273,Oklahoma,Carter,52176.3654635058
880,Mississippi,Chickasaw,22176.109406708496
1766,Vermont,Grand Isle,40239.12616999095
1569,Texas,Grayson,29633.495260854525
779,Louisiana,West Baton Rouge,42960.75615081045
655,Kentucky,Greenup,70583.23726961298
1298,Oklahoma,Johnston,4350.135852481133
1849,Virginia,Richmond,22161.747811853333
95,Arkansas,Craighead,14570.453603476575
1197,Ohio,Erie,38774.17900890247
1507,Texas,Caldwell,162216.63514295316
1389,Tennessee,Bledsoe,14084.702245609904
138,Arkansas,Prairie,92448.96899275163
1310,Oklahoma,McCurtain,84702.44879977281
288,Georgia,Hart,56910.22153337859
711,Kentucky,Robertson,53893.937188375654
356,Georgia,Troup,28985.893778088164
1672,Texas,Reeves,135373.69618348236
833,Michigan,Lake,1910187.748226166
137,Arkansas,Pope,65913.96277362312
1141,North Carolina,Northampton,6189.497016597368
958,Missouri,Bates,8025.203861702002
884,Mississippi,Clay,9048.224654991147
1174,North Carolina,Yadkin,5724.7745799386685
327,Georgia,Pickens,58264.10837545677
1616,Texas,Knox,47486.11300816985
1831,Virginia,Montgomery,24116.801253991584
547,Iowa,Franklin,120634.86683041096
1195,Ohio,Defiance,35638.82152301394
1405,Tennessee,Decatur,60611.80106775013
910,Mississippi,Lee,8440.0337394363
1391,Tennessee,Bradley,14162.297357796908
86,Arkansas,Calhoun,5337.408868476972
1816,Virginia,Highland,7273.114181017449
1434,Tennessee,Lawrence,16660.367884179923
868,Michigan,Van Buren,42058.3669293977
1413,Tennessee,Grainger,4987.366284532327
139,Arkansas,Pulaski,51925.48429451346
947,Mississippi,Webster,193166.2667147912
1455,Tennessee,Putnam,1133230.1395369952
1641,Texas,Menard,5835.690399415802
855,Michigan,Ogemaw,271446.27578813594
1662,Texas,Parmer,79770.43268301585
1017,Missouri,Mississippi,59154.49017598915
212,Florida,Union,26782.96248347387
430,Illinois,Clay,6244605.480586742
951,Mississippi,Yazoo,13512.350590104537
1398,Tennessee,Claiborne,48131.754015076825
1158,North Carolina,Scotland,5559.421126583216
1546,Texas,Eastland,4418.54446887929
1227,Ohio,Medina,10677.826794705134
745,Louisiana,Concordia,11924.649313392336
546,Iowa,Floyd,46766.76964527418
149,Arkansas,Van Buren,4764.175321188323
1684,Texas,Schleicher,222141.7812231714
722,Kentucky,Trimble,326403.1212725458
1716,Texas,Washington,80520.93955194938
1354,South Carolina,Colleton,63301.433719454864
1043,Missouri,Schuyler,46622.071694296006
1216,Ohio,Jefferson,24575.402911043555
298,Georgia,Johnson,14181.08751272214
1036,Missouri,Putnam,9641.675505813424
782,Louisiana,Winn,17463.819713774337
1544,Texas,Donley,19472.969580803445
792,Michigan,Alger,40108.96831777506
1436,Tennessee,Lincoln,25077.812301946517
1765,Vermont,Franklin,9936.356552019593
1551,Texas,Erath,117122.42327444226
768,Louisiana,Red River,495258.887375165
518,Iowa,Benton,97504.02529216482
30,Alabama,Greene,16755.57923227007
498,Illinois,Stark,32489.122899307364
550,Iowa,Grundy,33047.195040256185
1284,Oklahoma,Delaware,51105.7773503519
210,Florida,Suwannee,3652.1089520824307
1356,South Carolina,Dillon,7550.936883623159
1288,Oklahoma,Garvin,12079.6656798324
177,Florida,Hendry,5571.551927875159
1489,Texas,Bandera,2497.9059272995596
813,Michigan,Eaton,14424.792085881596
1178,Ohio,Ashland,8435.2928634133
99,Arkansas,Dallas,121117.39816637822
1647,Texas,Montgomery,16388.286056535417
733,Louisiana,Ascension,34042.87228016304
376,Idaho,Adams,18621.909017346363
532,Iowa,Clarke,62869.237268608114
777,Louisiana,Washington,8647.25191569528
1696,Texas,Swisher,33361.553628395195
1375,South Carolina,Newberry,93028.58943103076
515,Iowa,Allamakee,17356.02968227809
461,Illinois,Lake,36558.37293230795
1728,Texas,Yoakum,25725.73799944893
1353,South Carolina,Clarendon,25355.13058780463
1349,South Carolina,Charleston,327993.0928357448
1550,Texas,El Paso,56554.966716952506
1018,Missouri,Moniteau,7566.342664787752
1073,Nevada,Pershing,11428.499880229465
859,Michigan,Otsego,253634.5677635751
1187,Ohio,Clark,4702.869896613323
1577,Texas,Hardeman,91222.07426370539
1022,Missouri,New Madrid,63587.84393824128
1013,Missouri,Marion,149250.27162133154
1760,Utah,Weber,33778.749336834604
563,Iowa,Jefferson,75892.79314081577
1517,Texas,Childress,49195.303762772106
553,Iowa,Hancock,38566.53390727398
1726,Texas,Wise,33583.776935323156
1002,Missouri,Knox,10209.819352913253
1090,North Carolina,Caldwell,836195.9993863296
503,Illinois,Wabash,146228.66885436085
536,Iowa,Crawford,26102.19869248619
1818,Virginia,James City,21622.28788058434
464,Illinois,Livingston,29122.96159188219
46,Alabama,Marshall,11303.70115359011
1034,Missouri,Polk,99432.84494041314
825,Michigan,Iosco,114790.6505939317
424,Illinois,Calhoun,176501.3281142058
182,Florida,Indian River,43007.265459773844
604,Iowa,Wayne,38159.368714360186
1866,Virginia,Washington,91536.19521415984
800,Michigan,Benzie,10425.522622891416
135,Arkansas,Poinsett,21193.330853233958
1752,Utah,Sevier,3340.055879524227
575,Iowa,Marion,76383.06650771353
374,Georgia,Worth,49580.845488693725
1130,North Carolina,Lincoln,42719.424426431084
1319,Oklahoma,Osage,11541.654744202926
63,Alabama,Wilcox,7146.130776380115
920,Mississippi,Newton,7190.049990934564
1567,Texas,Gonzales,14165.23628215006
751,Louisiana,Grant,72270.54172904909
117,Arkansas,Lawrence,34337.899690510545
1339,Oklahoma,Woodward,26106.41338963682
1549,Texas,Ellis,8410.065263109735
1155,North Carolina,Rowan,104763.08775270401
1233,Ohio,Morgan,12531.924997497934
793,Michigan,Allegan,11740.061016044121
959,Missouri,Benton,12009.89848267994
1776,Virginia,Appomattox,39459.56748859777
1132,North Carolina,Madison,113754.2693218498
1340,South Carolina,Abbeville,44575.70516664105
972,Missouri,Chariton,36445.81103494402
39,Alabama,Lee,15237.647363793963
1014,Missouri,McDonald,2541272.502339966
1122,North Carolina,Hoke,7502.827749529234
1218,Ohio,Lake,15444.319364756366
789,Massachusetts,Plymouth,45813.116483653575
807,Michigan,Chippewa,9485.369350104644
1635,Texas,Matagorda,31044.530755766453
867,Michigan,Tuscola,11926.136060537969
163,Florida,Clay,31847.916071998883
269,Georgia,Evans,15057.568015904026
589,Iowa,Pottawattamie,11704.943985935291
1533,Texas,Crosby,24723.115634946666
1394,Tennessee,Carroll,6457.599112114791
323,Georgia,Oconee,423324.7790390615
1463,Tennessee,Shelby,34056.787556682226
1661,Texas,Parker,25432.288560544795
73,Arizona,Mohave,29051.620178143618
373,Georgia,Wilkinson,71614.59018183776
758,Louisiana,Lincoln,34041.82560900978
1377,South Carolina,Orangeburg,33004.10353315646
115,Arkansas,Johnson,737419.8060507852
1057,Missouri,Webster,27350.485126789896
1539,Texas,Delta,17779.76911175744
1625,Texas,Lipscomb,10199.275935035503
891,Mississippi,Greene,27158.560562063038
1190,Ohio,Columbiana,6319.288682201545
857,Michigan,Osceola,31223.63254728586
1268,Oklahoma,Beckham,129501.30309616002
605,Iowa,Webster,1250693.0808288963
488,Illinois,Pulaski,30299.169094840607
906,Mississippi,Lamar,133032.10094895295
264,Georgia,Early,25149.272361319338
1290,Oklahoma,Grant,8023.118363806465
767,Louisiana,Rapides,388318.9587620802
411,Idaho,Payette,123543.02900547003
1810,Virginia,Greensville,129547.96390469938
965,Missouri,Callaway,4702.908750185162
731,Louisiana,Acadia,7319.115262381446
1203,Ohio,Geauga,12251.350545297852
1505,Texas,Burleson,12519.701191642718
1295,Oklahoma,Hughes,9041.986581595731
819,Michigan,Gratiot,25132.26863703728
1438,Tennessee,Macon,311944.2903022724
1184,Ohio,Butler,78202.1177617322
798,Michigan,Barry,117414.05262385595
788,Massachusetts,Norfolk,14556.104572942197
103,Arkansas,Franklin,6471.88508196576
700,Kentucky,Nelson,30079.882997962275
1880,New Hampshire,Sullivan,31769.13466480351
689,Kentucky,McCracken,113473.14639985235
542,Iowa,Dickinson,56202.952149418765
913,Mississippi,Lowndes,4259.782728061613
470,Illinois,Marshall,116536.02610006272
107,Arkansas,Greene,76791.23877033277
1713,Texas,Walker,23322.35779734048
1515,Texas,Chambers,342468.5228026456
497,Illinois,Shelby,977677.0734453647
840,Michigan,Macomb,15335.401275599328
1704,Texas,Travis,135562.60112943122
970,Missouri,Cass,51838.53619539659
38,Alabama,Lawrence,6875.84217176403
1700,Texas,Terry,12406.36807164591
1755,Utah,Uintah,6960.963243740257
328,Georgia,Pierce,139719.6301723149
1832,Virginia,Nelson,10390.8638715255
1457,Tennessee,Roane,229131.30098835583
297,Georgia,Jenkins,95408.33390503778
237,Georgia,Candler,46533.48693855187
1183,Ohio,Brown,317855.77266328176
1007,Missouri,Lincoln,6069.857158231139
1348,South Carolina,Calhoun,8552.85440189665
496,Illinois,Scott,24273.91237165469
67,Arizona,Coconino,11662.399689445087
1414,Tennessee,Greene,16854.73587102798
1085,North Carolina,Bladen,33389.2733153051
1686,Texas,Shackelford,18820.300050210724
1802,Virginia,Fluvanna,14275.448675828637
214,Florida,Wakulla,15600.177794719732
569,Iowa,Linn,5260.446419259464
1407,Tennessee,Dyer,15177.090747344855
1564,Texas,Gillespie,5582.861415754448
192,Florida,Manatee,24826.97300951486
93,Arkansas,Columbia,29131.422387787603
68,Arizona,Gila,3966.113166748858
864,Michigan,Sanilac,7227.29739999868
862,Michigan,Roscommon,90131.90004519069
1194,Ohio,Darke,60341.68841223513
1169,North Carolina,Washington,18269.804744585836
1582,Texas,Haskell,178664.43171982619
69,Arizona,Graham,51172.79555353129
750,Louisiana,Franklin,45423.10021843367
1198,Ohio,Fairfield,88735.46660274456
1491,Texas,Baylor,5240.904778988217
266,Georgia,Effingham,65659.34363520116
1152,North Carolina,Richmond,15204.816902946806
487,Illinois,Pope,52032.14409652554
1636,Texas,Maverick,191857.17267112038
705,Kentucky,Owsley,129964.76648288938
1006,Missouri,Lewis,9519.865937367751
1791,Virginia,Chesterfield,43894.29397007005
740,Louisiana,Calcasieu,36031.38917064012
1205,Ohio,Guernsey,29842.205482523266
1836,Virginia,Northampton,149880.159559474
1545,Texas,Duval,46619.966769077524
1583,Texas,Hays,4910.983827180839
1808,Virginia,Grayson,20528.462460193805
1731,Texas,Zavala,161864.9944984288
1572,Texas,Guadalupe,969788.0678591549
1709,Texas,Uvalde,64795.531901075534
506,Illinois,Wayne,44718.17188108739
72,Arizona,Maricopa,47066.86698818532
370,Georgia,Whitfield,40638.36634016832
1527,Texas,Concho,175988.36212600663
1369,South Carolina,Laurens,21658.07819384121
480,Illinois,Morgan,60827.63766632253
1869,Virginia,Wythe,13238.280227426963
1175,North Carolina,Yancey,15656.478226360874
1560,Texas,Freestone,1974506.1158418474
1038,Missouri,Randolph,122858.09119551665
889,Mississippi,Franklin,5825.602896495729
1100,North Carolina,Columbus,38478.758102944856
1605,Texas,Jones,251336.47626074296
659,Kentucky,Harrison,148405.54679754432
695,Kentucky,Metcalfe,127492.35747554355
403,Idaho,Lemhi,39205.83113635126
757,Louisiana,Lafourche,22498.63489873566
4,Alabama,Blount,15126.94802127301
1642,Texas,Midland,17623.58698995543
1823,Virginia,Lee,16057.451863821147
419,Illinois,Alexander,435845.4271924618
1077,North Carolina,Alamance,10379.777112253165
679,Kentucky,Lincoln,356115.39376346173
32,Alabama,Henry,189953.93539601576
181,Florida,Holmes,203533.70635167143
628,Kentucky,Calloway,14026.747587002408
992,Missouri,Henry,28926.435799255683
1116,North Carolina,Guilford,33476.9907897467
784,Massachusetts,Essex,187042.68785361698
896,Mississippi,Holmes,18539.94554223305
234,Georgia,Butts,63568.51171430355
303,Georgia,Lee,129037.37916348051
281,Georgia,Greene,32447.549965675888
607,Iowa,Winneshiek,105555.58457337807
31,Alabama,Hale,2565.9724869613237
332,Georgia,Putnam,42040.9043248213
425,Illinois,Carroll,10195.15281185354
162,Florida,Citrus,28385.864311986756
1146,North Carolina,Pender,176225.73267531124
786,Massachusetts,Hampden,167460.84134232416
778,Louisiana,Webster,24036.606556100895
445,Illinois,Grundy,110192.74120389603
142,Arkansas,Scott,23029.180612316213
481,Illinois,Moultrie,44684.19939045539
774,Louisiana,Union,8821.87901691583
106,Arkansas,Grant,183556.13161955352
270,Georgia,Fannin,32475.380058296098
636,Kentucky,Clay,195705.12499287605
1573,Texas,Hale,241256.54373487548
1874,New Hampshire,Coos,17914.735576207673
168,Florida,Escambia,92500.27974739684
1845,Virginia,Prince George,11366.017972998832
41,Alabama,Lowndes,17767.13409197772
1600,Texas,Jeff Davis,5646.876004174223
1325,Oklahoma,Pottawatomie,352573.1678990907
610,Iowa,Wright,161059.2516105492
715,Kentucky,Scott,50580.824707127365
1048,Missouri,Stoddard,50641.93371634901
941,Mississippi,Tunica,32879.857021506614
877,Mississippi,Bolivar,20077.14002721865
651,Kentucky,Grant,16945.33655615483
828,Michigan,Jackson,9127.761018381307
1266,Oklahoma,Atoka,8601.573813459021
174,Florida,Gulf,25661.012584776625
1062,Nevada,Clark,3076.4434056482214
600,Iowa,Van Buren,32005.50673295975
1789,Virginia,Charles City,15171.78984060822
821,Michigan,Houghton,28578.835648409615
1109,North Carolina,Forsyth,307782.12549556134
1016,Missouri,Miller,71744.75324709433
725,Kentucky,Washington,831727.4961814542
1222,Ohio,Lorain,14436.669310127732
1734,Utah,Cache,7598.317166055564
1080,North Carolina,Anson,55194.99728375053
33,Alabama,Houston,71864.18094148244
981,Missouri,Dallas,6115.6348772034835
1630,Texas,Lynn,44825.931806473614
794,Michigan,Alpena,33401.871471968785
428,Illinois,Christian,39343.80705673099
1303,Oklahoma,Lincoln,333955.6307014928
512,Illinois,Woodford,95227.9705510275
670,Kentucky,Knott,96967.3843214452
850,Michigan,Montmorency,18606.960672620487
278,Georgia,Glynn,37758.21649018284
1534,Texas,Culberson,17970.54311324863
345,Georgia,Talbot,116773.48742470036
1597,Texas,Jack,67185.55308069383
616,Kentucky,Bath,21503.829725688658
126,Arkansas,Mississippi,61490.99213541864
1376,South Carolina,Oconee,2082056.3252762705
1594,Texas,Hunt,10757.45859833805
1877,New Hampshire,Merrimack,9105.824695862522
1827,Virginia,Madison,58772.05804262597
903,Mississippi,Jones,26188.46518607581
738,Louisiana,Bossier,50202.85292488322
1200,Ohio,Franklin,19979.616584412688
422,Illinois,Brown,14454.297381515193
55,Alabama,Russell,120660.83497933959
797,Michigan,Baraga,802470.9525644985
802,Michigan,Branch,12025.353472575354
114,Arkansas,Jefferson,131098.31813492088
221,Georgia,Baldwin,20142.566862005606
952,Missouri,Adair,212065.6581662631
973,Missouri,Christian,404167.3740715687
216,Florida,Washington,6922.928128867946
429,Illinois,Clark,16250.032584248196
484,Illinois,Perry,46397.3036309646
1424,Tennessee,Henry,9111.624947482784
121,Arkansas,Logan,11850.685793320272
1730,Texas,Zapata,2692.6275406368964
309,Georgia,Macon,13931.659646168797
253,Georgia,Cook,47614.69092296356
1644,Texas,Mills,27547.53912395638
1863,Virginia,Tazewell,23433.067383612088
584,Iowa,Page,29905.474536355596
1044,Missouri,Scotland,11723.557081589584
1370,South Carolina,Lee,124748.49954916071
353,Georgia,Toombs,104624.24293506815
279,Georgia,Gordon,31574.87906468599
1415,Tennessee,Grundy,67933.89453866218
1736,Utah,Daggett,5634.676296074716
702,Kentucky,Ohio,14993.703053972242
1257,Ohio,Vinton,8045.553702099755
384,Idaho,Bonneville,10911.689294609723
1423,Tennessee,Henderson,9521.734308742825
634,Kentucky,Christian,123827.2493888551
1707,Texas,Upshur,21157.3245719607
156,Florida,Bay,79356.29880045082
257,Georgia,Dade,112305.14248650588
519,Iowa,Black Hawk,169978.04853062818
1803,Virginia,Franklin,34448.5861842385
760,Louisiana,Madison,23715.262610486658
1724,Texas,Wilson,37726.88488596521
987,Missouri,Gasconade,7068.300580083386
80,Arkansas,Arkansas,31288.045269042894
1021,Missouri,Morgan,5405.601443727549
393,Idaho,Custer,101682.72310704316
732,Louisiana,Allen,36832.26258193976
25,Alabama,Escambia,25633.643662285936
1643,Texas,Milam,12941.20623904301
218,Georgia,Atkinson,11056.523131200045
1875,New Hampshire,Grafton,6864.714065841026
341,Georgia,Spalding,30369.992721450282
762,Louisiana,Natchitoches,21511.054123087226
1761,Vermont,Addison,23318.08024264911
1247,Ohio,Sandusky,87257.06450311326
1248,Ohio,Scioto,637262.0262858539
1335,Oklahoma,Wagoner,226511.75108139135
132,Arkansas,Perry,323304.06736198964
240,Georgia,Charlton,10748.037844312794
1683,Texas,San Saba,45953.32620090572
1738,Utah,Duchesne,126795.06681588943
1108,North Carolina,Edgecombe,101860.79585703979
351,Georgia,Thomas,38089.581847589565
1673,Texas,Refugio,19433.18389421926
617,Kentucky,Bell,6083.049858561338
48,Alabama,Monroe,9055.275216781756
967,Missouri,Cape Girardeau,7187.751242204223
718,Kentucky,Spencer,2979498.1239740173
437,Illinois,Edwards,26296.839486554567
1084,North Carolina,Bertie,7387.870424765072
1809,Virginia,Greene,112560.74680579703
1357,South Carolina,Dorchester,146536.37097126694
1214,Ohio,Huron,49238.926287067996
1756,Utah,Utah,8465.805352840704
696,Kentucky,Monroe,10328.413992292475
694,Kentucky,Mercer,11583.488474400858
1856,Virginia,Smyth,1390636.7877156455
1878,New Hampshire,Rockingham,3196.87159016554
367,Georgia,Webster,77587.6048585012
1135,North Carolina,Mecklenburg,46587.73125153679
1133,North Carolina,Martin,8830.636264661289
175,Florida,Hamilton,3801.6273376134372
448,Illinois,Hardin,14614.025102012947
832,Michigan,Keweenaw,318437.9332197031
1829,Virginia,Mecklenburg,16321.509816199508
1404,Tennessee,Davidson,79887.96226402407
382,Idaho,Boise,31454.855763585118
752,Louisiana,Iberia,58710.43751592606
83,Arkansas,Benton,124868.2988890003
1575,Texas,Hamilton,7365.133960475519
1149,North Carolina,Pitt,11046.432593698735
1830,Virginia,Middlesex,5303.331539010172
416,Idaho,Valley,41123.87632212775
1031,Missouri,Phelps,43868.02295656079
1270,Oklahoma,Bryan,6344.235188503948
1024,Missouri,Nodaway,239997.68297892498
1049,Missouri,Stone,11892.448177852546
676,Kentucky,Leslie,94194.90282279621
60,Alabama,Tuscaloosa,46716.28262793982
873,Mississippi,Alcorn,84241.25473439952
469,Illinois,Marion,53114.337932111615
982,Missouri,Daviess,1389968.9164177864
1552,Texas,Falls,19905.790247195575
467,Illinois,Macoupin,47373.222588124394
513,Iowa,Adair,15284.602535332242
851,Michigan,Muskegon,37456.706843971624
1846,Virginia,Prince William,5906.977466757377
1710,Texas,Val Verde,30840.204869203633
233,Georgia,Burke,5956.3638998208025
187,Florida,Lee,140727.76273268196
534,Iowa,Clayton,37863.77733248775
1839,Virginia,Orange,6666.232519969216
1199,Ohio,Fayette,40311.647568842855
1020,Missouri,Montgomery,8868.269943474545
1259,Ohio,Washington,10552.981901864516
1871,New Hampshire,Belknap,8556.14364657047
640,Kentucky,Daviess,14150.075969560667
624,Kentucky,Breckinridge,7933.480695919314
1264,Oklahoma,Adair,23699.004199437975
915,Mississippi,Marion,28484.762728179492
1679,Texas,Sabine,21834.329737434167
1547,Texas,Ector,347640.2971905079
660,Kentucky,Hart,36687.72449603861
82,Arkansas,Baxter,14097.259168958948
195,Florida,Miami-Dade,16830.299021987368
433,Illinois,Crawford,81820.01177903883
1074,Nevada,Storey,64272.708375241884
719,Kentucky,Taylor,17350.332173130344
770,Louisiana,Sabine,18840.922997553964
285,Georgia,Hancock,6128.0714642071025
1097,North Carolina,Chowan,11498.890570368068
1576,Texas,Hansford,47013.529261536634
746,Louisiana,East Baton Rouge,5918.604365742113
1271,Oklahoma,Caddo,75472.70819696345
1321,Oklahoma,Pawnee,4932.664786857623
1718,Texas,Wharton,1293252.8557781558
736,Louisiana,Beauregard,149344.59364652552
1514,Texas,Castro,21241.204663605025
558,Iowa,Humboldt,338485.6529557801
1498,Texas,Bowie,8363.589829202498
505,Illinois,Washington,11998.451543227065
274,Georgia,Franklin,6900.223721536476
238,Georgia,Carroll,5020.927833157578
1451,Tennessee,Overton,4444.943994843067
1008,Missouri,Linn,22692.561911048655
1250,Ohio,Shelby,139646.157766531
317,Georgia,Monroe,12000.386441018996
508,Illinois,Whiteside,25359.643380951227
71,Arizona,La Paz,19376.110383868137
350,Georgia,Terrell,57702.032441254414
1668,Texas,Randall,291387.6261675898
1167,North Carolina,Wake,15790.420695689096
609,Iowa,Worth,16997.367730464633
1484,Texas,Archer,9606.497606288714
1170,North Carolina,Watauga,33419.515393520094
459,Illinois,Kendall,44611.45782062544
1161,North Carolina,Surry,218909.16454076962
1688,Texas,Sherman,62702.36333984219
330,Georgia,Polk,170620.24513824293
1087,North Carolina,Buncombe,331150.00738282915
10,Alabama,Chilton,7007.7368671577115
1275,Oklahoma,Choctaw,42234.66288117468
1842,Virginia,Pittsylvania,56682.985006816845
197,Florida,Nassau,106578.81488551121
633,Kentucky,Casey,17283.895249220303
43,Alabama,Madison,27122.7921470866
1421,Tennessee,Hawkins,16898.9413401018
687,Kentucky,Martin,13087.596562659828
1067,Nevada,Humboldt,17043.71454616432
799,Michigan,Bay,4874.435342410464
276,Georgia,Gilmer,167685.8200101493
1128,North Carolina,Lee,5150.846876060564
1553,Texas,Fannin,22690.853345819516
231,Georgia,Bryan,13989.605844360487
971,Missouri,Cedar,248737.8700873732
322,Georgia,Newton,17741.95847442489
1461,Tennessee,Sequatchie,7480.474368123098
1244,Ohio,Putnam,1747782.6762379252
1142,North Carolina,Onslow,279530.75846448133
1015,Missouri,Mercer,24437.69251507223
671,Kentucky,Knox,1555640.0177467647
1685,Texas,Scurry,137581.24961267595
1632,Texas,Marion,21810.187606575542
386,Idaho,Butte,9627.884599947507
299,Georgia,Jones,19997.518508781686
1447,Tennessee,Montgomery,66013.88491928989
1593,Texas,Hudspeth,65469.800528811524
766,Louisiana,Pointe Coupee,9307.525709635414
460,Illinois,Knox,18361.068847838505
1862,Virginia,Sussex,44643.02816125589
1510,Texas,Cameron,315836.7560612289
251,Georgia,Colquitt,28241.50345174231
1011,Missouri,Madison,83850.26432983422
1086,North Carolina,Brunswick,30120.601656237166
708,Kentucky,Pike,42254.56746595066
125,Arkansas,Miller,11611.880921168788
321,Georgia,Muscogee,16952.82011694564
706,Kentucky,Pendleton,10396.209401835016
159,Florida,Broward,8229.01695436241
1681,Texas,San Jacinto,9020.691136189796
75,Arizona,Pima,334920.1326447431
944,Mississippi,Warren,42233.058887442436
1385,South Carolina,York,13123.942301158331
501,Illinois,Union,83927.94300631643
441,Illinois,Franklin,32588.070472641568
1431,Tennessee,Knox,47230.33025161592
1496,Texas,Borden,85489.04084524653
957,Missouri,Barton,19057.87973546557
756,Louisiana,Lafayette,94965.4211892406
1541,Texas,De Witt,111382.23782539146
1365,South Carolina,Horry,68169.7730147529
1127,North Carolina,Jones,28909.133787389488
431,Illinois,Clinton,364344.9490948101
1477,Tennessee,White,144000.35325691136
664,Kentucky,Hopkins,17214.546698403214
1793,Virginia,Craig,56050.98630762286
1858,Virginia,Spotsylvania,2257884.1777882166
1285,Oklahoma,Dewey,28032.620523896967
606,Iowa,Winnebago,6978.170065387666
860,Michigan,Ottawa,60344.65992986257
1422,Tennessee,Haywood,11594.689576707844
169,Florida,Flagler,54785.78577874107
1361,South Carolina,Georgetown,6290.238385634687
1873,New Hampshire,Cheshire,8982.38182324389
626,Kentucky,Butler,370530.0337414955
1397,Tennessee,Chester,53664.85973356581
289,Georgia,Heard,105692.4051017094
243,Georgia,Chattooga,29702.764686203416
199,Florida,Orange,15276.542023436057
1848,Virginia,Rappahannock,59995.02356385574
1775,Virginia,Amherst,3677013.3158702203
1652,Texas,Navarro,11684.42166875676
1714,Texas,Waller,80022.23046409735
1240,Ohio,Pickaway,25831.68827025336
795,Michigan,Antrim,10358.07097959865
396,Idaho,Fremont,13793.743279024206
834,Michigan,Lapeer,6610.316090099632
1470,Tennessee,Unicoi,23938.94950621086
735,Louisiana,Avoyelles,5104.918421295392
167,Florida,Duval,8257.05295295207
1009,Missouri,Livingston,17153.92609003545
434,Illinois,Cumberland,41689.304695390296
426,Illinois,Cass,12687.262059349068
1179,Ohio,Ashtabula,69462.5704442462
949,Mississippi,Winston,4807.7143123147125
1255,Ohio,Union,68498.7162685322
349,Georgia,Telfair,4885.770069005611
1763,Vermont,Chittenden,43789.9424010564
1864,Virginia,Virginia Beach,46889.6021104467
201,Florida,Palm Beach,24130.673853115477
157,Florida,Bradford,88368.89061768292
204,Florida,Polk,99864.95183275024
1790,Virginia,Charlotte,15877.534495862063
691,Kentucky,McLean,179428.8158958305
166,Florida,Dixie,21924.75630541915
883,Mississippi,Clarke,70620.10922589945
129,Arkansas,Nevada,181767.01188534655
392,Idaho,Clearwater,183950.72662901465
530,Iowa,Cherokee,34064.21224456318
1797,Virginia,Dinwiddie,45772.6839598555
84,Arkansas,Boone,10013.228783852279
1037,Missouri,Ralls,25303.568004753088
140,Arkansas,Randolph,16513.44394224631
1540,Texas,Denton,68539.83943056429
401,Idaho,Kootenai,387055.4645027041
79,Arizona,Yuma,190910.60653616858
1171,North Carolina,Wayne,57897.01578587768
1454,Tennessee,Polk,75497.55548613731
1209,Ohio,Harrison,135126.61778810434
521,Iowa,Bremer,13080.2972507038
1757,Utah,Wasatch,520725.4484138366
773,Louisiana,Terrebonne,7409.259455731596
707,Kentucky,Perry,22935.71380027183
1565,Texas,Glasscock,169105.7188059892
450,Illinois,Henry,237984.18935207048
42,Alabama,Macon,162085.19832292607
300,Georgia,Lamar,25732.015601957442
47,Alabama,Mobile,22714.651457239557
962,Missouri,Buchanan,58335.18859497884
358,Georgia,Twiggs,169350.55129172356
385,Idaho,Boundary,43470.11628665124
1596,Texas,Irion,7923.028284581326
1708,Texas,Upton,13528.38482134626
344,Georgia,Sumter,7108.646211147139
190,Florida,Liberty,6507.152626813713
171,Florida,Gadsden,51981.92749174322
227,Georgia,Bibb,34710.27568171014
1025,Missouri,Oregon,179696.8494554196
894,Mississippi,Harrison,64866.54655753368
1026,Missouri,Osage,30808.661824442283
1525,Texas,Comal,64191.00723358761
1497,Texas,Bosque,521642.71342505876
1508,Texas,Calhoun,69929.19331363025
592,Iowa,Sac,112067.93402076505
990,Missouri,Grundy,9106.64497964759
1129,North Carolina,Lenoir,17879.085624982923
1725,Texas,Winkler,19956.65872711192
1795,Virginia,Cumberland,6582.440200572699
686,Kentucky,Marshall,61391.74544763651
578,Iowa,Mitchell,9267.273309950784
1523,Texas,Collingsworth,40467.20342026608
1419,Tennessee,Hardeman,69095.35099007955
1536,Texas,Dallas,22215.33213234197
364,Georgia,Warren,59066.20640679149
1719,Texas,Wheeler,187524.18287317763
529,Iowa,Cerro Gordo,53573.67133040792
57,Alabama,Sumter,47431.355608821
417,Idaho,Washington,3123.0035958010594
324,Georgia,Oglethorpe,642245.00016174
104,Arkansas,Fulton,46201.68186130753
1046,Missouri,Shannon,54762.632849645706
1742,Utah,Iron,5436.291780024399
1225,Ohio,Mahoning,65815.92103162776
282,Georgia,Gwinnett,15862.864623776257
1759,Utah,Wayne,47725.97671745716
629,Kentucky,Campbell,644771.2182273421
208,Florida,Seminole,202920.16841430732
339,Georgia,Screven,158781.9806283144
545,Iowa,Fayette,13480.247342119623
669,Kentucky,Kenton,6913.965837445186
1312,Oklahoma,Murray,54909.75949320015
1245,Ohio,Richland,117906.94227498044
1381,South Carolina,Spartanburg,56076.995276681075
1840,Virginia,Page,5587.9753532512295
1,Alabama,Baldwin,14925.171249376008
1646,Texas,Montague,4468.569885777204
277,Georgia,Glascock,12041.530610829044
421,Illinois,Boone,75134.10070223846
8,Alabama,Chambers,14194.092139147337
188,Florida,Leon,33754.130975276974
316,Georgia,Mitchell,11576.875806025588
1241,Ohio,Pike,171943.40321133667
1371,South Carolina,Lexington,11655.144361366341
76,Arizona,Pinal,71087.4471534299
780,Louisiana,West Carroll,30030.199821616883
930,Mississippi,Rankin,51515.531312347695
1711,Texas,Van Zandt,7487.359157284897
89,Arkansas,Clark,31344.76914468018
1637,Texas,McCulloch,54034.61899241305
837,Michigan,Livingston,15419.132991196257
463,Illinois,Lee,8888.673529743903
331,Georgia,Pulaski,15766.06140693427
526,Iowa,Carroll,31943.77297601681
685,Kentucky,Marion,634421.4759835285
950,Mississippi,Yalobusha,52473.36236275978
646,Kentucky,Floyd,5690.272566191698
583,Iowa,Osceola,14668.621456243267
145,Arkansas,Sevier,6048.663571531112
366,Georgia,Wayne,22195.8061229732
1712,Texas,Victoria,58734.7651208715
1841,Virginia,Patrick,77928.18566360969
215,Florida,Walton,983459.807916187
1283,Oklahoma,Custer,47470.211405021255
1083,North Carolina,Beaufort,11680.294046379375
1206,Ohio,Hamilton,87732.74231330786
988,Missouri,Gentry,62564.59688372158
164,Florida,Collier,43943.681483209024
1526,Texas,Comanche,61337.801267371826
483,Illinois,Peoria,78181.24299887408
854,Michigan,Oceana,7663.770842262915
723,Kentucky,Union,18730.0171753359
1033,Missouri,Platte,343408.91327152384
652,Kentucky,Graves,664953.9286949689
1608,Texas,Kendall,36272.83396987136
112,Arkansas,Izard,44843.86544480071
442,Illinois,Fulton,31024.173997547397
1059,Missouri,Wright,15304.090609248618
1220,Ohio,Licking,18262.312915460192
325,Georgia,Paulding,30900.69016705023
514,Iowa,Adams,3780.916712547142
1691,Texas,Starr,1245990.0704815956
1487,Texas,Austin,53236.866341586145
1315,Oklahoma,Nowata,136505.76443464647
100,Arkansas,Desha,180436.837853342
1105,North Carolina,Davie,6550.488522899165
1480,Texas,Anderson,43293.21349134709
420,Illinois,Bond,223128.65803024027
305,Georgia,Lincoln,8369.241770358447
475,Illinois,McLean,22765.51065980237
1656,Texas,Ochiltree,10611.787011937204
1333,Oklahoma,Tillman,12370.21951183253
262,Georgia,Dougherty,5443.2238943690445
368,Georgia,Wheeler,56074.522913495275
1492,Texas,Bee,122414.57768688447
1458,Tennessee,Robertson,413765.17635698715
1406,Tennessee,Dickson,83611.44837726085
771,Louisiana,Tangipahoa,1057388.5985373063
1366,South Carolina,Jasper,6321.795526105913
1780,Virginia,Bedford,5492.543493593917
986,Missouri,Franklin,12570.128878953958
1465,Tennessee,Stewart,2944.3698748774796
1690,Texas,Somervell,569132.6370923327
1450,Tennessee,Obion,45107.93955448765
1071,Nevada,Mineral,391857.8822073676
1727,Texas,Wood,15224757.54585262
1300,Oklahoma,Kingfisher,27047.596680519335
693,Kentucky,Menifee,25719.657906742745
1411,Tennessee,Gibson,26658.06413330559
1124,North Carolina,Iredell,140141.78601076573
58,Alabama,Talladega,9743.9470145151
1068,Nevada,Lander,5170.777164069913
1318,Oklahoma,Okmulgee,18331.86057314133
1476,Tennessee,Weakley,28992.039181159606
1619,Texas,Lampasas,13130.797200075025
472,Illinois,Massac,31044.27381637101
869,Michigan,Washtenaw,110686.58160670075
230,Georgia,Brooks,31224.31869274053
1667,Texas,Rains,5889.65315697913
1754,Utah,Tooele,34914.30654117026
1445,Tennessee,Meigs,841769.4410751946
931,Mississippi,Scott,42208.430571701254
1664,Texas,Polk,45398.663213680884
1412,Tennessee,Giles,13867.112932928887
586,Iowa,Plymouth,137910.92425294282
590,Iowa,Poweshiek,13739.886112173843
1196,Ohio,Delaware,20140.57560928528
1360,South Carolina,Florence,197763.82582772605
1052,Missouri,Texas,173644.16128856392
1402,Tennessee,Crockett,343473.2307161758
1211,Ohio,Highland,35288.35208725226
1230,Ohio,Miami,41465.92396621325
413,Idaho,Shoshone,29290.730526829437
1286,Oklahoma,Ellis,5384.801949202725
561,Iowa,Jackson,28808.34401560682
408,Idaho,Nez Perce,13403.350125595494
790,Massachusetts,Worcester,22232.09257269461
816,Michigan,Gladwin,13943.161633463795
154,Florida,Alachua,3743.408812539724
1081,North Carolina,Ashe,195721.4075663339
301,Georgia,Lanier,82739.330824769
1473,Tennessee,Warren,29815.251984463586
1464,Tennessee,Smith,34884.02160645996
1665,Texas,Potter,27552.76024045342
1602,Texas,Jim Hogg,15032.58417400843
801,Michigan,Berrien,10758.846125389302
1469,Tennessee,Trousdale,9198.80099320215
836,Michigan,Lenawee,530501.1000504822
455,Illinois,Jersey,41323.576653454504
378,Idaho,Bear Lake,2213305.3696690956
3,Alabama,Bibb,4980.287563888084
1805,Virginia,Giles,21916.411253351565
562,Iowa,Jasper,20878.399833768704
1753,Utah,Summit,5247.249757855785
1095,North Carolina,Chatham,8596.832838451175
1297,Oklahoma,Jefferson,24744.83904366345
876,Mississippi,Benton,385754.7493223337
1615,Texas,Kleberg,18065.22250235622
311,Georgia,Marion,231869.17549253022
1699,Texas,Terrell,13223.96898086367
1110,North Carolina,Franklin,53588.13577446845
1336,Oklahoma,Washington,102419.41967149854
1102,North Carolina,Cumberland,16561.667729487832
342,Georgia,Stephens,12120.334657408905
1177,Ohio,Allen,10008.086402395962
495,Illinois,Schuyler,5509.3047615360665
77,Arizona,Santa Cruz,99406.0714536368
250,Georgia,Coffee,24446.56898876605
911,Mississippi,Leflore,16720.67991065773
829,Michigan,Kalamazoo,6931.343171634556
1061,Nevada,Churchill,323459.77862478694
966,Missouri,Camden,43808.804822562495
5,Alabama,Bullock,69123.59650655865
1334,Oklahoma,Tulsa,34384.12615166518
924,Mississippi,Pearl River,8913.086913842715
320,Georgia,Murray,94535.9389943496
1504,Texas,Brown,159017.38097932164
1269,Oklahoma,Blaine,4365.052733542711
856,Michigan,Ontonagon,42736.03684001124
1800,Virginia,Fauquier,60976.065790233915
1432,Tennessee,Lake,10930.829803208708
329,Georgia,Pike,22391.79986192411
1103,North Carolina,Dare,154460.7224592541
632,Kentucky,Carter,64964.00327753716
1739,Utah,Emery,33044.57339278357
635,Kentucky,Clark,97647.00341722378
446,Illinois,Hamilton,37389.437936706345
1302,Oklahoma,Latimer,11113.270093279181
51,Alabama,Perry,18458.880178293246
984,Missouri,Douglas,72109.87244864153
815,Michigan,Genesee,88203.45765917754
656,Kentucky,Hancock,23149.552609820406
1814,Virginia,Henrico,10641.733752469667
1639,Texas,McMullen,34382.482761669686
1655,Texas,Nueces,42937.684728508815
390,Idaho,Cassia,13362.427298838875
775,Louisiana,Vermilion,7233.653893180276
1076,Nevada,White Pine,67059.63705691563
1123,North Carolina,Hyde,78564.81253660777
295,Georgia,Jeff Davis,125243.78512344947
155,Florida,Baker,16374.228220799954
1332,Oklahoma,Texas,69812.8914995276
537,Iowa,Dallas,35496.73120432177
1855,Virginia,Shenandoah,25409.81537600173
888,Mississippi,Forrest,84423.02461682112
275,Georgia,Fulton,44930.72833309517
296,Georgia,Jefferson,6832.918638826998
61,Alabama,Walker,171855.65931328692
1585,Texas,Henderson,19876.13834863984
791,Michigan,Alcona,174022.279044056
1467,Tennessee,Sumner,76089.18654595016
340,Georgia,Seminole,34266.80912022773
242,Georgia,Chattahoochee,13697.116409289607
1468,Tennessee,Tipton,38886.52132224666
806,Michigan,Cheboygan,250672.86784581663
1813,Virginia,Hanover,11530.843217881773
1120,North Carolina,Henderson,323472.42581112194
6,Alabama,Butler,9872.489519138127
1879,New Hampshire,Strafford,15114.651154531679
439,Illinois,Fayette,4298.411912049671
720,Kentucky,Todd,1154664.8386336993
1554,Texas,Fayette,38280.83024633465
1324,Oklahoma,Pontotoc,1503115.6911017755
556,Iowa,Henry,213213.22934515396
593,Iowa,Scott,422161.0032674633
1101,North Carolina,Craven,32591.070527587097
587,Iowa,Pocahontas,10117.417204506994
1828,Virginia,Mathews,125070.84279084965
726,Kentucky,Wayne,11689.357854220849
178,Florida,Hernando,61604.8729391296
1053,Missouri,Vernon,973436.8624455958
681,Kentucky,Logan,10979.953387944483
1265,Oklahoma,Alfalfa,18551.260024405132
379,Idaho,Benewah,88107.31774275807
1070,Nevada,Lyon,272453.6029848271
1657,Texas,Oldham,12765.01381203597
645,Kentucky,Fleming,16922.384884873707
866,Michigan,Shiawassee,5964.517672267145
808,Michigan,Clare,234584.86182512093
1506,Texas,Burnet,15082.673915972657
1520,Texas,Coke,38440.102519265776
1768,Vermont,Rutland,18452.344036999748
1323,Oklahoma,Pittsburg,17198.029939316166
1154,North Carolina,Rockingham,54513.843230933366
457,Illinois,Kane,1537347.3053195456
1039,Missouri,Ray,18128.861512599473
1586,Texas,Hidalgo,5718.240911223679
882,Mississippi,Claiborne,23049.588202854648
1654,Texas,Nolan,12822.55365390673
1606,Texas,Karnes,26667.54502432037
817,Michigan,Gogebic,7173.070193091576
1631,Texas,Madison,10482.609179150331
1835,Virginia,Norfolk,4991.605081396433
220,Georgia,Baker,21316.091783995493
1695,Texas,Sutton,39776.95283053575
375,Idaho,Ada,35028.66929157996
1176,Ohio,Adams,82828.1392383742
1051,Missouri,Taney,52552.122892633895
81,Arkansas,Ashley,427146.65786021994
248,Georgia,Clinch,5289.331219508905
1180,Ohio,Athens,9483.072772119423
618,Kentucky,Boone,512308.1933874087
914,Mississippi,Madison,61398.938846274505
744,Louisiana,Claiborne,10982.246963030442
14,Alabama,Cleburne,18974.753932406074
1045,Missouri,Scott,11277.18416420838
202,Florida,Pasco,30621.80405918888
615,Kentucky,Barren,44268.80355859638
1425,Tennessee,Hickman,44878.71580722392
1660,Texas,Panola,224856.78159070265
1598,Texas,Jackson,110375.99787179811
383,Idaho,Bonner,10197.965347338866
1474,Tennessee,Washington,1833868.8935764146
271,Georgia,Fayette,648506.6780002527
734,Louisiana,Assumption,63325.09694279107
517,Iowa,Audubon,185481.359659347
1148,North Carolina,Person,5005.38091859149
1444,Tennessee,McNairy,96890.06054575763
863,Michigan,Saginaw,32371.4010579701
1524,Texas,Colorado,14717.887707660784
1640,Texas,Medina,210976.6225711748
468,Illinois,Madison,689808.6829187864
1623,Texas,Liberty,10196.597336151084
226,Georgia,Berrien,57439.40396003665
759,Louisiana,Livingston,1680897.2428421027
1420,Tennessee,Hardin,8803.337920679784
709,Kentucky,Powell,8334.356847040252
211,Florida,Taylor,5081.033476691345
1674,Texas,Roberts,207078.0070990927
598,Iowa,Taylor,2864.3157392071544
1242,Ohio,Portage,13452.970128630259
1208,Ohio,Hardin,359545.9666399166
22,Alabama,Dale,25610.63610467013
516,Iowa,Appanoose,6108.471717447721
148,Arkansas,Union,47475.97516106081
1262,Ohio,Wood,28891.374317710386
684,Kentucky,Magoffin,15050.146981835214
989,Missouri,Greene,4370.638734813322
499,Illinois,Stephenson,18079.90554951723
1210,Ohio,Henry,485999.687388135
1111,North Carolina,Gaston,192560.61643850172
432,Illinois,Coles,11922.0876572049
272,Georgia,Floyd,1138268.2254724454
727,Kentucky,Webster,19611.049907466895
1559,Texas,Franklin,8022.77018769712
1747,Utah,Piute,140929.93902315793
1743,Utah,Juab,1235137.6603851768
1806,Virginia,Gloucester,27511.8334420271
649,Kentucky,Gallatin,4529.035768620226
1368,South Carolina,Lancaster,352318.878966148
945,Mississippi,Washington,1154243.4399216273
1834,Virginia,Newport News,64408.07434171722
1096,North Carolina,Cherokee,35432.311394406686
1305,Oklahoma,Love,16018.504427404805
179,Florida,Highlands,27270.99007404648
631,Kentucky,Carroll,37520.84437103603
921,Mississippi,Noxubee,36752.74806073815
1603,Texas,Jim Wells,55741.47987529023
1865,Virginia,Warren,32228.40763082277
622,Kentucky,Bracken,17348.383268198424
90,Arkansas,Clay,459979.4033381179
12,Alabama,Clarke,4362.138866781061
11,Alabama,Choctaw,168962.8969739073
293,Georgia,Jackson,25623.833032888557
160,Florida,Calhoun,11228.053559523432
1771,Vermont,Windsor,9569.723449261304
1145,North Carolina,Pasquotank,103617.17560395272
1041,Missouri,Ripley,5941.221653340167
466,Illinois,Macon,90392.03033257039
273,Georgia,Forsyth,17152.27720351654
937,Mississippi,Tallahatchie,23764.1270625412
690,Kentucky,McCreary,37751.9361796885
641,Kentucky,Edmonson,258584.98044441317
290,Georgia,Henry,67295.39166319052
369,Georgia,White,202387.07214331382
1580,Texas,Harrison,40506.821673399005
1172,North Carolina,Wilkes,41625.608775465844
1720,Texas,Wichita,5235.876074292089
538,Iowa,Davis,14868.15046389385
405,Idaho,Lincoln,22889.996364418148
414,Idaho,Teton,50685.73668168609
1591,Texas,Houston,20801.29635166043
1628,Texas,Loving,36096.57944099833
943,Mississippi,Walthall,27664.63251251834
748,Louisiana,East Feliciana,2117731.100854655
1571,Texas,Grimes,87627.00504602645
1778,Virginia,Augusta,37638.00171292826
292,Georgia,Irwin,22859.72433991724
1236,Ohio,Noble,10803.633681437854
904,Mississippi,Kemper,120989.49810769055
979,Missouri,Crawford,21289.676296397894
489,Illinois,Putnam,20023.48627533293
78,Arizona,Yavapai,48386.173224447855
994,Missouri,Holt,69520.31978190568
1618,Texas,Lamb,37468.4153278638
359,Georgia,Union,21477.08402451068
453,Illinois,Jasper,10286.37004177474
983,Missouri,Dent,38813.7505667707
525,Iowa,Calhoun,5585.0776116930965
657,Kentucky,Hardin,18193.596777767543
927,Mississippi,Pontotoc,16579.113440278812
1125,North Carolina,Jackson,14248.032536652896
661,Kentucky,Henderson,37713.13747959074
381,Idaho,Blaine,20827.14936133599
1337,Oklahoma,Washita,10314.369762522696
1399,Tennessee,Clay,9873.109045282883
1581,Texas,Hartley,41044.1100272966
1224,Ohio,Madison,88195.49516610419
918,Mississippi,Montgomery,275114.4418644086
623,Kentucky,Breathitt,43057.803651724
1159,North Carolina,Stanly,28084.798782746428
172,Florida,Gilchrist,13436.314198402402
1488,Texas,Bailey,6579.809334857774
119,Arkansas,Lincoln,15585.706246618563
1570,Texas,Gregg,18459.351289080492
1676,Texas,Rockwall,26424.404296737506
194,Florida,Martin,128148.47888861327
113,Arkansas,Jackson,45968.19214158854
879,Mississippi,Carroll,27111.21325435066
573,Iowa,Madison,52768.78282519304
737,Louisiana,Bienville,6515.592878169214
348,Georgia,Taylor,95103.06684276536
449,Illinois,Henderson,4575.0684581498645
1092,North Carolina,Carteret,26591.224168964272
1355,South Carolina,Darlington,145735.88442128527
96,Arkansas,Crawford,8214.183572950114
1219,Ohio,Lawrence,75096.76892564984
934,Mississippi,Smith,36202.886561824576
653,Kentucky,Grayson,20085.321770808463
206,Florida,Santa Rosa,67124.7869432158
1587,Texas,Hill,63610.67155734332
1150,North Carolina,Polk,30707.637843398785
1343,South Carolina,Anderson,60543.844949086466
619,Kentucky,Bourbon,61276.084870418454
397,Idaho,Gem,17921.405499191653
1094,North Carolina,Catawba,45488.0523903628
1185,Ohio,Carroll,194231.11507892807
40,Alabama,Limestone,16614.485692700797
1280,Oklahoma,Cotton,16351.183264894582
247,Georgia,Clayton,28792.970044362333
1439,Tennessee,Madison,10421.733235548041
284,Georgia,Hall,72316.96885524638
436,Illinois,Edgar,17420.263258489213
1279,Oklahoma,Comanche,27603.811784892165
485,Illinois,Piatt,36849.797944978825
1427,Tennessee,Humphreys,23924.327757530536
1429,Tennessee,Jefferson,9430.992796100092
1364,South Carolina,Hampton,4992.510314547919
1112,North Carolina,Gates,7563.929111620384
133,Arkansas,Phillips,26093.67186347449
1702,Texas,Titus,102813.059789325
749,Louisiana,Evangeline,11126.128699060295
985,Missouri,Dunklin,84349.11779418496
1503,Texas,Brooks,19616.592713178925
1614,Texas,Kinney,21536.233020006246
151,Arkansas,White,18143.346451540205
560,Iowa,Iowa,15929.080778605241
1792,Virginia,Clarke,323791.44711399794
147,Arkansas,Stone,30460.72963998364
1359,South Carolina,Fairfield,50623.912454841804
849,Michigan,Montcalm,260773.6497074866
236,Georgia,Camden,5438.318213581974
741,Louisiana,Caldwell,61462.617197425185
772,Louisiana,Tensas,10629.156131491944
399,Idaho,Jefferson,91861.01960744904
235,Georgia,Calhoun,35985.82328151315
522,Iowa,Buchanan,129738.85528784178
88,Arkansas,Chicot,70375.2949734346
662,Kentucky,Henry,209846.7367687595
491,Illinois,Richland,12431.552148282837
1274,Oklahoma,Cherokee,954291.1753917581
531,Iowa,Chickasaw,24049.723993950276
1099,North Carolina,Cleveland,260398.13462671085
714,Kentucky,Russell,71751.90626668876
1345,South Carolina,Barnwell,10509.771067824213
1317,Oklahoma,Oklahoma,1169676.6761164307
1462,Tennessee,Sevier,51553.35343756785
337,Georgia,Rockdale,21823.80967782179
1063,Nevada,Douglas,14434.664714192166
1075,Nevada,Washoe,342943.096479284
1584,Texas,Hemphill,5627.932646547771
1246,Ohio,Ross,156890.82699895516
638,Kentucky,Crittenden,23926.934428967645
504,Illinois,Warren,14922.068923731409
1850,Virginia,Roanoke,88657.69224772279
1281,Oklahoma,Craig,3796.887353718713
574,Iowa,Mahaska,146209.07964393697
59,Alabama,Tallapoosa,7791.553434115066
229,Georgia,Brantley,14907.155997523203
1401,Tennessee,Coffee,9542.341658913543
1694,Texas,Stonewall,6926.782681724615
355,Georgia,Treutlen,17061.451643748806
1782,Virginia,Botetourt,11455.927439300707
713,Kentucky,Rowan,78178.67009975524
1772,Virginia,Albemarle,6395.02096719697
1622,Texas,Leon,11147.386971505663
222,Georgia,Banks,8379.031101970493
1826,Virginia,Lunenburg,10142.036822706352
785,Massachusetts,Franklin,154610.72811493417
1088,North Carolina,Burke,38790.170750578865
630,Kentucky,Carlisle,40440.53744421668
874,Mississippi,Amite,1857094.8096521623
820,Michigan,Hillsdale,11420.565646104722
755,Louisiana,Jefferson,11922.815036559183
844,Michigan,Mecosta,217125.22613439854
1252,Ohio,Summit,19525.96560478117
122,Arkansas,Lonoke,23553.553113440692
1611,Texas,Kerr,7341.296641048175
1715,Texas,Ward,12778.557363666348
1331,Oklahoma,Stephens,7675.11448356196
402,Idaho,Latah,51876.54146582419
1055,Missouri,Washington,672719.7430420943
1472,Tennessee,Van Buren,16219.607056334324
1157,North Carolina,Sampson,9803.602157903606
400,Idaho,Jerome,38180.54024732393
922,Mississippi,Oktibbeha,19510.236543853567
776,Louisiana,Vernon,9558.443714701267
648,Kentucky,Fulton,14801.080529909823
1212,Ohio,Hocking,117218.23795687695
170,Florida,Franklin,16442.55666389623
818,Michigan,Grand Traverse,123842.91071511472
1393,Tennessee,Cannon,410594.9257330212
1342,South Carolina,Allendale,106877.35495525363
28,Alabama,Franklin,64491.397818595906
995,Missouri,Howard,6233.614137311573
783,Massachusetts,Barnstable,1003206.2442878094
1231,Ohio,Monroe,9548.228749700584
1188,Ohio,Clermont,10976.317441604207
728,Kentucky,Whitley,372097.82623263955
130,Arkansas,Newton,37361.04348270485
1767,Vermont,Orange,19809.410262023277
29,Alabama,Geneva,18430.95070136894
102,Arkansas,Faulkner,26478.84964569177
1548,Texas,Edwards,53087.283075623825
427,Illinois,Champaign,175017.02225600576
1669,Texas,Reagan,31849.002498812286
1692,Texas,Stephens,24393.47892388722
94,Arkansas,Conway,22102.566038139834
1851,Virginia,Rockbridge,10641.824686327016
200,Florida,Osceola,23641.685805734658
898,Mississippi,Issaquena,393453.3476817811
74,Arizona,Navajo,497401.39053347387
1801,Virginia,Floyd,22562.887973058943
326,Georgia,Peach,31010.338323388412
811,Michigan,Delta,19241.66110311948
1204,Ohio,Greene,481461.3862012313
50,Alabama,Morgan,8854.851613812329
796,Michigan,Arenac,11528.435553688441
998,Missouri,Jackson,10181.560010703459
1671,Texas,Red River,61464.069555354385
1519,Texas,Cochran,21733.20405138583
923,Mississippi,Panola,24146.60297037182
747,Louisiana,East Carroll,34578.32011478306
893,Mississippi,Hancock,29620.82159955848
916,Mississippi,Marshall,4273.443565519412
203,Florida,Pinellas,13111.431007161651
1737,Utah,Davis,13628.773259685593
769,Louisiana,Richland,1664687.8157296188
280,Georgia,Grady,240818.6587142092
1499,Texas,Brazoria,129160.49179449033
543,Iowa,Dubuque,27749.630204214962
338,Georgia,Schley,41302.368379077685
637,Kentucky,Clinton,11457.590175996567
683,Kentucky,Madison,75428.32520105991
191,Florida,Madison,65423.9731262267
1825,Virginia,Louisa,10727.290435557647
1852,Virginia,Rockingham,113229.98604192972
1217,Ohio,Knox,10073.839304229055
357,Georgia,Turner,36411.8134911729
144,Arkansas,Sebastian,294707.87751777086
938,Mississippi,Tate,11734.877511489809
843,Michigan,Mason,23010.823610130334
314,Georgia,Meriwether,212380.48958759996
105,Arkansas,Garland,13916.785254165097
111,Arkansas,Independence,11022.25221143371
1677,Texas,Runnels,4540.372722379635
1502,Texas,Briscoe,109696.21238470807
1723,Texas,Williamson,32346.159648077337
1192,Ohio,Crawford,80028.21423239392
410,Idaho,Owyhee,21750.248750413077
1466,Tennessee,Sullivan,8030.002398837357
557,Iowa,Howard,20302.253136736635
232,Georgia,Bulloch,12060.604770581906
335,Georgia,Randolph,132268.46192019046
153,Arkansas,Yell,59503.32555619326
1189,Ohio,Clinton,7743.872924772446
846,Michigan,Midland,3143.552594093284
1047,Missouri,Shelby,25172.403878918554
1363,South Carolina,Greenwood,10311.017247068523
511,Illinois,Winnebago,7834.11091716922
452,Illinois,Jackson,23462.798528000843
307,Georgia,Lowndes,38412.70278861593
932,Mississippi,Sharkey,56794.88477272027
523,Iowa,Buena Vista,152958.73438225602
1452,Tennessee,Perry,240997.72108616668
318,Georgia,Montgomery,30848.924126965627
1243,Ohio,Preble,34920.75950962805
1428,Tennessee,Jackson,119334.64628883984
1610,Texas,Kent,10659.277031285452
1140,North Carolina,New Hanover,8378.16016431507
440,Illinois,Ford,70783.82505839113
1410,Tennessee,Franklin,42713.63253651458
1338,Oklahoma,Woods,327814.8743232547
486,Illinois,Pike,61643.17756062737
1396,Tennessee,Cheatham,14096.60767477533
476,Illinois,Menard,11701.073703374252
1106,North Carolina,Duplin,554149.9546256734
1749,Utah,Salt Lake,6436.726084963997
360,Georgia,Upson,9079.627003066918
1481,Texas,Andrews,18473.570699888638
225,Georgia,Ben Hill,29835.702148944678
37,Alabama,Lauderdale,7031.498815809036
1589,Texas,Hood,1394974.9306864904
1634,Texas,Mason,17047.55752566153
1740,Utah,Garfield,19570.572527619024
1675,Texas,Robertson,50076.2410654947
991,Missouri,Harrison,60318.777060304295
953,Missouri,Andrew,13365.345677766978
1722,Texas,Willacy,15051.102009594606
1460,Tennessee,Scott,9281.81300723038
1566,Texas,Goliad,25653.019923401935
1777,Virginia,Arlington,23036.572525930787
1620,Texas,La Salle,56648.34996179387
56,Alabama,Shelby,89974.59060027768
763,Louisiana,Orleans,136860.6836663306
1374,South Carolina,McCormick,13611.174311996017
956,Missouri,Barry,146536.288299962
1512,Texas,Carson,1081205.4135111421
418,Illinois,Adams,7778.362669543093
1456,Tennessee,Rhea,546564.6725407819
1744,Utah,Kane,58913.74211127749
15,Alabama,Coffee,27762.618316034892
1785,Virginia,Buckingham,127404.7560445181
1629,Texas,Lubbock,7313.027728257678
1139,North Carolina,Nash,8764.14089547391
362,Georgia,Walton,14795.135245309099
955,Missouri,Audrain,6518.875848339755
1367,South Carolina,Kershaw,10297.591940477028
555,Iowa,Harrison,28607.774395297398
1134,North Carolina,McDowell,72487.36485106376
1144,North Carolina,Pamlico,107946.37018891731
1042,Missouri,Saline,9409.26348678333
1817,Virginia,Isle of Wight,11636.411639052296
372,Georgia,Wilkes,9375.302716861883
1066,Nevada,Eureka,62177.29233236613
1136,North Carolina,Mitchell,9961.626524916377
1308,Oklahoma,Mayes,319022.2354223652
1162,North Carolina,Swain,8966.748664587418
108,Arkansas,Hempstead,13710.849412879155
596,Iowa,Story,47279.76988855036
482,Illinois,Ogle,11882.286429379747
1449,Tennessee,Morgan,9712.30849086808
1234,Ohio,Morrow,4380.5758599935925
462,Illinois,Lawrence,35483.79897905277
1056,Missouri,Wayne,4807.646223341941
127,Arkansas,Monroe,8324.31202147511
1029,Missouri,Perry,7889.951804087659
1060,Nevada,Carson City,21533.936032965088
447,Illinois,Hancock,235973.95445114275
710,Kentucky,Pulaski,302360.993668025
1306,Oklahoma,Major,35525.65968455781
473,Illinois,McDonough,13344.69644674475
1811,Virginia,Halifax,44026.09529885004
1115,North Carolina,Greene,11869.277690177802
692,Kentucky,Meade,33170.907391241744
1822,Virginia,Lancaster,88481.5013057094
611,Kentucky,Adair,12928.62969562784
668,Kentucky,Johnson,26444.804217976325
1876,New Hampshire,Hillsborough,15404.123612692405
500,Illinois,Tazewell,517259.1514200801
1530,Texas,Cottle,29717.871880547456
886,Mississippi,Copiah,23212.428424254325
900,Mississippi,Jackson,7200.792819277712
724,Kentucky,Warren,34818.95386412205
1844,Virginia,Prince Edward,28176.765710471354
1651,Texas,Nacogdoches,266058.19595313916
588,Iowa,Polk,10669.128177938892
1254,Ohio,Tuscarawas,21245.48645103571
1658,Texas,Orange,13605.16580232402
1627,Texas,Llano,23530.449965759417
134,Arkansas,Pike,34580.94941174724
1868,Virginia,Wise,33381.01460511621
1058,Missouri,Worth,18543.242159373778
999,Missouri,Jasper,800016.1857504327
24,Alabama,Elmore,96295.72178090061
667,Kentucky,Jessamine,101616.04354329313
1223,Ohio,Lucas,10834.090244442172
49,Alabama,Montgomery,18586.361835700092
494,Illinois,Sangamon,5737.253019870884
1493,Texas,Bell,361643.4217080706
960,Missouri,Bollinger,14162.92534135963
1380,South Carolina,Saluda,121175.51744147245
993,Missouri,Hickory,11519.724552426607
1289,Oklahoma,Grady,142616.86616672322
919,Mississippi,Neshoba,331620.20143129857
1372,South Carolina,Marion,20680.35393437471
265,Georgia,Echols,14169.127078128835
1750,Utah,San Juan,37620.59536483571
205,Florida,Putnam,21385.790718059743
912,Mississippi,Lincoln,24904.456237815684
865,Michigan,Schoolcraft,39838.34465412649
1648,Texas,Moore,24024.885383224002
131,Arkansas,Ouachita,34805.428080431964
1495,Texas,Blanco,17785.567925662537
1072,Nevada,Nye,12939.436757001446
666,Kentucky,Jefferson,17742.84973724191
1784,Virginia,Buchanan,104076.75447396794
565,Iowa,Jones,6661.383269510355
977,Missouri,Cole,26902.671730555314
165,Florida,Columbia,52717.44446775838
406,Idaho,Madison,79600.83324930505
1529,Texas,Coryell,77746.52432831682
1509,Texas,Callahan,20948.44279842277
223,Georgia,Barrow,38814.4803224133
933,Mississippi,Simpson,29800.08356767181
551,Iowa,Guthrie,10059.737015584473
1118,North Carolina,Harnett,81822.12083290164
1633,Texas,Martin,43242.07327063539
673,Kentucky,Laurel,15683.116450813368
614,Kentucky,Ballard,32278.516294470643
346,Georgia,Taliaferro,45905.18004354413
643,Kentucky,Estill,49778.743333197985
680,Kentucky,Livingston,31385.717673501167
1617,Texas,Lamar,14573.513432380068
1824,Virginia,Loudoun,4433.973255248255
1494,Texas,Bexar,2154469.3656431222
365,Georgia,Washington,1362569.7176119883
1770,Vermont,Windham,42024.47349198672
644,Kentucky,Fayette,4357947.132557619
712,Kentucky,Rockcastle,10501.47951962121
1378,South Carolina,Pickens,18081.756632160104
395,Idaho,Franklin,11726.767127710735
391,Idaho,Clark,5753.1765888038935
1479,Tennessee,Wilson,33372.99924733323
1867,Virginia,Westmoreland,168553.1642634485
1758,Utah,Washington,34271.415711252404
1745,Utah,Millard,10719.287189180035
1612,Texas,Kimble,42476.744023340034
1226,Ohio,Marion,21435.966215173277
1182,Ohio,Belmont,6588.96804057287
1440,Tennessee,Marion,13412.13579882874
150,Arkansas,Washington,1369800.7257387512
871,Michigan,Wexford,62025.91317729932
1362,South Carolina,Greenville,67886.79412060806
492,Illinois,Rock Island,10967.685486348235
658,Kentucky,Harlan,23892.896838402987
823,Michigan,Ingham,4197.171901550021
228,Georgia,Bleckley,250090.86804618532
1005,Missouri,Lawrence,36182.54937729577
415,Idaho,Twin Falls,4484.115163294395
1239,Ohio,Perry,26178.283530604156
304,Georgia,Liberty,18943.64440838913
1788,Virginia,Carroll,15470.879508007009
1027,Missouri,Ozark,147966.3340088012
0,Alabama,Autauga,8081.439299558321
1838,Virginia,Nottoway,44498.48296794119
827,Michigan,Isabella,10432.765722857155
363,Georgia,Ware,881340.8066021563
7,Alabama,Calhoun,19729.396348930302
287,Georgia,Harris,13143.426156911542
1023,Missouri,Newton,22485.3790969537
946,Mississippi,Wayne,19673.92856373606
1735,Utah,Carbon,9276.834501773126
124,Arkansas,Marion,18247.179527478263
389,Idaho,Caribou,51905.4846338986
1798,Virginia,Essex,26591.346865887004
839,Michigan,Mackinac,132129.99106842082
101,Arkansas,Drew,11009.721305948357
1543,Texas,Dimmit,204059.81657480527
1313,Oklahoma,Muskogee,52334.06543898505
1501,Texas,Brewster,3271.494497671813
625,Kentucky,Bullitt,221786.89934078656
1443,Tennessee,McMinn,24608.759435972155
34,Alabama,Jackson,94480.88680129053
848,Michigan,Monroe,40962.87209332542
699,Kentucky,Muhlenberg,4871.913771344129
302,Georgia,Laurens,15600.101382358904
1418,Tennessee,Hancock,140566.59208147024
336,Georgia,Richmond,219425.76280707662
620,Kentucky,Boyd,46639.98160562999
974,Missouri,Clark,6703.302372775835
1256,Ohio,Van Wert,26121.388210802415
1482,Texas,Angelina,85849.68842128987
260,Georgia,Dodge,658102.0683122192
261,Georgia,Dooly,103582.2384308225
1678,Texas,Rusk,17925.71108300201
1341,South Carolina,Aiken,18391.217154230784
559,Iowa,Ida,49143.638447431134
291,Georgia,Houston,210617.7337970014
674,Kentucky,Lawrence,60943.89755554204
1012,Missouri,Maries,78643.50810669112
180,Florida,Hillsborough,9260.140462812305
371,Georgia,Wilcox,114121.90262247298
701,Kentucky,Nicholas,22412.07538266253
697,Kentucky,Montgomery,88736.12063157457
1276,Oklahoma,Cimarron,58220.077725206305
1804,Virginia,Frederick,39991.3259103391
585,Iowa,Palo Alto,57778.35709031679
899,Mississippi,Itawamba,21313.8238822699
388,Idaho,Canyon,26734.4838813522
319,Georgia,Morgan,13590.415998549171
1561,Texas,Frio,4907.309702192306
1322,Oklahoma,Payne,31220.006787724127
1232,Ohio,Montgomery,4780.408664000285
1151,North Carolina,Randolph,11038.280089562135
1490,Texas,Bastrop,8289.422605426145
964,Missouri,Caldwell,5033.499372966888
110,Arkansas,Howard,9926.544036813802
1786,Virginia,Campbell,82242.6681532729
810,Michigan,Crawford,168072.32806374473
313,Georgia,McIntosh,7837.165123700653
465,Illinois,Logan,30471.48969567643
568,Iowa,Lee,25300.696353581014
263,Georgia,Douglas,24693.882917162704
1453,Tennessee,Pickett,71762.83953416509
1748,Utah,Rich,4784.56714316132
1721,Texas,Wilbarger,28716.460484796626
255,Georgia,Crawford,32312.269477693935
842,Michigan,Marquette,763505.3619463252
1621,Texas,Lee,10405.198230324593
831,Michigan,Kent,63881.44357382558
533,Iowa,Clay,15830.078434938718
394,Idaho,Elmore,71040.45474076291
853,Michigan,Oakland,241982.1145751924
23,Alabama,Dallas,386055.83593865606
754,Louisiana,Jackson,21777.41610220554
554,Iowa,Hardin,134356.24156738896
570,Iowa,Louisa,151554.80154523297
1762,Vermont,Bennington,106510.96073753531
1272,Oklahoma,Canadian,732164.018340344
564,Iowa,Johnson,20084.565593561238
675,Kentucky,Lee,136168.87087434361
739,Louisiana,Caddo,513557.5580047504
887,Mississippi,Covington,254126.88879957513
1649,Texas,Morris,634945.7918847705
1260,Ohio,Wayne,4834.637100632388
803,Michigan,Calhoun,43469.102609269554
1238,Ohio,Paulding,24429.530287360667
254,Georgia,Coweta,25236.383133941923
1486,Texas,Atascosa,13778.679091244006
136,Arkansas,Polk,32871.10555320421
1701,Texas,Throckmorton,82705.29809652708
1113,North Carolina,Graham,16746.164531087306
1400,Tennessee,Cocke,63727.61374554128
627,Kentucky,Caldwell,43062.27195478918
87,Arkansas,Carroll,40442.51652167078
1511,Texas,Camp,37204.30095107289
1263,Ohio,Wyandot,124832.60472420945
909,Mississippi,Leake,168942.95932660502
1857,Virginia,Southampton,85567.14089673568
548,Iowa,Fremont,7770.4278591615275
423,Illinois,Bureau,14462.550692670562
1796,Virginia,Dickenson,261842.06046479472
1574,Texas,Hall,64345.66316327594
861,Michigan,Presque Isle,9437.466812834771
1783,Virginia,Brunswick,30030.929473986856
123,Arkansas,Madison,56484.235245684125
1215,Ohio,Jackson,64507.982444943926
1304,Oklahoma,Logan,12357.078244556511
905,Mississippi,Lafayette,77251.03424765186
682,Kentucky,Lyon,56967.64102040906
64,Alabama,Winston,10300.613027407608
1693,Texas,Sterling,52766.05852567303
940,Mississippi,Tishomingo,296377.8448630204
1395,Tennessee,Carter,76606.36865063597
594,Iowa,Shelby,13905.542729608507
1383,South Carolina,Union,7894.890462394358
1000,Missouri,Jefferson,5766.015478023998
1682,Texas,San Patricio,12057.745385693284
183,Florida,Jackson,24254.705381264495
256,Georgia,Crisp,19188.557556348682
224,Georgia,Bartow,27742.24389874738
1779,Virginia,Bath,349358.33374535496
1082,North Carolina,Avery,170724.16614249616
1475,Tennessee,Wayne,18778.354573540735
978,Missouri,Cooper,439300.368219415
835,Michigan,Leelanau,89124.18650428051
92,Arkansas,Cleveland,6508.391797025456
721,Kentucky,Trigg,106262.48669497197
1202,Ohio,Gallia,14677.199487106851
1417,Tennessee,Hamilton,16298.915437651822
294,Georgia,Jasper,5833.735628813214
753,Louisiana,Iberville,31771.492727777277
1098,North Carolina,Clay,6424.478890661473
176,Florida,Hardee,10896.266897480678
1666,Texas,Presidio,32669.420231012005
804,Michigan,Cass,6218.557273593775
1435,Tennessee,Lewis,13315.456904250139
1079,North Carolina,Alleghany,21128.213451715987
1430,Tennessee,Johnson,31982.748485323656
901,Mississippi,Jasper,126851.74003953913
1277,Oklahoma,Cleveland,17853.306000038338
1163,North Carolina,Transylvania,19092.93618493434
1446,Tennessee,Monroe,144320.92774467505
173,Florida,Glades,13380.689288471485
380,Idaho,Bingham,17032.66782525786
1483,Texas,Aransas,16362.737089660754
198,Florida,Okeechobee,19061.40102737283
1327,Oklahoma,Roger Mills,26902.077285393883
1390,Tennessee,Blount,206799.18632049166
267,Georgia,Elbert,17124.411113561102
1478,Tennessee,Williamson,81118.10820035741
1351,South Carolina,Chester,64803.700960281596
1812,Virginia,Hampton,91494.03789111835
612,Kentucky,Allen,15215.686594328492
1089,North Carolina,Cabarrus,43104.64933012176
1513,Texas,Cass,270648.1460531496
217,Georgia,Appling,128128.47029204929
116,Arkansas,Lafayette,10426.932861068053
1820,Virginia,King George,9587.459892253828
1160,North Carolina,Stokes,6183.186034250269
1229,Ohio,Mercer,54261.96108961176
152,Arkansas,Woodruff,93861.24964790363
146,Arkansas,Sharp,27480.092209518403
814,Michigan,Emmet,11579.958919135035
1126,North Carolina,Johnston,44013.057777300244
1261,Ohio,Williams,48893.07735639564
730,Kentucky,Woodford,363381.3546066713
1687,Texas,Shelby,45604.84441744993
283,Georgia,Habersham,24473.336026248744
185,Florida,Lafayette,8545.718898539286
1379,South Carolina,Richland,15329.593784191535
1522,Texas,Collin,7300.065924568213
507,Illinois,White,37569.55194845394
286,Georgia,Haralson,102100.26229012889
858,Michigan,Oscoda,17279.478218428845
1078,North Carolina,Alexander,35413.579077050264
1624,Texas,Limestone,13363.563306682481
1521,Texas,Coleman,25506.085984032263
490,Illinois,Randolph,192553.01406844804
1563,Texas,Garza,23260.154621828915
184,Florida,Jefferson,7899.368140484008
1815,Virginia,Henry,11381.30886223374
1114,North Carolina,Granville,4383.2379991912185
1717,Texas,Webb,177333.02688934968
907,Mississippi,Lauderdale,31701.40118617138
1558,Texas,Fort Bend,10443.264427161124
1663,Texas,Pecos,6634.214422347267
20,Alabama,Crenshaw,67448.35304829391
398,Idaho,Gooding,541046.9142224914
1590,Texas,Hopkins,34029.97824159311
1703,Texas,Tom Green,237045.67630246835
1316,Oklahoma,Okfuskee,14948.290737951545
1387,Tennessee,Bedford,18255.923820115964
1588,Texas,Hockley,27208.84772866834
352,Georgia,Tift,7048.746389412797
1471,Tennessee,Union,14899.239483097808
510,Illinois,Williamson,6710.665975734408
1235,Ohio,Muskingum,57647.3713618855
249,Georgia,Cobb,6994.342493541869
961,Missouri,Boone,27649.87514421831
639,Kentucky,Cumberland,28354.09673179137
91,Arkansas,Cleburne,155430.61660313216
1653,Texas,Newton,25112.11679909871
1001,Missouri,Johnson,665118.9696465506
942,Mississippi,Union,5630.104769264279
1121,North Carolina,Hertford,36616.75181070739
1054,Missouri,Warren,17512.36605872829
1579,Texas,Harris,10961.144793590294
603,Iowa,Washington,3755.6483310150757
1500,Texas,Brazos,12686.195400984221
333,Georgia,Quitman,28986.121117767103
1698,Texas,Taylor,45730.60772135852
1386,Tennessee,Anderson,12129.095011449626
1040,Missouri,Reynolds,88723.22444953791
591,Iowa,Ringgold,146532.76025469683
18,Alabama,Coosa,27920.39586014734
1861,Virginia,Surry,41587.96513807869
1532,Texas,Crockett,20459.391425365277
1382,South Carolina,Sumter,15514.788961214106
258,Georgia,Dawson,70229.34281409977
581,Iowa,Montgomery,64712.849463274935
241,Georgia,Chatham,12022.606786272467
443,Illinois,Gallatin,18775.116781565917
509,Illinois,Will,53788.56560301636
1191,Ohio,Coshocton,5750.322544514534
1147,North Carolina,Perquimans,8602.874012950884
209,Florida,Sumter,72905.1698742731
1201,Ohio,Fulton,277813.6474155279
881,Mississippi,Choctaw,290029.18917771307
143,Arkansas,Searcy,16681.765778097328
1659,Texas,Palo Pinto,18953.23468032106
456,Illinois,Johnson,1545151.2094184696
1292,Oklahoma,Harmon,43300.32902526757
404,Idaho,Lewis,48010.78679118966
1004,Missouri,Lafayette,44363.207251310196
654,Kentucky,Green,9601.605150832562
1091,North Carolina,Camden,56162.65930462675
1638,Texas,McLennan,43576.577263122286
44,Alabama,Marengo,11502.734352850473
602,Iowa,Warren,4298.708512696391
939,Mississippi,Tippah,49540.594452466205
1595,Texas,Hutchinson,76324.7816782526
1143,North Carolina,Orange,26901.781454633663
479,Illinois,Montgomery,365608.8851810053
812,Michigan,Dickinson,28564.45849832567
1314,Oklahoma,Noble,195498.77980062788
567,Iowa,Kossuth,49567.56013651058
572,Iowa,Lyon,60172.12116281221
13,Alabama,Clay,222427.46974180668
663,Kentucky,Hickman,13038.726874155409
805,Michigan,Charlevoix,51595.56509870508
1732,Utah,Beaver,125076.78779888406
306,Georgia,Long,21630.88908797653
1556,Texas,Floyd,23518.778575372948
608,Iowa,Woodbury,151338.76511031826
1697,Texas,Tarrant,14075.408329279748
926,Mississippi,Pike,11490.368751027547
544,Iowa,Emmet,5970.216822055579
1794,Virginia,Culpeper,110729.47380745743
1173,North Carolina,Wilson,9573.450392008404
1448,Tennessee,Moore,25336.464425480775
1870,Virginia,York,174813.638497077
1773,Virginia,Alleghany,15006.544888771132
841,Michigan,Manistee,236076.08045318065
196,Florida,Monroe,7156.329521997002
26,Alabama,Etowah,89027.59395658957
809,Michigan,Clinton,26847.21603626319
1251,Ohio,Stark,6595.004256317552
36,Alabama,Lamar,38138.35049465747
310,Georgia,Madison,26951.938827067253
1518,Texas,Clay,119257.98354130164
1137,North Carolina,Montgomery,387071.6624956836
1258,Ohio,Warren,54053.269596115795
1166,North Carolina,Vance,19447.482041709565
1592,Texas,Howard,2838527.238226283
908,Mississippi,Lawrence,74114.05920432392
186,Florida,Lake,161363.3089548677
892,Mississippi,Grenada,6272.6042420696795
308,Georgia,Lumpkin,9740.997936448259
1301,Oklahoma,Kiowa,136512.07329656457
1064,Nevada,Elko,694110.4795174596
334,Georgia,Rabun,2257483.1080010324
935,Mississippi,Stone,249390.8861816564
1330,Oklahoma,Sequoyah,11249.730174200919
1131,North Carolina,Macon,10351.004385480597
688,Kentucky,Mason,24912.606127696148
65,Arizona,Apache,37948.73983624386
1837,Virginia,Northumberland,16414.297082996614
885,Mississippi,Coahoma,22151.5102006424
1847,Virginia,Pulaski,670986.3893452185
764,Louisiana,Ouachita,34850.53351107059
1221,Ohio,Logan,29101.00789354222
1437,Tennessee,Loudon,780352.9922153421
354,Georgia,Towns,18288.52562241733
1542,Texas,Dickens,77807.88434764353
1485,Texas,Armstrong,73362.94241539086
897,Mississippi,Humphreys,6550.5178523402565
566,Iowa,Keokuk,18842.329687519734
1537,Texas,Dawson,14941.326583528435
1138,North Carolina,Moore,279875.8137095626
1344,South Carolina,Bamberg,24541.77415039315
830,Michigan,Kalkaska,6492.5891368072525
595,Iowa,Sioux,53903.2203677083
17,Alabama,Conecuh,4526.621294150897
1293,Oklahoma,Harper,10031.428620330444
954,Missouri,Atchison,198957.59585868238
477,Illinois,Mercer,30631.214260295226
963,Missouri,Butler,80248.21175549917
16,Alabama,Colbert,698131.6267584428
347,Georgia,Tattnall,35308.70580638139
409,Idaho,Oneida,28828.260373128433
875,Mississippi,Attala,8481.778131714458
968,Missouri,Carroll,10435.327459048722
1156,North Carolina,Rutherford,8647.773017611655
1384,South Carolina,Williamsburg,18313.795864401684
1291,Oklahoma,Greer,17181.858921440617
1165,North Carolina,Union,17217.58080803975
890,Mississippi,George,38412.863335209884
1373,South Carolina,Marlboro,45894.0058154661
678,Kentucky,Lewis,45835.03744930027
1426,Tennessee,Houston,78683.86594860355
1213,Ohio,Holmes,21079.34392511669
19,Alabama,Covington,418084.3189876113
948,Mississippi,Wilkinson,29792.730623077994
1309,Oklahoma,McClain,1891.0283988057142
1774,Virginia,Amelia,234146.50447468084
1069,Nevada,Lincoln,39441.451532349136
158,Florida,Brevard,35456.53950803909
1237,Ohio,Ottawa,13792.996061895801
493,Illinois,Saline,2823829.356100579
601,Iowa,Wapello,10505.190658861924
1294,Oklahoma,Haskell,256030.0389077573
1181,Ohio,Auglaize,15434.315567924037
1287,Oklahoma,Garfield,26733.19606015253
824,Michigan,Ionia,14706.585468124922
53,Alabama,Pike,57270.86614028619
35,Alabama,Jefferson,9125.625372093979
716,Kentucky,Shelby,273969.42995960783
1193,Ohio,Cuyahoga,121184.91747455971
109,Arkansas,Hot Spring,753684.1381497975
539,Iowa,Decatur,20445.205211311848
1117,North Carolina,Halifax,5770.855395773571
928,Mississippi,Prentiss,38713.767522815884
1807,Virginia,Goochland,12663.479776616505
852,Michigan,Newaygo,441385.36469188804
189,Florida,Levy,6521.347320020637
647,Kentucky,Franklin,33005.911986087165
1328,Oklahoma,Rogers,1193268.5829893253
613,Kentucky,Anderson,57712.987416054035
677,Kentucky,Letcher,11384.841260612413
252,Georgia,Columbia,30338.262564278844
1019,Missouri,Monroe,199489.913858023
1228,Ohio,Meigs,24225.789136109586
580,Iowa,Monroe,19496.141574098234
1307,Oklahoma,Marshall,35012.45435667829
1764,Vermont,Essex,25830.05521201271
52,Alabama,Pickens,3729534.5644691465
120,Arkansas,Little River,75965.69722538872
246,Georgia,Clay,6276.3150147191645
2,Alabama,Barbour,35570.509404192184
599,Iowa,Union,1753276.7502966449
